<?xml version="1.0" encoding="UTF-8"?>
<gpx version="1.1" creator="Strava (via strava-mcp)" xmlns="http://www.topografix.com/GPX/1/1">
 <metadata><name>Otomí</name><time>2019-07-28T13:36:46.000Z</time></metadata>
 <trk>
  <name>Otomí</name>
  <type>Ride</type>
  <trkseg>
   <trkpt lat="19.513998" lon="-99.396217"><ele>2873.3</ele><time>2019-07-28T13:36:46.000Z</time></trkpt>
   <trkpt lat="19.513920" lon="-99.396264"><ele>2873.1</ele><time>2019-07-28T13:37:43.000Z</time></trkpt>
   <trkpt lat="19.514044" lon="-99.396678"><ele>2872.1</ele><time>2019-07-28T13:37:53.000Z</time></trkpt>
   <trkpt lat="19.513648" lon="-99.397778"><ele>2870.8</ele><time>2019-07-28T13:38:10.000Z</time></trkpt>
   <trkpt lat="19.513632" lon="-99.398080"><ele>2870.2</ele><time>2019-07-28T13:38:14.000Z</time></trkpt>
   <trkpt lat="19.514238" lon="-99.399446"><ele>2866.4</ele><time>2019-07-28T13:38:32.000Z</time></trkpt>
   <trkpt lat="19.514728" lon="-99.400149"><ele>2861.4</ele><time>2019-07-28T13:38:41.000Z</time></trkpt>
   <trkpt lat="19.515219" lon="-99.400196"><ele>2859.0</ele><time>2019-07-28T13:38:46.000Z</time></trkpt>
   <trkpt lat="19.515485" lon="-99.400029"><ele>2857.6</ele><time>2019-07-28T13:38:49.000Z</time></trkpt>
   <trkpt lat="19.516620" lon="-99.398089"><ele>2848.3</ele><time>2019-07-28T13:39:10.000Z</time></trkpt>
   <trkpt lat="19.517133" lon="-99.397483"><ele>2846.6</ele><time>2019-07-28T13:39:17.000Z</time></trkpt>
   <trkpt lat="19.517437" lon="-99.397243"><ele>2845.2</ele><time>2019-07-28T13:39:21.000Z</time></trkpt>
   <trkpt lat="19.517694" lon="-99.397194"><ele>2844.5</ele><time>2019-07-28T13:39:24.000Z</time></trkpt>
   <trkpt lat="19.518009" lon="-99.397313"><ele>2843.6</ele><time>2019-07-28T13:39:28.000Z</time></trkpt>
   <trkpt lat="19.519247" lon="-99.398328"><ele>2839.2</ele><time>2019-07-28T13:39:46.000Z</time></trkpt>
   <trkpt lat="19.519422" lon="-99.398731"><ele>2838.1</ele><time>2019-07-28T13:39:51.000Z</time></trkpt>
   <trkpt lat="19.519438" lon="-99.399211"><ele>2836.3</ele><time>2019-07-28T13:39:56.000Z</time></trkpt>
   <trkpt lat="19.518374" lon="-99.401638"><ele>2832.0</ele><time>2019-07-28T13:40:25.000Z</time></trkpt>
   <trkpt lat="19.518320" lon="-99.402032"><ele>2829.8</ele><time>2019-07-28T13:40:29.000Z</time></trkpt>
   <trkpt lat="19.519076" lon="-99.403368"><ele>2817.2</ele><time>2019-07-28T13:40:43.000Z</time></trkpt>
   <trkpt lat="19.519767" lon="-99.404292"><ele>2813.4</ele><time>2019-07-28T13:40:53.000Z</time></trkpt>
   <trkpt lat="19.519988" lon="-99.404404"><ele>2814.9</ele><time>2019-07-28T13:40:56.000Z</time></trkpt>
   <trkpt lat="19.520258" lon="-99.404342"><ele>2816.5</ele><time>2019-07-28T13:41:00.000Z</time></trkpt>
   <trkpt lat="19.521880" lon="-99.403009"><ele>2827.8</ele><time>2019-07-28T13:41:47.000Z</time></trkpt>
   <trkpt lat="19.523005" lon="-99.402538"><ele>2835.2</ele><time>2019-07-28T13:42:21.000Z</time></trkpt>
   <trkpt lat="19.523330" lon="-99.402632"><ele>2837.4</ele><time>2019-07-28T13:42:31.000Z</time></trkpt>
   <trkpt lat="19.523516" lon="-99.402847"><ele>2839.0</ele><time>2019-07-28T13:42:39.000Z</time></trkpt>
   <trkpt lat="19.523912" lon="-99.404151"><ele>2845.7</ele><time>2019-07-28T13:43:16.000Z</time></trkpt>
   <trkpt lat="19.523836" lon="-99.404871"><ele>2848.7</ele><time>2019-07-28T13:43:35.000Z</time></trkpt>
   <trkpt lat="19.522578" lon="-99.406859"><ele>2861.9</ele><time>2019-07-28T13:44:41.000Z</time></trkpt>
   <trkpt lat="19.522413" lon="-99.407589"><ele>2868.8</ele><time>2019-07-28T13:45:08.000Z</time></trkpt>
   <trkpt lat="19.522222" lon="-99.407903"><ele>2871.4</ele><time>2019-07-28T13:45:21.000Z</time></trkpt>
   <trkpt lat="19.521724" lon="-99.408416"><ele>2876.1</ele><time>2019-07-28T13:45:44.000Z</time></trkpt>
   <trkpt lat="19.520579" lon="-99.408971"><ele>2885.6</ele><time>2019-07-28T13:46:28.000Z</time></trkpt>
   <trkpt lat="19.519509" lon="-99.409687"><ele>2896.7</ele><time>2019-07-28T13:47:16.000Z</time></trkpt>
   <trkpt lat="19.518776" lon="-99.410710"><ele>2907.4</ele><time>2019-07-28T13:48:01.000Z</time></trkpt>
   <trkpt lat="19.518625" lon="-99.412056"><ele>2915.4</ele><time>2019-07-28T13:48:43.000Z</time></trkpt>
   <trkpt lat="19.518929" lon="-99.413808"><ele>2926.9</ele><time>2019-07-28T13:49:38.000Z</time></trkpt>
   <trkpt lat="19.519045" lon="-99.415219"><ele>2939.6</ele><time>2019-07-28T13:50:27.000Z</time></trkpt>
   <trkpt lat="19.519316" lon="-99.415805"><ele>2944.3</ele><time>2019-07-28T13:50:48.000Z</time></trkpt>
   <trkpt lat="19.519713" lon="-99.416280"><ele>2948.2</ele><time>2019-07-28T13:51:07.000Z</time></trkpt>
   <trkpt lat="19.519777" lon="-99.416473"><ele>2949.6</ele><time>2019-07-28T13:51:14.000Z</time></trkpt>
   <trkpt lat="19.519593" lon="-99.416758"><ele>2952.0</ele><time>2019-07-28T13:51:26.000Z</time></trkpt>
   <trkpt lat="19.518188" lon="-99.417899"><ele>2963.2</ele><time>2019-07-28T13:52:23.000Z</time></trkpt>
   <trkpt lat="19.517871" lon="-99.418270"><ele>2967.2</ele><time>2019-07-28T13:52:39.000Z</time></trkpt>
   <trkpt lat="19.517767" lon="-99.418451"><ele>2968.7</ele><time>2019-07-28T13:52:46.000Z</time></trkpt>
   <trkpt lat="19.517588" lon="-99.419395"><ele>2976.3</ele><time>2019-07-28T13:53:17.000Z</time></trkpt>
   <trkpt lat="19.517588" lon="-99.419740"><ele>2979.2</ele><time>2019-07-28T13:53:28.000Z</time></trkpt>
   <trkpt lat="19.518168" lon="-99.420307"><ele>2985.4</ele><time>2019-07-28T13:53:55.000Z</time></trkpt>
   <trkpt lat="19.519416" lon="-99.421157"><ele>2994.1</ele><time>2019-07-28T13:54:40.000Z</time></trkpt>
   <trkpt lat="19.520247" lon="-99.421916"><ele>3003.0</ele><time>2019-07-28T13:55:18.000Z</time></trkpt>
   <trkpt lat="19.520689" lon="-99.422142"><ele>3005.7</ele><time>2019-07-28T13:55:31.000Z</time></trkpt>
   <trkpt lat="19.520951" lon="-99.422438"><ele>3008.1</ele><time>2019-07-28T13:55:41.000Z</time></trkpt>
   <trkpt lat="19.521005" lon="-99.422722"><ele>3010.6</ele><time>2019-07-28T13:55:50.000Z</time></trkpt>
   <trkpt lat="19.520915" lon="-99.423550"><ele>3017.0</ele><time>2019-07-28T13:56:13.000Z</time></trkpt>
   <trkpt lat="19.521441" lon="-99.426068"><ele>3031.8</ele><time>2019-07-28T13:57:28.000Z</time></trkpt>
   <trkpt lat="19.521421" lon="-99.426602"><ele>3032.8</ele><time>2019-07-28T13:57:41.000Z</time></trkpt>
   <trkpt lat="19.521211" lon="-99.427405"><ele>3034.6</ele><time>2019-07-28T13:57:55.000Z</time></trkpt>
   <trkpt lat="19.521001" lon="-99.428770"><ele>3040.7</ele><time>2019-07-28T13:58:25.000Z</time></trkpt>
   <trkpt lat="19.521092" lon="-99.429006"><ele>3041.5</ele><time>2019-07-28T13:58:31.000Z</time></trkpt>
   <trkpt lat="19.521157" lon="-99.429075"><ele>3041.6</ele><time>2019-07-28T13:58:33.000Z</time></trkpt>
   <trkpt lat="19.521366" lon="-99.429075"><ele>3041.6</ele><time>2019-07-28T13:58:37.000Z</time></trkpt>
   <trkpt lat="19.521739" lon="-99.428808"><ele>3041.4</ele><time>2019-07-28T13:58:44.000Z</time></trkpt>
   <trkpt lat="19.523453" lon="-99.426799"><ele>3048.5</ele><time>2019-07-28T13:59:32.000Z</time></trkpt>
   <trkpt lat="19.524944" lon="-99.425249"><ele>3060.9</ele><time>2019-07-28T14:00:24.000Z</time></trkpt>
   <trkpt lat="19.525185" lon="-99.425127"><ele>3062.1</ele><time>2019-07-28T14:00:32.000Z</time></trkpt>
   <trkpt lat="19.525473" lon="-99.425238"><ele>3063.4</ele><time>2019-07-28T14:00:41.000Z</time></trkpt>
   <trkpt lat="19.525610" lon="-99.425464"><ele>3064.9</ele><time>2019-07-28T14:00:48.000Z</time></trkpt>
   <trkpt lat="19.525623" lon="-99.427449"><ele>3077.2</ele><time>2019-07-28T14:01:44.000Z</time></trkpt>
   <trkpt lat="19.525962" lon="-99.428726"><ele>3084.6</ele><time>2019-07-28T14:02:41.000Z</time></trkpt>
   <trkpt lat="19.525633" lon="-99.427134"><ele>3075.5</ele><time>2019-07-28T14:03:05.000Z</time></trkpt>
   <trkpt lat="19.525568" lon="-99.425497"><ele>3065.6</ele><time>2019-07-28T14:03:30.000Z</time></trkpt>
   <trkpt lat="19.525378" lon="-99.425242"><ele>3063.6</ele><time>2019-07-28T14:03:34.000Z</time></trkpt>
   <trkpt lat="19.525032" lon="-99.425145"><ele>3062.1</ele><time>2019-07-28T14:03:38.000Z</time></trkpt>
   <trkpt lat="19.523928" lon="-99.426221"><ele>3053.9</ele><time>2019-07-28T14:03:53.000Z</time></trkpt>
   <trkpt lat="19.523039" lon="-99.427356"><ele>3045.6</ele><time>2019-07-28T14:04:04.000Z</time></trkpt>
   <trkpt lat="19.521940" lon="-99.428565"><ele>3041.3</ele><time>2019-07-28T14:04:22.000Z</time></trkpt>
   <trkpt lat="19.522766" lon="-99.427543"><ele>3043.9</ele><time>2019-07-28T14:04:55.000Z</time></trkpt>
   <trkpt lat="19.524947" lon="-99.425253"><ele>3060.8</ele><time>2019-07-28T14:06:12.000Z</time></trkpt>
   <trkpt lat="19.525231" lon="-99.425119"><ele>3062.1</ele><time>2019-07-28T14:06:20.000Z</time></trkpt>
   <trkpt lat="19.525494" lon="-99.425164"><ele>3063.3</ele><time>2019-07-28T14:06:27.000Z</time></trkpt>
   <trkpt lat="19.525679" lon="-99.425416"><ele>3065.1</ele><time>2019-07-28T14:06:35.000Z</time></trkpt>
   <trkpt lat="19.525616" lon="-99.425878"><ele>3068.2</ele><time>2019-07-28T14:06:46.000Z</time></trkpt>
   <trkpt lat="19.525654" lon="-99.427187"><ele>3075.8</ele><time>2019-07-28T14:07:19.000Z</time></trkpt>
   <trkpt lat="19.526098" lon="-99.429355"><ele>3089.2</ele><time>2019-07-28T14:08:15.000Z</time></trkpt>
   <trkpt lat="19.526046" lon="-99.429598"><ele>3091.0</ele><time>2019-07-28T14:08:22.000Z</time></trkpt>
   <trkpt lat="19.525742" lon="-99.429915"><ele>3094.2</ele><time>2019-07-28T14:08:33.000Z</time></trkpt>
   <trkpt lat="19.525671" lon="-99.430136"><ele>3094.8</ele><time>2019-07-28T14:08:39.000Z</time></trkpt>
   <trkpt lat="19.526094" lon="-99.430744"><ele>3097.7</ele><time>2019-07-28T14:08:59.000Z</time></trkpt>
   <trkpt lat="19.526178" lon="-99.431516"><ele>3102.1</ele><time>2019-07-28T14:09:21.000Z</time></trkpt>
   <trkpt lat="19.526329" lon="-99.432059"><ele>3105.7</ele><time>2019-07-28T14:09:37.000Z</time></trkpt>
   <trkpt lat="19.526681" lon="-99.432566"><ele>3108.9</ele><time>2019-07-28T14:09:55.000Z</time></trkpt>
   <trkpt lat="19.526740" lon="-99.432769"><ele>3110.2</ele><time>2019-07-28T14:10:01.000Z</time></trkpt>
   <trkpt lat="19.526246" lon="-99.433738"><ele>3116.1</ele><time>2019-07-28T14:10:32.000Z</time></trkpt>
   <trkpt lat="19.525943" lon="-99.435444"><ele>3121.0</ele><time>2019-07-28T14:11:10.000Z</time></trkpt>
   <trkpt lat="19.526037" lon="-99.435881"><ele>3120.8</ele><time>2019-07-28T14:11:17.000Z</time></trkpt>
   <trkpt lat="19.526203" lon="-99.435984"><ele>3120.9</ele><time>2019-07-28T14:11:20.000Z</time></trkpt>
   <trkpt lat="19.526441" lon="-99.435945"><ele>3121.2</ele><time>2019-07-28T14:11:24.000Z</time></trkpt>
   <trkpt lat="19.526961" lon="-99.435711"><ele>3122.6</ele><time>2019-07-28T14:11:35.000Z</time></trkpt>
   <trkpt lat="19.528091" lon="-99.434985"><ele>3128.9</ele><time>2019-07-28T14:12:05.000Z</time></trkpt>
   <trkpt lat="19.528754" lon="-99.434838"><ele>3130.9</ele><time>2019-07-28T14:12:21.000Z</time></trkpt>
   <trkpt lat="19.528974" lon="-99.434635"><ele>3132.2</ele><time>2019-07-28T14:12:28.000Z</time></trkpt>
   <trkpt lat="19.529376" lon="-99.433953"><ele>3135.7</ele><time>2019-07-28T14:12:48.000Z</time></trkpt>
   <trkpt lat="19.529926" lon="-99.433416"><ele>3139.0</ele><time>2019-07-28T14:13:05.000Z</time></trkpt>
   <trkpt lat="19.530264" lon="-99.433157"><ele>3140.8</ele><time>2019-07-28T14:13:15.000Z</time></trkpt>
   <trkpt lat="19.531162" lon="-99.432942"><ele>3145.2</ele><time>2019-07-28T14:13:37.000Z</time></trkpt>
   <trkpt lat="19.531668" lon="-99.432287"><ele>3148.4</ele><time>2019-07-28T14:13:58.000Z</time></trkpt>
   <trkpt lat="19.531944" lon="-99.432137"><ele>3149.4</ele><time>2019-07-28T14:14:05.000Z</time></trkpt>
   <trkpt lat="19.532163" lon="-99.432219"><ele>3150.1</ele><time>2019-07-28T14:14:11.000Z</time></trkpt>
   <trkpt lat="19.532400" lon="-99.432539"><ele>3151.3</ele><time>2019-07-28T14:14:20.000Z</time></trkpt>
   <trkpt lat="19.532420" lon="-99.433233"><ele>3155.5</ele><time>2019-07-28T14:14:36.000Z</time></trkpt>
   <trkpt lat="19.532856" lon="-99.434224"><ele>3160.4</ele><time>2019-07-28T14:15:02.000Z</time></trkpt>
   <trkpt lat="19.532781" lon="-99.434751"><ele>3162.2</ele><time>2019-07-28T14:15:14.000Z</time></trkpt>
   <trkpt lat="19.531986" lon="-99.435606"><ele>3167.1</ele><time>2019-07-28T14:15:41.000Z</time></trkpt>
   <trkpt lat="19.531955" lon="-99.436594"><ele>3171.5</ele><time>2019-07-28T14:16:05.000Z</time></trkpt>
   <trkpt lat="19.531277" lon="-99.437815"><ele>3178.5</ele><time>2019-07-28T14:16:40.000Z</time></trkpt>
   <trkpt lat="19.530988" lon="-99.438090"><ele>3179.9</ele><time>2019-07-28T14:16:50.000Z</time></trkpt>
   <trkpt lat="19.530170" lon="-99.438552"><ele>3185.2</ele><time>2019-07-28T14:17:15.000Z</time></trkpt>
   <trkpt lat="19.530039" lon="-99.438707"><ele>3186.1</ele><time>2019-07-28T14:17:20.000Z</time></trkpt>
   <trkpt lat="19.530015" lon="-99.438957"><ele>3186.9</ele><time>2019-07-28T14:17:26.000Z</time></trkpt>
   <trkpt lat="19.530235" lon="-99.439532"><ele>3187.6</ele><time>2019-07-28T14:17:40.000Z</time></trkpt>
   <trkpt lat="19.530112" lon="-99.439807"><ele>3188.1</ele><time>2019-07-28T14:17:47.000Z</time></trkpt>
   <trkpt lat="19.529120" lon="-99.440267"><ele>3194.5</ele><time>2019-07-28T14:18:13.000Z</time></trkpt>
   <trkpt lat="19.528864" lon="-99.440862"><ele>3197.2</ele><time>2019-07-28T14:18:29.000Z</time></trkpt>
   <trkpt lat="19.528662" lon="-99.441036"><ele>3198.2</ele><time>2019-07-28T14:18:35.000Z</time></trkpt>
   <trkpt lat="19.528366" lon="-99.441010"><ele>3199.2</ele><time>2019-07-28T14:18:42.000Z</time></trkpt>
   <trkpt lat="19.527649" lon="-99.440483"><ele>3203.6</ele><time>2019-07-28T14:19:04.000Z</time></trkpt>
   <trkpt lat="19.527071" lon="-99.440427"><ele>3206.7</ele><time>2019-07-28T14:19:20.000Z</time></trkpt>
   <trkpt lat="19.526755" lon="-99.440482"><ele>3208.1</ele><time>2019-07-28T14:19:29.000Z</time></trkpt>
   <trkpt lat="19.526179" lon="-99.440732"><ele>3209.8</ele><time>2019-07-28T14:19:48.000Z</time></trkpt>
   <trkpt lat="19.525513" lon="-99.441340"><ele>3215.1</ele><time>2019-07-28T14:20:10.000Z</time></trkpt>
   <trkpt lat="19.525043" lon="-99.442383"><ele>3219.8</ele><time>2019-07-28T14:20:36.000Z</time></trkpt>
   <trkpt lat="19.524975" lon="-99.442814"><ele>3221.6</ele><time>2019-07-28T14:20:46.000Z</time></trkpt>
   <trkpt lat="19.525096" lon="-99.443141"><ele>3223.1</ele><time>2019-07-28T14:20:54.000Z</time></trkpt>
   <trkpt lat="19.525677" lon="-99.443612"><ele>3226.8</ele><time>2019-07-28T14:21:12.000Z</time></trkpt>
   <trkpt lat="19.525792" lon="-99.443863"><ele>3227.3</ele><time>2019-07-28T14:21:18.000Z</time></trkpt>
   <trkpt lat="19.525795" lon="-99.444086"><ele>3227.8</ele><time>2019-07-28T14:21:23.000Z</time></trkpt>
   <trkpt lat="19.524918" lon="-99.445321"><ele>3235.4</ele><time>2019-07-28T14:21:57.000Z</time></trkpt>
   <trkpt lat="19.524874" lon="-99.445526"><ele>3236.4</ele><time>2019-07-28T14:22:01.000Z</time></trkpt>
   <trkpt lat="19.524964" lon="-99.445742"><ele>3236.9</ele><time>2019-07-28T14:22:06.000Z</time></trkpt>
   <trkpt lat="19.525127" lon="-99.445869"><ele>3237.5</ele><time>2019-07-28T14:22:11.000Z</time></trkpt>
   <trkpt lat="19.525937" lon="-99.445955"><ele>3240.7</ele><time>2019-07-28T14:22:31.000Z</time></trkpt>
   <trkpt lat="19.526225" lon="-99.446136"><ele>3241.9</ele><time>2019-07-28T14:22:40.000Z</time></trkpt>
   <trkpt lat="19.526307" lon="-99.446373"><ele>3242.6</ele><time>2019-07-28T14:22:46.000Z</time></trkpt>
   <trkpt lat="19.526393" lon="-99.447452"><ele>3248.0</ele><time>2019-07-28T14:23:11.000Z</time></trkpt>
   <trkpt lat="19.526334" lon="-99.447867"><ele>3250.0</ele><time>2019-07-28T14:23:21.000Z</time></trkpt>
   <trkpt lat="19.526219" lon="-99.448042"><ele>3250.8</ele><time>2019-07-28T14:23:26.000Z</time></trkpt>
   <trkpt lat="19.525951" lon="-99.448209"><ele>3252.3</ele><time>2019-07-28T14:23:34.000Z</time></trkpt>
   <trkpt lat="19.525414" lon="-99.448295"><ele>3255.6</ele><time>2019-07-28T14:23:48.000Z</time></trkpt>
   <trkpt lat="19.524710" lon="-99.448630"><ele>3258.3</ele><time>2019-07-28T14:24:09.000Z</time></trkpt>
   <trkpt lat="19.523892" lon="-99.449304"><ele>3264.7</ele><time>2019-07-28T14:24:37.000Z</time></trkpt>
   <trkpt lat="19.523730" lon="-99.449802"><ele>3266.5</ele><time>2019-07-28T14:24:50.000Z</time></trkpt>
   <trkpt lat="19.523176" lon="-99.450533"><ele>3271.0</ele><time>2019-07-28T14:25:13.000Z</time></trkpt>
   <trkpt lat="19.521906" lon="-99.450790"><ele>3277.6</ele><time>2019-07-28T14:25:45.000Z</time></trkpt>
   <trkpt lat="19.521730" lon="-99.450984"><ele>3278.4</ele><time>2019-07-28T14:25:51.000Z</time></trkpt>
   <trkpt lat="19.521713" lon="-99.451220"><ele>3278.8</ele><time>2019-07-28T14:25:56.000Z</time></trkpt>
   <trkpt lat="19.521834" lon="-99.451374"><ele>3278.6</ele><time>2019-07-28T14:26:00.000Z</time></trkpt>
   <trkpt lat="19.522861" lon="-99.451731"><ele>3280.6</ele><time>2019-07-28T14:26:22.000Z</time></trkpt>
   <trkpt lat="19.523924" lon="-99.451904"><ele>3286.1</ele><time>2019-07-28T14:26:46.000Z</time></trkpt>
   <trkpt lat="19.524648" lon="-99.451907"><ele>3290.0</ele><time>2019-07-28T14:27:04.000Z</time></trkpt>
   <trkpt lat="19.524947" lon="-99.452058"><ele>3291.4</ele><time>2019-07-28T14:27:13.000Z</time></trkpt>
   <trkpt lat="19.525067" lon="-99.452267"><ele>3292.1</ele><time>2019-07-28T14:27:19.000Z</time></trkpt>
   <trkpt lat="19.525073" lon="-99.452512"><ele>3293.0</ele><time>2019-07-28T14:27:25.000Z</time></trkpt>
   <trkpt lat="19.524520" lon="-99.453207"><ele>3297.9</ele><time>2019-07-28T14:27:48.000Z</time></trkpt>
   <trkpt lat="19.524485" lon="-99.453397"><ele>3298.9</ele><time>2019-07-28T14:27:53.000Z</time></trkpt>
   <trkpt lat="19.524697" lon="-99.453986"><ele>3300.4</ele><time>2019-07-28T14:28:10.000Z</time></trkpt>
   <trkpt lat="19.525093" lon="-99.454406"><ele>3303.0</ele><time>2019-07-28T14:28:25.000Z</time></trkpt>
   <trkpt lat="19.525450" lon="-99.454476"><ele>3304.7</ele><time>2019-07-28T14:28:34.000Z</time></trkpt>
   <trkpt lat="19.525906" lon="-99.454426"><ele>3306.2</ele><time>2019-07-28T14:28:45.000Z</time></trkpt>
   <trkpt lat="19.526982" lon="-99.453877"><ele>3309.0</ele><time>2019-07-28T14:29:07.000Z</time></trkpt>
   <trkpt lat="19.527563" lon="-99.453704"><ele>3310.1</ele><time>2019-07-28T14:29:18.000Z</time></trkpt>
   <trkpt lat="19.528128" lon="-99.453797"><ele>3310.7</ele><time>2019-07-28T14:29:28.000Z</time></trkpt>
   <trkpt lat="19.528753" lon="-99.454203"><ele>3312.3</ele><time>2019-07-28T14:29:41.000Z</time></trkpt>
   <trkpt lat="19.529134" lon="-99.454838"><ele>3314.2</ele><time>2019-07-28T14:29:53.000Z</time></trkpt>
   <trkpt lat="19.529188" lon="-99.455415"><ele>3314.9</ele><time>2019-07-28T14:30:02.000Z</time></trkpt>
   <trkpt lat="19.529081" lon="-99.455910"><ele>3316.0</ele><time>2019-07-28T14:30:10.000Z</time></trkpt>
   <trkpt lat="19.528539" lon="-99.457220"><ele>3317.7</ele><time>2019-07-28T14:30:32.000Z</time></trkpt>
   <trkpt lat="19.528495" lon="-99.457504"><ele>3316.7</ele><time>2019-07-28T14:30:36.000Z</time></trkpt>
   <trkpt lat="19.528660" lon="-99.457859"><ele>3314.9</ele><time>2019-07-28T14:30:41.000Z</time></trkpt>
   <trkpt lat="19.528958" lon="-99.458042"><ele>3314.0</ele><time>2019-07-28T14:30:45.000Z</time></trkpt>
   <trkpt lat="19.529400" lon="-99.458092"><ele>3312.4</ele><time>2019-07-28T14:30:50.000Z</time></trkpt>
   <trkpt lat="19.529730" lon="-99.457837"><ele>3310.5</ele><time>2019-07-28T14:30:54.000Z</time></trkpt>
   <trkpt lat="19.532409" lon="-99.454867"><ele>3289.8</ele><time>2019-07-28T14:31:26.000Z</time></trkpt>
   <trkpt lat="19.533040" lon="-99.454454"><ele>3284.2</ele><time>2019-07-28T14:31:32.000Z</time></trkpt>
   <trkpt lat="19.533907" lon="-99.454410"><ele>3282.6</ele><time>2019-07-28T14:31:39.000Z</time></trkpt>
   <trkpt lat="19.534335" lon="-99.454469"><ele>3286.9</ele><time>2019-07-28T14:31:43.000Z</time></trkpt>
   <trkpt lat="19.534711" lon="-99.454788"><ele>3286.7</ele><time>2019-07-28T14:31:48.000Z</time></trkpt>
   <trkpt lat="19.534853" lon="-99.455230"><ele>3287.5</ele><time>2019-07-28T14:31:53.000Z</time></trkpt>
   <trkpt lat="19.534839" lon="-99.455586"><ele>3288.3</ele><time>2019-07-28T14:31:58.000Z</time></trkpt>
   <trkpt lat="19.534517" lon="-99.456576"><ele>3288.6</ele><time>2019-07-28T14:32:11.000Z</time></trkpt>
   <trkpt lat="19.534135" lon="-99.456932"><ele>3288.8</ele><time>2019-07-28T14:32:17.000Z</time></trkpt>
   <trkpt lat="19.533607" lon="-99.457200"><ele>3290.7</ele><time>2019-07-28T14:32:25.000Z</time></trkpt>
   <trkpt lat="19.533493" lon="-99.457384"><ele>3291.3</ele><time>2019-07-28T14:32:28.000Z</time></trkpt>
   <trkpt lat="19.533370" lon="-99.458181"><ele>3294.5</ele><time>2019-07-28T14:32:45.000Z</time></trkpt>
   <trkpt lat="19.533201" lon="-99.458456"><ele>3295.0</ele><time>2019-07-28T14:32:50.000Z</time></trkpt>
   <trkpt lat="19.533011" lon="-99.459080"><ele>3296.3</ele><time>2019-07-28T14:33:00.000Z</time></trkpt>
   <trkpt lat="19.533052" lon="-99.459800"><ele>3297.8</ele><time>2019-07-28T14:33:11.000Z</time></trkpt>
   <trkpt lat="19.532891" lon="-99.459968"><ele>3298.2</ele><time>2019-07-28T14:33:15.000Z</time></trkpt>
   <trkpt lat="19.532461" lon="-99.460187"><ele>3299.5</ele><time>2019-07-28T14:33:24.000Z</time></trkpt>
   <trkpt lat="19.531247" lon="-99.461512"><ele>3302.9</ele><time>2019-07-28T14:33:55.000Z</time></trkpt>
   <trkpt lat="19.530371" lon="-99.462005"><ele>3304.3</ele><time>2019-07-28T14:34:12.000Z</time></trkpt>
   <trkpt lat="19.529800" lon="-99.462639"><ele>3305.8</ele><time>2019-07-28T14:34:27.000Z</time></trkpt>
   <trkpt lat="19.529680" lon="-99.462918"><ele>3307.0</ele><time>2019-07-28T14:34:33.000Z</time></trkpt>
   <trkpt lat="19.529764" lon="-99.463359"><ele>3309.4</ele><time>2019-07-28T14:34:42.000Z</time></trkpt>
   <trkpt lat="19.529717" lon="-99.463794"><ele>3310.5</ele><time>2019-07-28T14:34:51.000Z</time></trkpt>
   <trkpt lat="19.529440" lon="-99.464733"><ele>3314.2</ele><time>2019-07-28T14:35:11.000Z</time></trkpt>
   <trkpt lat="19.529264" lon="-99.464988"><ele>3313.5</ele><time>2019-07-28T14:35:18.000Z</time></trkpt>
   <trkpt lat="19.527448" lon="-99.465970"><ele>3320.9</ele><time>2019-07-28T14:36:02.000Z</time></trkpt>
   <trkpt lat="19.526982" lon="-99.466133"><ele>3322.0</ele><time>2019-07-28T14:36:13.000Z</time></trkpt>
   <trkpt lat="19.525738" lon="-99.465618"><ele>3325.3</ele><time>2019-07-28T14:36:40.000Z</time></trkpt>
   <trkpt lat="19.525480" lon="-99.465622"><ele>3325.4</ele><time>2019-07-28T14:36:45.000Z</time></trkpt>
   <trkpt lat="19.525305" lon="-99.465794"><ele>3325.6</ele><time>2019-07-28T14:36:50.000Z</time></trkpt>
   <trkpt lat="19.525004" lon="-99.466546"><ele>3329.8</ele><time>2019-07-28T14:37:06.000Z</time></trkpt>
   <trkpt lat="19.524733" lon="-99.466795"><ele>3330.6</ele><time>2019-07-28T14:37:14.000Z</time></trkpt>
   <trkpt lat="19.524263" lon="-99.467039"><ele>3331.5</ele><time>2019-07-28T14:37:25.000Z</time></trkpt>
   <trkpt lat="19.523736" lon="-99.467020"><ele>3332.3</ele><time>2019-07-28T14:37:36.000Z</time></trkpt>
   <trkpt lat="19.523556" lon="-99.467109"><ele>3333.0</ele><time>2019-07-28T14:37:40.000Z</time></trkpt>
   <trkpt lat="19.523356" lon="-99.467825"><ele>3336.7</ele><time>2019-07-28T14:37:56.000Z</time></trkpt>
   <trkpt lat="19.523174" lon="-99.468018"><ele>3337.1</ele><time>2019-07-28T14:38:01.000Z</time></trkpt>
   <trkpt lat="19.522923" lon="-99.468101"><ele>3337.1</ele><time>2019-07-28T14:38:07.000Z</time></trkpt>
   <trkpt lat="19.522281" lon="-99.467919"><ele>3338.8</ele><time>2019-07-28T14:38:21.000Z</time></trkpt>
   <trkpt lat="19.522011" lon="-99.468003"><ele>3339.9</ele><time>2019-07-28T14:38:27.000Z</time></trkpt>
   <trkpt lat="19.521791" lon="-99.468357"><ele>3348.7</ele><time>2019-07-28T14:38:36.000Z</time></trkpt>
   <trkpt lat="19.521498" lon="-99.469531"><ele>3351.6</ele><time>2019-07-28T14:39:02.000Z</time></trkpt>
   <trkpt lat="19.520951" lon="-99.470033"><ele>3353.3</ele><time>2019-07-28T14:39:17.000Z</time></trkpt>
   <trkpt lat="19.520676" lon="-99.470753"><ele>3355.5</ele><time>2019-07-28T14:39:33.000Z</time></trkpt>
   <trkpt lat="19.520282" lon="-99.471451"><ele>3357.5</ele><time>2019-07-28T14:39:50.000Z</time></trkpt>
   <trkpt lat="19.520186" lon="-99.471881"><ele>3358.4</ele><time>2019-07-28T14:39:59.000Z</time></trkpt>
   <trkpt lat="19.520384" lon="-99.472117"><ele>3359.1</ele><time>2019-07-28T14:40:05.000Z</time></trkpt>
   <trkpt lat="19.521198" lon="-99.472074"><ele>3361.1</ele><time>2019-07-28T14:40:22.000Z</time></trkpt>
   <trkpt lat="19.521368" lon="-99.472209"><ele>3362.0</ele><time>2019-07-28T14:40:27.000Z</time></trkpt>
   <trkpt lat="19.521582" lon="-99.472577"><ele>3363.9</ele><time>2019-07-28T14:40:36.000Z</time></trkpt>
   <trkpt lat="19.521863" lon="-99.472696"><ele>3365.3</ele><time>2019-07-28T14:40:43.000Z</time></trkpt>
   <trkpt lat="19.522393" lon="-99.472770"><ele>3368.0</ele><time>2019-07-28T14:40:56.000Z</time></trkpt>
   <trkpt lat="19.522933" lon="-99.473169"><ele>3371.3</ele><time>2019-07-28T14:41:12.000Z</time></trkpt>
   <trkpt lat="19.523356" lon="-99.473653"><ele>3374.2</ele><time>2019-07-28T14:41:27.000Z</time></trkpt>
   <trkpt lat="19.523733" lon="-99.474630"><ele>3377.2</ele><time>2019-07-28T14:41:50.000Z</time></trkpt>
   <trkpt lat="19.524253" lon="-99.475299"><ele>3381.3</ele><time>2019-07-28T14:42:11.000Z</time></trkpt>
   <trkpt lat="19.524535" lon="-99.475839"><ele>3383.6</ele><time>2019-07-28T14:42:28.000Z</time></trkpt>
   <trkpt lat="19.524567" lon="-99.476430"><ele>3386.2</ele><time>2019-07-28T14:42:45.000Z</time></trkpt>
   <trkpt lat="19.524239" lon="-99.478548"><ele>3394.0</ele><time>2019-07-28T14:43:36.000Z</time></trkpt>
   <trkpt lat="19.524661" lon="-99.481649"><ele>3408.0</ele><time>2019-07-28T14:44:53.000Z</time></trkpt>
   <trkpt lat="19.524876" lon="-99.482499"><ele>3411.8</ele><time>2019-07-28T14:45:16.000Z</time></trkpt>
   <trkpt lat="19.525115" lon="-99.482853"><ele>3414.2</ele><time>2019-07-28T14:45:27.000Z</time></trkpt>
   <trkpt lat="19.525749" lon="-99.483434"><ele>3418.3</ele><time>2019-07-28T14:45:50.000Z</time></trkpt>
   <trkpt lat="19.526308" lon="-99.484569"><ele>3424.1</ele><time>2019-07-28T14:46:22.000Z</time></trkpt>
   <trkpt lat="19.526661" lon="-99.485100"><ele>3428.1</ele><time>2019-07-28T14:46:39.000Z</time></trkpt>
   <trkpt lat="19.527640" lon="-99.486077"><ele>3436.6</ele><time>2019-07-28T14:47:20.000Z</time></trkpt>
   <trkpt lat="19.528376" lon="-99.486612"><ele>3442.7</ele><time>2019-07-28T14:47:49.000Z</time></trkpt>
   <trkpt lat="19.528630" lon="-99.486997"><ele>3445.5</ele><time>2019-07-28T14:48:05.000Z</time></trkpt>
   <trkpt lat="19.528634" lon="-99.487499"><ele>3448.2</ele><time>2019-07-28T14:48:20.000Z</time></trkpt>
   <trkpt lat="19.528537" lon="-99.487841"><ele>3450.0</ele><time>2019-07-28T14:48:30.000Z</time></trkpt>
   <trkpt lat="19.527763" lon="-99.488800"><ele>3455.5</ele><time>2019-07-28T14:49:05.000Z</time></trkpt>
   <trkpt lat="19.527405" lon="-99.489410"><ele>3458.2</ele><time>2019-07-28T14:49:24.000Z</time></trkpt>
   <trkpt lat="19.527736" lon="-99.490143"><ele>3462.4</ele><time>2019-07-28T14:49:46.000Z</time></trkpt>
   <trkpt lat="19.527567" lon="-99.491398"><ele>3467.8</ele><time>2019-07-28T14:50:18.000Z</time></trkpt>
   <trkpt lat="19.527619" lon="-99.491817"><ele>3469.3</ele><time>2019-07-28T14:50:29.000Z</time></trkpt>
   <trkpt lat="19.528594" lon="-99.493271"><ele>3477.5</ele><time>2019-07-28T14:51:17.000Z</time></trkpt>
   <trkpt lat="19.529196" lon="-99.493909"><ele>3478.4</ele><time>2019-07-28T14:51:34.000Z</time></trkpt>
   <trkpt lat="19.530488" lon="-99.494912"><ele>3475.6</ele><time>2019-07-28T14:51:57.000Z</time></trkpt>
   <trkpt lat="19.531005" lon="-99.495249"><ele>3475.0</ele><time>2019-07-28T14:52:05.000Z</time></trkpt>
   <trkpt lat="19.531374" lon="-99.495376"><ele>3474.3</ele><time>2019-07-28T14:52:10.000Z</time></trkpt>
   <trkpt lat="19.531787" lon="-99.495416"><ele>3473.3</ele><time>2019-07-28T14:52:15.000Z</time></trkpt>
   <trkpt lat="19.532284" lon="-99.495336"><ele>3472.1</ele><time>2019-07-28T14:52:21.000Z</time></trkpt>
   <trkpt lat="19.534294" lon="-99.494541"><ele>3467.7</ele><time>2019-07-28T14:52:46.000Z</time></trkpt>
   <trkpt lat="19.534907" lon="-99.494422"><ele>3466.9</ele><time>2019-07-28T14:52:53.000Z</time></trkpt>
   <trkpt lat="19.535716" lon="-99.494394"><ele>3465.2</ele><time>2019-07-28T14:53:02.000Z</time></trkpt>
   <trkpt lat="19.536810" lon="-99.494558"><ele>3463.6</ele><time>2019-07-28T14:53:14.000Z</time></trkpt>
   <trkpt lat="19.538678" lon="-99.495288"><ele>3464.7</ele><time>2019-07-28T14:53:42.000Z</time></trkpt>
   <trkpt lat="19.538988" lon="-99.495454"><ele>3466.1</ele><time>2019-07-28T14:53:49.000Z</time></trkpt>
   <trkpt lat="19.539152" lon="-99.495902"><ele>3467.8</ele><time>2019-07-28T14:53:59.000Z</time></trkpt>
   <trkpt lat="19.539124" lon="-99.496189"><ele>3469.0</ele><time>2019-07-28T14:54:06.000Z</time></trkpt>
   <trkpt lat="19.538990" lon="-99.496481"><ele>3470.1</ele><time>2019-07-28T14:54:14.000Z</time></trkpt>
   <trkpt lat="19.536003" lon="-99.498555"><ele>3469.3</ele><time>2019-07-28T14:55:27.000Z</time></trkpt>
   <trkpt lat="19.535310" lon="-99.499121"><ele>3469.8</ele><time>2019-07-28T14:55:42.000Z</time></trkpt>
   <trkpt lat="19.534156" lon="-99.499715"><ele>3467.9</ele><time>2019-07-28T14:56:06.000Z</time></trkpt>
   <trkpt lat="19.533530" lon="-99.499961"><ele>3465.8</ele><time>2019-07-28T14:56:18.000Z</time></trkpt>
   <trkpt lat="19.532651" lon="-99.500157"><ele>3457.6</ele><time>2019-07-28T14:56:34.000Z</time></trkpt>
   <trkpt lat="19.531662" lon="-99.500577"><ele>3452.2</ele><time>2019-07-28T14:56:52.000Z</time></trkpt>
   <trkpt lat="19.531400" lon="-99.501041"><ele>3448.7</ele><time>2019-07-28T14:56:59.000Z</time></trkpt>
   <trkpt lat="19.531265" lon="-99.501997"><ele>3454.9</ele><time>2019-07-28T14:57:09.000Z</time></trkpt>
   <trkpt lat="19.531091" lon="-99.502545"><ele>3458.3</ele><time>2019-07-28T14:57:15.000Z</time></trkpt>
   <trkpt lat="19.530904" lon="-99.502771"><ele>3458.0</ele><time>2019-07-28T14:57:18.000Z</time></trkpt>
   <trkpt lat="19.530203" lon="-99.503205"><ele>3454.8</ele><time>2019-07-28T14:57:27.000Z</time></trkpt>
   <trkpt lat="19.529933" lon="-99.503642"><ele>3453.0</ele><time>2019-07-28T14:57:36.000Z</time></trkpt>
   <trkpt lat="19.529578" lon="-99.506117"><ele>3449.5</ele><time>2019-07-28T14:58:18.000Z</time></trkpt>
   <trkpt lat="19.529356" lon="-99.506793"><ele>3445.9</ele><time>2019-07-28T14:58:29.000Z</time></trkpt>
   <trkpt lat="19.529005" lon="-99.507287"><ele>3443.8</ele><time>2019-07-28T14:58:41.000Z</time></trkpt>
   <trkpt lat="19.528282" lon="-99.507852"><ele>3446.0</ele><time>2019-07-28T15:02:18.000Z</time></trkpt>
   <trkpt lat="19.528106" lon="-99.508284"><ele>3446.1</ele><time>2019-07-28T15:02:25.000Z</time></trkpt>
   <trkpt lat="19.527670" lon="-99.511561"><ele>3433.1</ele><time>2019-07-28T15:03:31.000Z</time></trkpt>
   <trkpt lat="19.527386" lon="-99.512162"><ele>3427.6</ele><time>2019-07-28T15:03:44.000Z</time></trkpt>
   <trkpt lat="19.526782" lon="-99.512756"><ele>3431.9</ele><time>2019-07-28T15:04:01.000Z</time></trkpt>
   <trkpt lat="19.526297" lon="-99.512904"><ele>3437.2</ele><time>2019-07-28T15:04:09.000Z</time></trkpt>
   <trkpt lat="19.525882" lon="-99.512916"><ele>3437.3</ele><time>2019-07-28T15:04:15.000Z</time></trkpt>
   <trkpt lat="19.525373" lon="-99.512817"><ele>3433.9</ele><time>2019-07-28T15:04:25.000Z</time></trkpt>
   <trkpt lat="19.525020" lon="-99.512625"><ele>3430.8</ele><time>2019-07-28T15:04:33.000Z</time></trkpt>
   <trkpt lat="19.524142" lon="-99.511631"><ele>3423.1</ele><time>2019-07-28T15:05:10.000Z</time></trkpt>
   <trkpt lat="19.523871" lon="-99.511598"><ele>3421.1</ele><time>2019-07-28T15:05:16.000Z</time></trkpt>
   <trkpt lat="19.523721" lon="-99.511665"><ele>3419.6</ele><time>2019-07-28T15:05:19.000Z</time></trkpt>
   <trkpt lat="19.523502" lon="-99.512158"><ele>3416.5</ele><time>2019-07-28T15:05:28.000Z</time></trkpt>
   <trkpt lat="19.523505" lon="-99.514907"><ele>3427.4</ele><time>2019-07-28T15:06:15.000Z</time></trkpt>
   <trkpt lat="19.523264" lon="-99.516476"><ele>3426.2</ele><time>2019-07-28T15:06:54.000Z</time></trkpt>
   <trkpt lat="19.523124" lon="-99.516900"><ele>3423.6</ele><time>2019-07-28T15:07:05.000Z</time></trkpt>
   <trkpt lat="19.522786" lon="-99.517149"><ele>3420.9</ele><time>2019-07-28T15:07:15.000Z</time></trkpt>
   <trkpt lat="19.522242" lon="-99.517111"><ele>3414.2</ele><time>2019-07-28T15:07:26.000Z</time></trkpt>
   <trkpt lat="19.521970" lon="-99.516944"><ele>3409.8</ele><time>2019-07-28T15:07:32.000Z</time></trkpt>
   <trkpt lat="19.521332" lon="-99.516225"><ele>3396.7</ele><time>2019-07-28T15:07:49.000Z</time></trkpt>
   <trkpt lat="19.521067" lon="-99.516100"><ele>3393.4</ele><time>2019-07-28T15:07:56.000Z</time></trkpt>
   <trkpt lat="19.520771" lon="-99.516239"><ele>3391.7</ele><time>2019-07-28T15:08:05.000Z</time></trkpt>
   <trkpt lat="19.520697" lon="-99.516655"><ele>3389.6</ele><time>2019-07-28T15:08:12.000Z</time></trkpt>
   <trkpt lat="19.520893" lon="-99.517069"><ele>3387.1</ele><time>2019-07-28T15:08:19.000Z</time></trkpt>
   <trkpt lat="19.521099" lon="-99.517238"><ele>3385.3</ele><time>2019-07-28T15:08:23.000Z</time></trkpt>
   <trkpt lat="19.521470" lon="-99.517858"><ele>3378.3</ele><time>2019-07-28T15:08:33.000Z</time></trkpt>
   <trkpt lat="19.522582" lon="-99.519032"><ele>3368.6</ele><time>2019-07-28T15:08:55.000Z</time></trkpt>
   <trkpt lat="19.522709" lon="-99.519295"><ele>3366.1</ele><time>2019-07-28T15:08:58.000Z</time></trkpt>
   <trkpt lat="19.523239" lon="-99.519821"><ele>3359.1</ele><time>2019-07-28T15:09:08.000Z</time></trkpt>
   <trkpt lat="19.523765" lon="-99.519918"><ele>3355.3</ele><time>2019-07-28T15:09:16.000Z</time></trkpt>
   <trkpt lat="19.524049" lon="-99.519831"><ele>3352.6</ele><time>2019-07-28T15:09:20.000Z</time></trkpt>
   <trkpt lat="19.524243" lon="-99.519648"><ele>3349.9</ele><time>2019-07-28T15:09:24.000Z</time></trkpt>
   <trkpt lat="19.524757" lon="-99.518215"><ele>3341.7</ele><time>2019-07-28T15:09:50.000Z</time></trkpt>
   <trkpt lat="19.524838" lon="-99.517749"><ele>3339.6</ele><time>2019-07-28T15:09:59.000Z</time></trkpt>
   <trkpt lat="19.524871" lon="-99.515924"><ele>3326.2</ele><time>2019-07-28T15:10:33.000Z</time></trkpt>
   <trkpt lat="19.525021" lon="-99.515333"><ele>3320.4</ele><time>2019-07-28T15:10:44.000Z</time></trkpt>
   <trkpt lat="19.525226" lon="-99.515075"><ele>3318.2</ele><time>2019-07-28T15:10:51.000Z</time></trkpt>
   <trkpt lat="19.525493" lon="-99.515012"><ele>3316.5</ele><time>2019-07-28T15:10:57.000Z</time></trkpt>
   <trkpt lat="19.525856" lon="-99.515103"><ele>3313.7</ele><time>2019-07-28T15:11:04.000Z</time></trkpt>
   <trkpt lat="19.526265" lon="-99.515383"><ele>3309.9</ele><time>2019-07-28T15:11:11.000Z</time></trkpt>
   <trkpt lat="19.527433" lon="-99.515706"><ele>3299.7</ele><time>2019-07-28T15:11:29.000Z</time></trkpt>
   <trkpt lat="19.527673" lon="-99.515942"><ele>3298.2</ele><time>2019-07-28T15:11:34.000Z</time></trkpt>
   <trkpt lat="19.527860" lon="-99.516406"><ele>3293.4</ele><time>2019-07-28T15:11:41.000Z</time></trkpt>
   <trkpt lat="19.528053" lon="-99.516535"><ele>3291.6</ele><time>2019-07-28T15:11:45.000Z</time></trkpt>
   <trkpt lat="19.528409" lon="-99.516592"><ele>3288.9</ele><time>2019-07-28T15:11:50.000Z</time></trkpt>
   <trkpt lat="19.528930" lon="-99.516418"><ele>3284.9</ele><time>2019-07-28T15:11:57.000Z</time></trkpt>
   <trkpt lat="19.529170" lon="-99.516178"><ele>3283.8</ele><time>2019-07-28T15:12:02.000Z</time></trkpt>
   <trkpt lat="19.529605" lon="-99.515490"><ele>3282.2</ele><time>2019-07-28T15:12:15.000Z</time></trkpt>
   <trkpt lat="19.529790" lon="-99.515363"><ele>3283.5</ele><time>2019-07-28T15:12:19.000Z</time></trkpt>
   <trkpt lat="19.530057" lon="-99.515340"><ele>3284.5</ele><time>2019-07-28T15:12:24.000Z</time></trkpt>
   <trkpt lat="19.530242" lon="-99.515468"><ele>3284.0</ele><time>2019-07-28T15:12:28.000Z</time></trkpt>
   <trkpt lat="19.530335" lon="-99.515674"><ele>3282.9</ele><time>2019-07-28T15:12:32.000Z</time></trkpt>
   <trkpt lat="19.530530" lon="-99.516684"><ele>3283.7</ele><time>2019-07-28T15:12:48.000Z</time></trkpt>
   <trkpt lat="19.530746" lon="-99.517312"><ele>3286.4</ele><time>2019-07-28T15:12:58.000Z</time></trkpt>
   <trkpt lat="19.530958" lon="-99.518728"><ele>3284.4</ele><time>2019-07-28T15:13:20.000Z</time></trkpt>
   <trkpt lat="19.531204" lon="-99.519213"><ele>3278.9</ele><time>2019-07-28T15:13:31.000Z</time></trkpt>
   <trkpt lat="19.531410" lon="-99.520055"><ele>3274.9</ele><time>2019-07-28T15:13:41.000Z</time></trkpt>
   <trkpt lat="19.531549" lon="-99.520251"><ele>3273.4</ele><time>2019-07-28T15:13:44.000Z</time></trkpt>
   <trkpt lat="19.531858" lon="-99.520273"><ele>3271.3</ele><time>2019-07-28T15:13:49.000Z</time></trkpt>
   <trkpt lat="19.532296" lon="-99.519811"><ele>3268.9</ele><time>2019-07-28T15:13:59.000Z</time></trkpt>
   <trkpt lat="19.532554" lon="-99.519858"><ele>3267.9</ele><time>2019-07-28T15:14:04.000Z</time></trkpt>
   <trkpt lat="19.532947" lon="-99.520305"><ele>3266.9</ele><time>2019-07-28T15:14:13.000Z</time></trkpt>
   <trkpt lat="19.533679" lon="-99.520446"><ele>3263.5</ele><time>2019-07-28T15:14:24.000Z</time></trkpt>
   <trkpt lat="19.534352" lon="-99.521007"><ele>3264.0</ele><time>2019-07-28T15:14:36.000Z</time></trkpt>
   <trkpt lat="19.534424" lon="-99.521258"><ele>3265.2</ele><time>2019-07-28T15:14:39.000Z</time></trkpt>
   <trkpt lat="19.534612" lon="-99.521325"><ele>3268.0</ele><time>2019-07-28T15:14:42.000Z</time></trkpt>
   <trkpt lat="19.535110" lon="-99.521350"><ele>3274.4</ele><time>2019-07-28T15:14:50.000Z</time></trkpt>
   <trkpt lat="19.535484" lon="-99.521209"><ele>3277.6</ele><time>2019-07-28T15:15:01.000Z</time></trkpt>
   <trkpt lat="19.536222" lon="-99.520558"><ele>3283.5</ele><time>2019-07-28T15:15:36.000Z</time></trkpt>
   <trkpt lat="19.536457" lon="-99.520464"><ele>3284.2</ele><time>2019-07-28T15:15:45.000Z</time></trkpt>
   <trkpt lat="19.536704" lon="-99.520581"><ele>3283.6</ele><time>2019-07-28T15:15:56.000Z</time></trkpt>
   <trkpt lat="19.536840" lon="-99.521079"><ele>3282.9</ele><time>2019-07-28T15:16:12.000Z</time></trkpt>
   <trkpt lat="19.537012" lon="-99.521272"><ele>3283.8</ele><time>2019-07-28T15:16:18.000Z</time></trkpt>
   <trkpt lat="19.537233" lon="-99.521197"><ele>3284.8</ele><time>2019-07-28T15:16:23.000Z</time></trkpt>
   <trkpt lat="19.537899" lon="-99.520554"><ele>3283.2</ele><time>2019-07-28T15:16:42.000Z</time></trkpt>
   <trkpt lat="19.538494" lon="-99.520456"><ele>3279.5</ele><time>2019-07-28T15:16:54.000Z</time></trkpt>
   <trkpt lat="19.538766" lon="-99.520444"><ele>3280.0</ele><time>2019-07-28T15:16:59.000Z</time></trkpt>
   <trkpt lat="19.538920" lon="-99.520519"><ele>3279.3</ele><time>2019-07-28T15:17:02.000Z</time></trkpt>
   <trkpt lat="19.539050" lon="-99.520789"><ele>3276.9</ele><time>2019-07-28T15:17:07.000Z</time></trkpt>
   <trkpt lat="19.538990" lon="-99.521089"><ele>3274.2</ele><time>2019-07-28T15:17:12.000Z</time></trkpt>
   <trkpt lat="19.538003" lon="-99.522373"><ele>3263.5</ele><time>2019-07-28T15:17:34.000Z</time></trkpt>
   <trkpt lat="19.537490" lon="-99.523240"><ele>3252.5</ele><time>2019-07-28T15:17:47.000Z</time></trkpt>
   <trkpt lat="19.536636" lon="-99.525232"><ele>3233.7</ele><time>2019-07-28T15:18:17.000Z</time></trkpt>
   <trkpt lat="19.536485" lon="-99.526027"><ele>3237.8</ele><time>2019-07-28T15:18:28.000Z</time></trkpt>
   <trkpt lat="19.536313" lon="-99.526343"><ele>3238.0</ele><time>2019-07-28T15:18:33.000Z</time></trkpt>
   <trkpt lat="19.535934" lon="-99.526438"><ele>3235.0</ele><time>2019-07-28T15:18:40.000Z</time></trkpt>
   <trkpt lat="19.535795" lon="-99.526320"><ele>3234.4</ele><time>2019-07-28T15:18:43.000Z</time></trkpt>
   <trkpt lat="19.535703" lon="-99.526042"><ele>3233.9</ele><time>2019-07-28T15:18:47.000Z</time></trkpt>
   <trkpt lat="19.535768" lon="-99.525713"><ele>3232.2</ele><time>2019-07-28T15:18:52.000Z</time></trkpt>
   <trkpt lat="19.536283" lon="-99.524461"><ele>3223.7</ele><time>2019-07-28T15:19:09.000Z</time></trkpt>
   <trkpt lat="19.536320" lon="-99.524073"><ele>3223.7</ele><time>2019-07-28T15:19:13.000Z</time></trkpt>
   <trkpt lat="19.536193" lon="-99.523793"><ele>3224.4</ele><time>2019-07-28T15:19:17.000Z</time></trkpt>
   <trkpt lat="19.535943" lon="-99.523777"><ele>3224.7</ele><time>2019-07-28T15:19:21.000Z</time></trkpt>
   <trkpt lat="19.535005" lon="-99.524413"><ele>3220.8</ele><time>2019-07-28T15:19:36.000Z</time></trkpt>
   <trkpt lat="19.534156" lon="-99.524427"><ele>3216.9</ele><time>2019-07-28T15:19:49.000Z</time></trkpt>
   <trkpt lat="19.533506" lon="-99.524726"><ele>3211.3</ele><time>2019-07-28T15:19:58.000Z</time></trkpt>
   <trkpt lat="19.533241" lon="-99.524938"><ele>3207.3</ele><time>2019-07-28T15:20:03.000Z</time></trkpt>
   <trkpt lat="19.533051" lon="-99.525385"><ele>3202.5</ele><time>2019-07-28T15:20:11.000Z</time></trkpt>
   <trkpt lat="19.532938" lon="-99.526607"><ele>3194.4</ele><time>2019-07-28T15:20:29.000Z</time></trkpt>
   <trkpt lat="19.532633" lon="-99.527106"><ele>3188.2</ele><time>2019-07-28T15:20:38.000Z</time></trkpt>
   <trkpt lat="19.532292" lon="-99.527536"><ele>3183.9</ele><time>2019-07-28T15:20:47.000Z</time></trkpt>
   <trkpt lat="19.531998" lon="-99.527764"><ele>3181.2</ele><time>2019-07-28T15:20:53.000Z</time></trkpt>
   <trkpt lat="19.530777" lon="-99.527870"><ele>3172.2</ele><time>2019-07-28T15:21:16.000Z</time></trkpt>
   <trkpt lat="19.530416" lon="-99.528005"><ele>3166.9</ele><time>2019-07-28T15:21:26.000Z</time></trkpt>
   <trkpt lat="19.530271" lon="-99.528151"><ele>3164.0</ele><time>2019-07-28T15:21:30.000Z</time></trkpt>
   <trkpt lat="19.530099" lon="-99.528457"><ele>3160.0</ele><time>2019-07-28T15:21:35.000Z</time></trkpt>
   <trkpt lat="19.529550" lon="-99.530434"><ele>3145.0</ele><time>2019-07-28T15:22:01.000Z</time></trkpt>
   <trkpt lat="19.529149" lon="-99.531111"><ele>3140.5</ele><time>2019-07-28T15:22:10.000Z</time></trkpt>
   <trkpt lat="19.526674" lon="-99.533742"><ele>3119.2</ele><time>2019-07-28T15:23:03.000Z</time></trkpt>
   <trkpt lat="19.525002" lon="-99.535669"><ele>3103.2</ele><time>2019-07-28T15:23:36.000Z</time></trkpt>
   <trkpt lat="19.523858" lon="-99.536780"><ele>3090.2</ele><time>2019-07-28T15:23:57.000Z</time></trkpt>
   <trkpt lat="19.521403" lon="-99.539486"><ele>3069.1</ele><time>2019-07-28T15:24:47.000Z</time></trkpt>
   <trkpt lat="19.519433" lon="-99.541512"><ele>3052.3</ele><time>2019-07-28T15:25:32.000Z</time></trkpt>
   <trkpt lat="19.518859" lon="-99.542235"><ele>3048.2</ele><time>2019-07-28T15:25:46.000Z</time></trkpt>
   <trkpt lat="19.518743" lon="-99.543393"><ele>3043.0</ele><time>2019-07-28T15:26:07.000Z</time></trkpt>
   <trkpt lat="19.518525" lon="-99.543785"><ele>3040.7</ele><time>2019-07-28T15:26:14.000Z</time></trkpt>
   <trkpt lat="19.517099" lon="-99.545177"><ele>3035.7</ele><time>2019-07-28T15:26:44.000Z</time></trkpt>
   <trkpt lat="19.515483" lon="-99.546183"><ele>3029.7</ele><time>2019-07-28T15:27:14.000Z</time></trkpt>
   <trkpt lat="19.514076" lon="-99.546673"><ele>3028.4</ele><time>2019-07-28T15:31:33.000Z</time></trkpt>
   <trkpt lat="19.515352" lon="-99.546187"><ele>3029.8</ele><time>2019-07-28T15:32:09.000Z</time></trkpt>
   <trkpt lat="19.516917" lon="-99.545213"><ele>3035.7</ele><time>2019-07-28T15:32:47.000Z</time></trkpt>
   <trkpt lat="19.517383" lon="-99.544861"><ele>3036.2</ele><time>2019-07-28T15:32:59.000Z</time></trkpt>
   <trkpt lat="19.518554" lon="-99.543685"><ele>3041.9</ele><time>2019-07-28T15:33:37.000Z</time></trkpt>
   <trkpt lat="19.518716" lon="-99.543363"><ele>3043.6</ele><time>2019-07-28T15:33:47.000Z</time></trkpt>
   <trkpt lat="19.518796" lon="-99.542309"><ele>3048.4</ele><time>2019-07-28T15:34:18.000Z</time></trkpt>
   <trkpt lat="19.518992" lon="-99.541955"><ele>3049.8</ele><time>2019-07-28T15:34:30.000Z</time></trkpt>
   <trkpt lat="19.523374" lon="-99.537242"><ele>3085.8</ele><time>2019-07-28T15:37:51.000Z</time></trkpt>
   <trkpt lat="19.524550" lon="-99.536073"><ele>3099.3</ele><time>2019-07-28T15:38:56.000Z</time></trkpt>
   <trkpt lat="19.529231" lon="-99.530948"><ele>3141.9</ele><time>2019-07-28T15:42:57.000Z</time></trkpt>
   <trkpt lat="19.529528" lon="-99.530383"><ele>3145.7</ele><time>2019-07-28T15:43:17.000Z</time></trkpt>
   <trkpt lat="19.529995" lon="-99.528766"><ele>3157.8</ele><time>2019-07-28T15:44:15.000Z</time></trkpt>
   <trkpt lat="19.530264" lon="-99.528199"><ele>3163.8</ele><time>2019-07-28T15:44:40.000Z</time></trkpt>
   <trkpt lat="19.530624" lon="-99.527922"><ele>3170.3</ele><time>2019-07-28T15:45:05.000Z</time></trkpt>
   <trkpt lat="19.531909" lon="-99.527762"><ele>3180.7</ele><time>2019-07-28T15:46:03.000Z</time></trkpt>
   <trkpt lat="19.532409" lon="-99.527369"><ele>3185.5</ele><time>2019-07-28T15:46:31.000Z</time></trkpt>
   <trkpt lat="19.532828" lon="-99.526734"><ele>3192.8</ele><time>2019-07-28T15:47:05.000Z</time></trkpt>
   <trkpt lat="19.533009" lon="-99.525250"><ele>3203.6</ele><time>2019-07-28T15:48:11.000Z</time></trkpt>
   <trkpt lat="19.533254" lon="-99.524915"><ele>3208.2</ele><time>2019-07-28T15:48:29.000Z</time></trkpt>
   <trkpt lat="19.533472" lon="-99.524742"><ele>3211.5</ele><time>2019-07-28T15:48:39.000Z</time></trkpt>
   <trkpt lat="19.534300" lon="-99.524379"><ele>3217.3</ele><time>2019-07-28T15:49:08.000Z</time></trkpt>
   <trkpt lat="19.534945" lon="-99.524395"><ele>3220.9</ele><time>2019-07-28T15:49:29.000Z</time></trkpt>
   <trkpt lat="19.535253" lon="-99.524294"><ele>3222.6</ele><time>2019-07-28T15:49:39.000Z</time></trkpt>
   <trkpt lat="19.535942" lon="-99.523742"><ele>3224.7</ele><time>2019-07-28T15:50:03.000Z</time></trkpt>
   <trkpt lat="19.536135" lon="-99.523720"><ele>3224.2</ele><time>2019-07-28T15:50:09.000Z</time></trkpt>
   <trkpt lat="19.536335" lon="-99.524081"><ele>3223.5</ele><time>2019-07-28T15:50:22.000Z</time></trkpt>
   <trkpt lat="19.536251" lon="-99.524691"><ele>3225.0</ele><time>2019-07-28T15:50:40.000Z</time></trkpt>
   <trkpt lat="19.535898" lon="-99.525447"><ele>3231.3</ele><time>2019-07-28T15:51:05.000Z</time></trkpt>
   <trkpt lat="19.535722" lon="-99.526082"><ele>3234.3</ele><time>2019-07-28T15:51:21.000Z</time></trkpt>
   <trkpt lat="19.535781" lon="-99.526288"><ele>3234.9</ele><time>2019-07-28T15:51:26.000Z</time></trkpt>
   <trkpt lat="19.535939" lon="-99.526423"><ele>3236.4</ele><time>2019-07-28T15:51:32.000Z</time></trkpt>
   <trkpt lat="19.536134" lon="-99.526432"><ele>3237.9</ele><time>2019-07-28T15:51:38.000Z</time></trkpt>
   <trkpt lat="19.536311" lon="-99.526321"><ele>3238.6</ele><time>2019-07-28T15:51:44.000Z</time></trkpt>
   <trkpt lat="19.536459" lon="-99.526057"><ele>3236.4</ele><time>2019-07-28T15:51:53.000Z</time></trkpt>
   <trkpt lat="19.536701" lon="-99.525035"><ele>3235.4</ele><time>2019-07-28T15:52:27.000Z</time></trkpt>
   <trkpt lat="19.537377" lon="-99.523480"><ele>3252.1</ele><time>2019-07-28T15:53:26.000Z</time></trkpt>
   <trkpt lat="19.537866" lon="-99.522589"><ele>3262.7</ele><time>2019-07-28T15:54:07.000Z</time></trkpt>
   <trkpt lat="19.539010" lon="-99.521009"><ele>3275.7</ele><time>2019-07-28T15:55:18.000Z</time></trkpt>
   <trkpt lat="19.539019" lon="-99.520753"><ele>3277.7</ele><time>2019-07-28T15:55:26.000Z</time></trkpt>
   <trkpt lat="19.538826" lon="-99.520544"><ele>3279.6</ele><time>2019-07-28T15:55:34.000Z</time></trkpt>
   <trkpt lat="19.538053" lon="-99.520559"><ele>3281.3</ele><time>2019-07-28T15:55:56.000Z</time></trkpt>
   <trkpt lat="19.537825" lon="-99.520658"><ele>3283.2</ele><time>2019-07-28T15:56:01.000Z</time></trkpt>
   <trkpt lat="19.537293" lon="-99.521203"><ele>3284.7</ele><time>2019-07-28T15:56:15.000Z</time></trkpt>
   <trkpt lat="19.537045" lon="-99.521309"><ele>3284.4</ele><time>2019-07-28T15:56:20.000Z</time></trkpt>
   <trkpt lat="19.536795" lon="-99.521127"><ele>3282.9</ele><time>2019-07-28T15:56:26.000Z</time></trkpt>
   <trkpt lat="19.536605" lon="-99.520650"><ele>3283.4</ele><time>2019-07-28T15:56:34.000Z</time></trkpt>
   <trkpt lat="19.536370" lon="-99.520578"><ele>3284.0</ele><time>2019-07-28T15:56:38.000Z</time></trkpt>
   <trkpt lat="19.535375" lon="-99.521253"><ele>3278.3</ele><time>2019-07-28T15:56:54.000Z</time></trkpt>
   <trkpt lat="19.534695" lon="-99.521276"><ele>3272.9</ele><time>2019-07-28T15:57:01.000Z</time></trkpt>
   <trkpt lat="19.533669" lon="-99.520553"><ele>3262.6</ele><time>2019-07-28T15:57:17.000Z</time></trkpt>
   <trkpt lat="19.532991" lon="-99.520411"><ele>3265.0</ele><time>2019-07-28T15:57:29.000Z</time></trkpt>
   <trkpt lat="19.532160" lon="-99.519918"><ele>3267.6</ele><time>2019-07-28T15:57:51.000Z</time></trkpt>
   <trkpt lat="19.531956" lon="-99.520011"><ele>3268.1</ele><time>2019-07-28T15:57:54.000Z</time></trkpt>
   <trkpt lat="19.531974" lon="-99.520119"><ele>3268.7</ele><time>2019-07-28T15:57:58.000Z</time></trkpt>
   <trkpt lat="19.531752" lon="-99.520302"><ele>3270.2</ele><time>2019-07-28T15:58:09.000Z</time></trkpt>
   <trkpt lat="19.531474" lon="-99.520295"><ele>3270.9</ele><time>2019-07-28T15:58:18.000Z</time></trkpt>
   <trkpt lat="19.531333" lon="-99.520114"><ele>3272.2</ele><time>2019-07-28T15:58:24.000Z</time></trkpt>
   <trkpt lat="19.531119" lon="-99.519409"><ele>3275.8</ele><time>2019-07-28T15:58:50.000Z</time></trkpt>
   <trkpt lat="19.531027" lon="-99.518469"><ele>3282.7</ele><time>2019-07-28T15:59:17.000Z</time></trkpt>
   <trkpt lat="19.531105" lon="-99.518345"><ele>3284.0</ele><time>2019-07-28T15:59:19.000Z</time></trkpt>
   <trkpt lat="19.530879" lon="-99.518046"><ele>3285.6</ele><time>2019-07-28T15:59:25.000Z</time></trkpt>
   <trkpt lat="19.530768" lon="-99.517517"><ele>3286.3</ele><time>2019-07-28T15:59:34.000Z</time></trkpt>
   <trkpt lat="19.530819" lon="-99.517387"><ele>3286.4</ele><time>2019-07-28T15:59:36.000Z</time></trkpt>
   <trkpt lat="19.530405" lon="-99.516281"><ele>3283.2</ele><time>2019-07-28T15:59:51.000Z</time></trkpt>
   <trkpt lat="19.530305" lon="-99.515627"><ele>3281.7</ele><time>2019-07-28T16:00:00.000Z</time></trkpt>
   <trkpt lat="19.530030" lon="-99.515324"><ele>3283.7</ele><time>2019-07-28T16:00:06.000Z</time></trkpt>
   <trkpt lat="19.529808" lon="-99.515337"><ele>3284.5</ele><time>2019-07-28T16:00:09.000Z</time></trkpt>
   <trkpt lat="19.529593" lon="-99.515458"><ele>3284.0</ele><time>2019-07-28T16:00:13.000Z</time></trkpt>
   <trkpt lat="19.529419" lon="-99.515746"><ele>3282.2</ele><time>2019-07-28T16:00:22.000Z</time></trkpt>
   <trkpt lat="19.529235" lon="-99.515820"><ele>3281.4</ele><time>2019-07-28T16:00:26.000Z</time></trkpt>
   <trkpt lat="19.529106" lon="-99.516039"><ele>3281.7</ele><time>2019-07-28T16:00:34.000Z</time></trkpt>
   <trkpt lat="19.529162" lon="-99.516260"><ele>3283.3</ele><time>2019-07-28T16:00:43.000Z</time></trkpt>
   <trkpt lat="19.528701" lon="-99.516691"><ele>3286.0</ele><time>2019-07-28T16:01:02.000Z</time></trkpt>
   <trkpt lat="19.527963" lon="-99.516588"><ele>3291.8</ele><time>2019-07-28T16:01:31.000Z</time></trkpt>
   <trkpt lat="19.527576" lon="-99.516057"><ele>3297.8</ele><time>2019-07-28T16:01:55.000Z</time></trkpt>
   <trkpt lat="19.527272" lon="-99.515815"><ele>3299.8</ele><time>2019-07-28T16:02:10.000Z</time></trkpt>
   <trkpt lat="19.526933" lon="-99.515765"><ele>3301.9</ele><time>2019-07-28T16:02:24.000Z</time></trkpt>
   <trkpt lat="19.525481" lon="-99.515160"><ele>3315.3</ele><time>2019-07-28T16:03:19.000Z</time></trkpt>
   <trkpt lat="19.525186" lon="-99.515187"><ele>3317.3</ele><time>2019-07-28T16:03:33.000Z</time></trkpt>
   <trkpt lat="19.524958" lon="-99.515395"><ele>3319.1</ele><time>2019-07-28T16:03:45.000Z</time></trkpt>
   <trkpt lat="19.524874" lon="-99.515755"><ele>3321.7</ele><time>2019-07-28T16:04:07.000Z</time></trkpt>
   <trkpt lat="19.524661" lon="-99.516119"><ele>3326.2</ele><time>2019-07-28T16:04:26.000Z</time></trkpt>
   <trkpt lat="19.524810" lon="-99.516756"><ele>3331.6</ele><time>2019-07-28T16:04:54.000Z</time></trkpt>
   <trkpt lat="19.524697" lon="-99.517208"><ele>3334.3</ele><time>2019-07-28T16:05:12.000Z</time></trkpt>
   <trkpt lat="19.524733" lon="-99.517488"><ele>3336.0</ele><time>2019-07-28T16:05:27.000Z</time></trkpt>
   <trkpt lat="19.524643" lon="-99.517680"><ele>3337.7</ele><time>2019-07-28T16:05:34.000Z</time></trkpt>
   <trkpt lat="19.524714" lon="-99.518002"><ele>3340.7</ele><time>2019-07-28T16:05:50.000Z</time></trkpt>
   <trkpt lat="19.524546" lon="-99.518530"><ele>3341.5</ele><time>2019-07-28T16:06:13.000Z</time></trkpt>
   <trkpt lat="19.524597" lon="-99.518649"><ele>3341.4</ele><time>2019-07-28T16:06:19.000Z</time></trkpt>
   <trkpt lat="19.524253" lon="-99.519518"><ele>3347.5</ele><time>2019-07-28T16:06:53.000Z</time></trkpt>
   <trkpt lat="19.524289" lon="-99.519647"><ele>3349.0</ele><time>2019-07-28T16:06:59.000Z</time></trkpt>
   <trkpt lat="19.524070" lon="-99.519986"><ele>3353.1</ele><time>2019-07-28T16:07:13.000Z</time></trkpt>
   <trkpt lat="19.523615" lon="-99.520135"><ele>3357.1</ele><time>2019-07-28T16:07:30.000Z</time></trkpt>
   <trkpt lat="19.523222" lon="-99.520089"><ele>3359.7</ele><time>2019-07-28T16:07:48.000Z</time></trkpt>
   <trkpt lat="19.522955" lon="-99.519817"><ele>3363.0</ele><time>2019-07-28T16:08:04.000Z</time></trkpt>
   <trkpt lat="19.521984" lon="-99.518498"><ele>3375.7</ele><time>2019-07-28T16:08:57.000Z</time></trkpt>
   <trkpt lat="19.521298" lon="-99.517804"><ele>3382.1</ele><time>2019-07-28T16:09:33.000Z</time></trkpt>
   <trkpt lat="19.520726" lon="-99.516881"><ele>3389.5</ele><time>2019-07-28T16:10:11.000Z</time></trkpt>
   <trkpt lat="19.520693" lon="-99.516420"><ele>3391.9</ele><time>2019-07-28T16:10:36.000Z</time></trkpt>
   <trkpt lat="19.520950" lon="-99.516193"><ele>3394.0</ele><time>2019-07-28T16:11:01.000Z</time></trkpt>
   <trkpt lat="19.521970" lon="-99.517130"><ele>3412.4</ele><time>2019-07-28T16:12:11.000Z</time></trkpt>
   <trkpt lat="19.522594" lon="-99.517194"><ele>3420.3</ele><time>2019-07-28T16:12:28.000Z</time></trkpt>
   <trkpt lat="19.522894" lon="-99.517088"><ele>3422.8</ele><time>2019-07-28T16:12:37.000Z</time></trkpt>
   <trkpt lat="19.523123" lon="-99.516878"><ele>3424.3</ele><time>2019-07-28T16:12:45.000Z</time></trkpt>
   <trkpt lat="19.523469" lon="-99.514739"><ele>3425.9</ele><time>2019-07-28T16:13:21.000Z</time></trkpt>
   <trkpt lat="19.523438" lon="-99.513096"><ele>3415.6</ele><time>2019-07-28T16:14:01.000Z</time></trkpt>
   <trkpt lat="19.523360" lon="-99.512634"><ele>3415.7</ele><time>2019-07-28T16:14:18.000Z</time></trkpt>
   <trkpt lat="19.523472" lon="-99.512028"><ele>3417.7</ele><time>2019-07-28T16:14:38.000Z</time></trkpt>
   <trkpt lat="19.523697" lon="-99.511712"><ele>3420.9</ele><time>2019-07-28T16:14:51.000Z</time></trkpt>
   <trkpt lat="19.523818" lon="-99.511652"><ele>3422.0</ele><time>2019-07-28T16:14:57.000Z</time></trkpt>
   <trkpt lat="19.524073" lon="-99.511682"><ele>3423.9</ele><time>2019-07-28T16:15:08.000Z</time></trkpt>
   <trkpt lat="19.524430" lon="-99.511862"><ele>3426.5</ele><time>2019-07-28T16:15:20.000Z</time></trkpt>
   <trkpt lat="19.524624" lon="-99.512547"><ele>3430.2</ele><time>2019-07-28T16:15:33.000Z</time></trkpt>
   <trkpt lat="19.524867" lon="-99.512726"><ele>3432.7</ele><time>2019-07-28T16:15:37.000Z</time></trkpt>
   <trkpt lat="19.524912" lon="-99.512846"><ele>3433.7</ele><time>2019-07-28T16:15:39.000Z</time></trkpt>
   <trkpt lat="19.525173" lon="-99.512929"><ele>3435.4</ele><time>2019-07-28T16:15:42.000Z</time></trkpt>
   <trkpt lat="19.525757" lon="-99.512987"><ele>3437.7</ele><time>2019-07-28T16:15:49.000Z</time></trkpt>
   <trkpt lat="19.526285" lon="-99.512926"><ele>3432.7</ele><time>2019-07-28T16:15:57.000Z</time></trkpt>
   <trkpt lat="19.526864" lon="-99.512658"><ele>3428.7</ele><time>2019-07-28T16:16:13.000Z</time></trkpt>
   <trkpt lat="19.527304" lon="-99.512276"><ele>3429.8</ele><time>2019-07-28T16:16:29.000Z</time></trkpt>
   <trkpt lat="19.527544" lon="-99.511781"><ele>3434.3</ele><time>2019-07-28T16:16:47.000Z</time></trkpt>
   <trkpt lat="19.527665" lon="-99.511289"><ele>3438.5</ele><time>2019-07-28T16:17:02.000Z</time></trkpt>
   <trkpt lat="19.528133" lon="-99.508138"><ele>3446.0</ele><time>2019-07-28T16:18:13.000Z</time></trkpt>
   <trkpt lat="19.528822" lon="-99.507395"><ele>3443.8</ele><time>2019-07-28T16:18:35.000Z</time></trkpt>
   <trkpt lat="19.529221" lon="-99.506841"><ele>3446.3</ele><time>2019-07-28T16:18:49.000Z</time></trkpt>
   <trkpt lat="19.529465" lon="-99.506322"><ele>3449.3</ele><time>2019-07-28T16:19:02.000Z</time></trkpt>
   <trkpt lat="19.529622" lon="-99.505676"><ele>3451.7</ele><time>2019-07-28T16:19:17.000Z</time></trkpt>
   <trkpt lat="19.529682" lon="-99.504835"><ele>3452.9</ele><time>2019-07-28T16:19:47.000Z</time></trkpt>
   <trkpt lat="19.529961" lon="-99.503539"><ele>3453.4</ele><time>2019-07-28T16:20:11.000Z</time></trkpt>
   <trkpt lat="19.530154" lon="-99.503264"><ele>3454.9</ele><time>2019-07-28T16:20:15.000Z</time></trkpt>
   <trkpt lat="19.531034" lon="-99.502622"><ele>3458.3</ele><time>2019-07-28T16:20:29.000Z</time></trkpt>
   <trkpt lat="19.531192" lon="-99.502176"><ele>3456.1</ele><time>2019-07-28T16:20:39.000Z</time></trkpt>
   <trkpt lat="19.531203" lon="-99.501534"><ele>3450.7</ele><time>2019-07-28T16:20:54.000Z</time></trkpt>
   <trkpt lat="19.531324" lon="-99.501076"><ele>3448.7</ele><time>2019-07-28T16:21:09.000Z</time></trkpt>
   <trkpt lat="19.531536" lon="-99.500753"><ele>3450.8</ele><time>2019-07-28T16:21:20.000Z</time></trkpt>
   <trkpt lat="19.531937" lon="-99.500427"><ele>3455.2</ele><time>2019-07-28T16:21:33.000Z</time></trkpt>
   <trkpt lat="19.533548" lon="-99.499910"><ele>3466.0</ele><time>2019-07-28T16:22:09.000Z</time></trkpt>
   <trkpt lat="19.534775" lon="-99.499408"><ele>3468.9</ele><time>2019-07-28T16:22:30.000Z</time></trkpt>
   <trkpt lat="19.537965" lon="-99.497215"><ele>3469.3</ele><time>2019-07-28T16:23:36.000Z</time></trkpt>
   <trkpt lat="19.538467" lon="-99.496754"><ele>3470.0</ele><time>2019-07-28T16:23:51.000Z</time></trkpt>
   <trkpt lat="19.539863" lon="-99.495737"><ele>3468.7</ele><time>2019-07-28T16:25:59.000Z</time></trkpt>
   <trkpt lat="19.541274" lon="-99.496344"><ele>3476.7</ele><time>2019-07-28T16:26:38.000Z</time></trkpt>
   <trkpt lat="19.542151" lon="-99.496853"><ele>3481.8</ele><time>2019-07-28T16:27:02.000Z</time></trkpt>
   <trkpt lat="19.543218" lon="-99.497825"><ele>3482.4</ele><time>2019-07-28T16:27:27.000Z</time></trkpt>
   <trkpt lat="19.543795" lon="-99.498504"><ele>3482.4</ele><time>2019-07-28T16:27:41.000Z</time></trkpt>
   <trkpt lat="19.545057" lon="-99.499712"><ele>3484.2</ele><time>2019-07-28T16:28:07.000Z</time></trkpt>
   <trkpt lat="19.545856" lon="-99.500074"><ele>3482.9</ele><time>2019-07-28T16:28:21.000Z</time></trkpt>
   <trkpt lat="19.547331" lon="-99.500493"><ele>3484.1</ele><time>2019-07-28T16:28:45.000Z</time></trkpt>
   <trkpt lat="19.548217" lon="-99.501306"><ele>3484.2</ele><time>2019-07-28T16:29:02.000Z</time></trkpt>
   <trkpt lat="19.548503" lon="-99.501766"><ele>3485.5</ele><time>2019-07-28T16:29:10.000Z</time></trkpt>
   <trkpt lat="19.548432" lon="-99.502200"><ele>3486.6</ele><time>2019-07-28T16:29:17.000Z</time></trkpt>
   <trkpt lat="19.547936" lon="-99.503032"><ele>3488.4</ele><time>2019-07-28T16:29:32.000Z</time></trkpt>
   <trkpt lat="19.547866" lon="-99.503346"><ele>3489.0</ele><time>2019-07-28T16:29:36.000Z</time></trkpt>
   <trkpt lat="19.547905" lon="-99.503580"><ele>3489.5</ele><time>2019-07-28T16:29:39.000Z</time></trkpt>
   <trkpt lat="19.548109" lon="-99.503830"><ele>3490.1</ele><time>2019-07-28T16:29:44.000Z</time></trkpt>
   <trkpt lat="19.548376" lon="-99.503980"><ele>3490.6</ele><time>2019-07-28T16:29:49.000Z</time></trkpt>
   <trkpt lat="19.548507" lon="-99.504196"><ele>3491.2</ele><time>2019-07-28T16:29:54.000Z</time></trkpt>
   <trkpt lat="19.548570" lon="-99.504598"><ele>3492.5</ele><time>2019-07-28T16:30:02.000Z</time></trkpt>
   <trkpt lat="19.548475" lon="-99.505678"><ele>3495.9</ele><time>2019-07-28T16:30:26.000Z</time></trkpt>
   <trkpt lat="19.547849" lon="-99.506897"><ele>3502.1</ele><time>2019-07-28T16:30:50.000Z</time></trkpt>
   <trkpt lat="19.547822" lon="-99.507074"><ele>3503.8</ele><time>2019-07-28T16:30:52.000Z</time></trkpt>
   <trkpt lat="19.548437" lon="-99.508654"><ele>3518.0</ele><time>2019-07-28T16:31:33.000Z</time></trkpt>
   <trkpt lat="19.548874" lon="-99.510481"><ele>3531.9</ele><time>2019-07-28T16:32:31.000Z</time></trkpt>
   <trkpt lat="19.549216" lon="-99.511255"><ele>3535.8</ele><time>2019-07-28T16:32:57.000Z</time></trkpt>
   <trkpt lat="19.549199" lon="-99.511633"><ele>3539.5</ele><time>2019-07-28T16:33:07.000Z</time></trkpt>
   <trkpt lat="19.548936" lon="-99.512566"><ele>3546.0</ele><time>2019-07-28T16:33:32.000Z</time></trkpt>
   <trkpt lat="19.549054" lon="-99.512951"><ele>3549.3</ele><time>2019-07-28T16:33:43.000Z</time></trkpt>
   <trkpt lat="19.549386" lon="-99.513210"><ele>3551.5</ele><time>2019-07-28T16:33:56.000Z</time></trkpt>
   <trkpt lat="19.550901" lon="-99.513421"><ele>3558.0</ele><time>2019-07-28T16:34:40.000Z</time></trkpt>
   <trkpt lat="19.551185" lon="-99.513400"><ele>3558.8</ele><time>2019-07-28T16:34:48.000Z</time></trkpt>
   <trkpt lat="19.552810" lon="-99.514068"><ele>3565.3</ele><time>2019-07-28T16:35:37.000Z</time></trkpt>
   <trkpt lat="19.553302" lon="-99.514177"><ele>3565.8</ele><time>2019-07-28T16:35:49.000Z</time></trkpt>
   <trkpt lat="19.554392" lon="-99.514246"><ele>3567.3</ele><time>2019-07-28T16:36:16.000Z</time></trkpt>
   <trkpt lat="19.557215" lon="-99.513393"><ele>3566.8</ele><time>2019-07-28T16:37:32.000Z</time></trkpt>
   <trkpt lat="19.558434" lon="-99.513155"><ele>3563.4</ele><time>2019-07-28T16:38:11.000Z</time></trkpt>
   <trkpt lat="19.558822" lon="-99.512975"><ele>3561.7</ele><time>2019-07-28T16:38:19.000Z</time></trkpt>
   <trkpt lat="19.559746" lon="-99.512223"><ele>3555.2</ele><time>2019-07-28T16:38:37.000Z</time></trkpt>
   <trkpt lat="19.561277" lon="-99.511638"><ele>3548.2</ele><time>2019-07-28T16:38:54.000Z</time></trkpt>
   <trkpt lat="19.562665" lon="-99.511614"><ele>3541.1</ele><time>2019-07-28T16:39:06.000Z</time></trkpt>
   <trkpt lat="19.564857" lon="-99.511748"><ele>3529.7</ele><time>2019-07-28T16:39:24.000Z</time></trkpt>
   <trkpt lat="19.567029" lon="-99.512086"><ele>3518.5</ele><time>2019-07-28T16:39:41.000Z</time></trkpt>
   <trkpt lat="19.569726" lon="-99.512007"><ele>3503.4</ele><time>2019-07-28T16:40:05.000Z</time></trkpt>
   <trkpt lat="19.570126" lon="-99.512121"><ele>3500.3</ele><time>2019-07-28T16:40:10.000Z</time></trkpt>
   <trkpt lat="19.570140" lon="-99.512588"><ele>3498.0</ele><time>2019-07-28T16:40:16.000Z</time></trkpt>
   <trkpt lat="19.569870" lon="-99.513156"><ele>3494.7</ele><time>2019-07-28T16:40:23.000Z</time></trkpt>
   <trkpt lat="19.569724" lon="-99.513771"><ele>3491.3</ele><time>2019-07-28T16:40:29.000Z</time></trkpt>
   <trkpt lat="19.570487" lon="-99.515626"><ele>3478.7</ele><time>2019-07-28T16:40:47.000Z</time></trkpt>
   <trkpt lat="19.570555" lon="-99.516670"><ele>3472.7</ele><time>2019-07-28T16:40:57.000Z</time></trkpt>
   <trkpt lat="19.570714" lon="-99.517064"><ele>3470.3</ele><time>2019-07-28T16:41:01.000Z</time></trkpt>
   <trkpt lat="19.573014" lon="-99.520016"><ele>3450.1</ele><time>2019-07-28T16:41:33.000Z</time></trkpt>
   <trkpt lat="19.573387" lon="-99.520239"><ele>3447.3</ele><time>2019-07-28T16:41:37.000Z</time></trkpt>
   <trkpt lat="19.574025" lon="-99.520118"><ele>3443.7</ele><time>2019-07-28T16:41:44.000Z</time></trkpt>
   <trkpt lat="19.574295" lon="-99.520334"><ele>3442.1</ele><time>2019-07-28T16:41:47.000Z</time></trkpt>
   <trkpt lat="19.574400" lon="-99.520457"><ele>3441.4</ele><time>2019-07-28T16:41:49.000Z</time></trkpt>
   <trkpt lat="19.574476" lon="-99.520913"><ele>3439.6</ele><time>2019-07-28T16:41:53.000Z</time></trkpt>
   <trkpt lat="19.574809" lon="-99.521830"><ele>3433.7</ele><time>2019-07-28T16:42:02.000Z</time></trkpt>
   <trkpt lat="19.574817" lon="-99.522008"><ele>3432.3</ele><time>2019-07-28T16:42:04.000Z</time></trkpt>
   <trkpt lat="19.574611" lon="-99.522581"><ele>3429.6</ele><time>2019-07-28T16:42:10.000Z</time></trkpt>
   <trkpt lat="19.574704" lon="-99.522922"><ele>3428.3</ele><time>2019-07-28T16:42:13.000Z</time></trkpt>
   <trkpt lat="19.574669" lon="-99.523130"><ele>3427.4</ele><time>2019-07-28T16:42:15.000Z</time></trkpt>
   <trkpt lat="19.574823" lon="-99.523291"><ele>3426.4</ele><time>2019-07-28T16:42:17.000Z</time></trkpt>
   <trkpt lat="19.574853" lon="-99.523659"><ele>3424.2</ele><time>2019-07-28T16:42:21.000Z</time></trkpt>
   <trkpt lat="19.574680" lon="-99.523902"><ele>3423.1</ele><time>2019-07-28T16:42:24.000Z</time></trkpt>
   <trkpt lat="19.573849" lon="-99.524074"><ele>3421.3</ele><time>2019-07-28T16:42:34.000Z</time></trkpt>
   <trkpt lat="19.573479" lon="-99.524515"><ele>3419.7</ele><time>2019-07-28T16:42:40.000Z</time></trkpt>
   <trkpt lat="19.573434" lon="-99.525341"><ele>3417.3</ele><time>2019-07-28T16:42:48.000Z</time></trkpt>
   <trkpt lat="19.573632" lon="-99.527613"><ele>3410.5</ele><time>2019-07-28T16:43:12.000Z</time></trkpt>
   <trkpt lat="19.573585" lon="-99.528013"><ele>3409.3</ele><time>2019-07-28T16:43:16.000Z</time></trkpt>
   <trkpt lat="19.573673" lon="-99.528693"><ele>3406.8</ele><time>2019-07-28T16:43:23.000Z</time></trkpt>
   <trkpt lat="19.574083" lon="-99.529896"><ele>3405.3</ele><time>2019-07-28T16:43:36.000Z</time></trkpt>
   <trkpt lat="19.574152" lon="-99.530355"><ele>3405.2</ele><time>2019-07-28T16:43:42.000Z</time></trkpt>
   <trkpt lat="19.574537" lon="-99.531198"><ele>3403.6</ele><time>2019-07-28T16:43:52.000Z</time></trkpt>
   <trkpt lat="19.574722" lon="-99.532012"><ele>3401.5</ele><time>2019-07-28T16:44:01.000Z</time></trkpt>
   <trkpt lat="19.575342" lon="-99.533908"><ele>3391.5</ele><time>2019-07-28T16:44:21.000Z</time></trkpt>
   <trkpt lat="19.575289" lon="-99.536049"><ele>3389.6</ele><time>2019-07-28T16:44:43.000Z</time></trkpt>
   <trkpt lat="19.575353" lon="-99.536593"><ele>3387.7</ele><time>2019-07-28T16:44:50.000Z</time></trkpt>
   <trkpt lat="19.576071" lon="-99.537764"><ele>3387.6</ele><time>2019-07-28T16:45:09.000Z</time></trkpt>
   <trkpt lat="19.575834" lon="-99.538124"><ele>3389.2</ele><time>2019-07-28T16:45:16.000Z</time></trkpt>
   <trkpt lat="19.574895" lon="-99.538338"><ele>3393.1</ele><time>2019-07-28T16:45:38.000Z</time></trkpt>
   <trkpt lat="19.574400" lon="-99.538686"><ele>3396.0</ele><time>2019-07-28T16:45:53.000Z</time></trkpt>
   <trkpt lat="19.574237" lon="-99.538974"><ele>3397.0</ele><time>2019-07-28T16:46:01.000Z</time></trkpt>
   <trkpt lat="19.574249" lon="-99.539465"><ele>3399.3</ele><time>2019-07-28T16:46:14.000Z</time></trkpt>
   <trkpt lat="19.574167" lon="-99.540038"><ele>3400.0</ele><time>2019-07-28T16:46:32.000Z</time></trkpt>
   <trkpt lat="19.574070" lon="-99.540164"><ele>3399.9</ele><time>2019-07-28T16:46:38.000Z</time></trkpt>
   <trkpt lat="19.573510" lon="-99.540152"><ele>3398.9</ele><time>2019-07-28T16:47:03.000Z</time></trkpt>
   <trkpt lat="19.573358" lon="-99.540386"><ele>3398.3</ele><time>2019-07-28T16:47:12.000Z</time></trkpt>
   <trkpt lat="19.572569" lon="-99.540742"><ele>3397.2</ele><time>2019-07-28T16:47:29.000Z</time></trkpt>
   <trkpt lat="19.571846" lon="-99.540614"><ele>3396.4</ele><time>2019-07-28T16:47:48.000Z</time></trkpt>
   <trkpt lat="19.571530" lon="-99.540759"><ele>3396.0</ele><time>2019-07-28T16:47:58.000Z</time></trkpt>
   <trkpt lat="19.571489" lon="-99.541118"><ele>3396.3</ele><time>2019-07-28T16:48:08.000Z</time></trkpt>
   <trkpt lat="19.571892" lon="-99.541699"><ele>3397.7</ele><time>2019-07-28T16:48:24.000Z</time></trkpt>
   <trkpt lat="19.571926" lon="-99.542098"><ele>3398.7</ele><time>2019-07-28T16:48:34.000Z</time></trkpt>
   <trkpt lat="19.571768" lon="-99.542271"><ele>3399.0</ele><time>2019-07-28T16:48:38.000Z</time></trkpt>
   <trkpt lat="19.571521" lon="-99.542972"><ele>3399.7</ele><time>2019-07-28T16:48:57.000Z</time></trkpt>
   <trkpt lat="19.571161" lon="-99.543315"><ele>3400.1</ele><time>2019-07-28T16:49:05.000Z</time></trkpt>
   <trkpt lat="19.570843" lon="-99.543880"><ele>3401.2</ele><time>2019-07-28T16:49:16.000Z</time></trkpt>
   <trkpt lat="19.570769" lon="-99.544128"><ele>3401.7</ele><time>2019-07-28T16:49:21.000Z</time></trkpt>
   <trkpt lat="19.570807" lon="-99.544379"><ele>3402.0</ele><time>2019-07-28T16:49:25.000Z</time></trkpt>
   <trkpt lat="19.570591" lon="-99.544704"><ele>3401.6</ele><time>2019-07-28T16:49:34.000Z</time></trkpt>
   <trkpt lat="19.570038" lon="-99.544877"><ele>3402.4</ele><time>2019-07-28T16:49:46.000Z</time></trkpt>
   <trkpt lat="19.569095" lon="-99.545852"><ele>3402.0</ele><time>2019-07-28T16:50:14.000Z</time></trkpt>
   <trkpt lat="19.568700" lon="-99.546158"><ele>3401.6</ele><time>2019-07-28T16:50:25.000Z</time></trkpt>
   <trkpt lat="19.568316" lon="-99.546953"><ele>3401.9</ele><time>2019-07-28T16:50:42.000Z</time></trkpt>
   <trkpt lat="19.568292" lon="-99.547182"><ele>3401.8</ele><time>2019-07-28T16:50:46.000Z</time></trkpt>
   <trkpt lat="19.568402" lon="-99.547533"><ele>3401.6</ele><time>2019-07-28T16:50:52.000Z</time></trkpt>
   <trkpt lat="19.568811" lon="-99.547860"><ele>3401.8</ele><time>2019-07-28T16:51:02.000Z</time></trkpt>
   <trkpt lat="19.569330" lon="-99.547992"><ele>3400.6</ele><time>2019-07-28T16:51:12.000Z</time></trkpt>
   <trkpt lat="19.569634" lon="-99.548183"><ele>3399.8</ele><time>2019-07-28T16:51:18.000Z</time></trkpt>
   <trkpt lat="19.570952" lon="-99.548012"><ele>3392.3</ele><time>2019-07-28T16:51:34.000Z</time></trkpt>
   <trkpt lat="19.571424" lon="-99.548065"><ele>3389.5</ele><time>2019-07-28T16:51:39.000Z</time></trkpt>
   <trkpt lat="19.571511" lon="-99.548097"><ele>3389.0</ele><time>2019-07-28T16:51:40.000Z</time></trkpt>
   <trkpt lat="19.571837" lon="-99.548868"><ele>3385.3</ele><time>2019-07-28T16:51:48.000Z</time></trkpt>
   <trkpt lat="19.571798" lon="-99.549857"><ele>3379.4</ele><time>2019-07-28T16:51:58.000Z</time></trkpt>
   <trkpt lat="19.571957" lon="-99.550835"><ele>3375.9</ele><time>2019-07-28T16:52:07.000Z</time></trkpt>
   <trkpt lat="19.571934" lon="-99.551115"><ele>3374.6</ele><time>2019-07-28T16:52:10.000Z</time></trkpt>
   <trkpt lat="19.571482" lon="-99.551946"><ele>3368.7</ele><time>2019-07-28T16:52:20.000Z</time></trkpt>
   <trkpt lat="19.571173" lon="-99.552956"><ele>3362.2</ele><time>2019-07-28T16:52:32.000Z</time></trkpt>
   <trkpt lat="19.571130" lon="-99.553350"><ele>3359.3</ele><time>2019-07-28T16:52:36.000Z</time></trkpt>
   <trkpt lat="19.570747" lon="-99.554410"><ele>3351.8</ele><time>2019-07-28T16:52:48.000Z</time></trkpt>
   <trkpt lat="19.570828" lon="-99.556113"><ele>3341.7</ele><time>2019-07-28T16:53:02.000Z</time></trkpt>
   <trkpt lat="19.571116" lon="-99.556468"><ele>3338.8</ele><time>2019-07-28T16:53:07.000Z</time></trkpt>
   <trkpt lat="19.571094" lon="-99.556819"><ele>3335.5</ele><time>2019-07-28T16:53:11.000Z</time></trkpt>
   <trkpt lat="19.570668" lon="-99.557077"><ele>3331.0</ele><time>2019-07-28T16:53:17.000Z</time></trkpt>
   <trkpt lat="19.570407" lon="-99.557880"><ele>3326.6</ele><time>2019-07-28T16:53:26.000Z</time></trkpt>
   <trkpt lat="19.570255" lon="-99.558042"><ele>3324.9</ele><time>2019-07-28T16:53:28.000Z</time></trkpt>
   <trkpt lat="19.569605" lon="-99.558446"><ele>3318.6</ele><time>2019-07-28T16:53:36.000Z</time></trkpt>
   <trkpt lat="19.569007" lon="-99.558938"><ele>3312.4</ele><time>2019-07-28T16:53:43.000Z</time></trkpt>
   <trkpt lat="19.568788" lon="-99.559227"><ele>3310.0</ele><time>2019-07-28T16:53:46.000Z</time></trkpt>
   <trkpt lat="19.567648" lon="-99.559890"><ele>3301.2</ele><time>2019-07-28T16:53:57.000Z</time></trkpt>
   <trkpt lat="19.566476" lon="-99.560421"><ele>3294.5</ele><time>2019-07-28T16:54:08.000Z</time></trkpt>
   <trkpt lat="19.565620" lon="-99.561055"><ele>3286.7</ele><time>2019-07-28T16:54:17.000Z</time></trkpt>
   <trkpt lat="19.565282" lon="-99.561203"><ele>3283.9</ele><time>2019-07-28T16:54:20.000Z</time></trkpt>
   <trkpt lat="19.565072" lon="-99.561660"><ele>3280.7</ele><time>2019-07-28T16:54:24.000Z</time></trkpt>
   <trkpt lat="19.564431" lon="-99.562409"><ele>3276.0</ele><time>2019-07-28T16:54:32.000Z</time></trkpt>
   <trkpt lat="19.563734" lon="-99.564223"><ele>3264.8</ele><time>2019-07-28T16:54:49.000Z</time></trkpt>
   <trkpt lat="19.563259" lon="-99.564804"><ele>3260.8</ele><time>2019-07-28T16:54:56.000Z</time></trkpt>
   <trkpt lat="19.562684" lon="-99.565078"><ele>3257.3</ele><time>2019-07-28T16:55:02.000Z</time></trkpt>
   <trkpt lat="19.561600" lon="-99.565146"><ele>3249.7</ele><time>2019-07-28T16:55:12.000Z</time></trkpt>
   <trkpt lat="19.561075" lon="-99.565579"><ele>3246.1</ele><time>2019-07-28T16:55:19.000Z</time></trkpt>
   <trkpt lat="19.560991" lon="-99.565882"><ele>3245.3</ele><time>2019-07-28T16:55:23.000Z</time></trkpt>
   <trkpt lat="19.561123" lon="-99.566104"><ele>3244.2</ele><time>2019-07-28T16:55:26.000Z</time></trkpt>
   <trkpt lat="19.561656" lon="-99.566420"><ele>3241.3</ele><time>2019-07-28T16:55:34.000Z</time></trkpt>
   <trkpt lat="19.561962" lon="-99.566806"><ele>3238.6</ele><time>2019-07-28T16:55:40.000Z</time></trkpt>
   <trkpt lat="19.562029" lon="-99.567038"><ele>3237.1</ele><time>2019-07-28T16:55:43.000Z</time></trkpt>
   <trkpt lat="19.561827" lon="-99.568697"><ele>3226.5</ele><time>2019-07-28T16:56:02.000Z</time></trkpt>
   <trkpt lat="19.561443" lon="-99.570345"><ele>3214.3</ele><time>2019-07-28T16:56:19.000Z</time></trkpt>
   <trkpt lat="19.561366" lon="-99.572160"><ele>3201.7</ele><time>2019-07-28T16:56:36.000Z</time></trkpt>
   <trkpt lat="19.561430" lon="-99.572349"><ele>3200.8</ele><time>2019-07-28T16:56:38.000Z</time></trkpt>
   <trkpt lat="19.561598" lon="-99.572510"><ele>3199.5</ele><time>2019-07-28T16:56:41.000Z</time></trkpt>
   <trkpt lat="19.562371" lon="-99.572596"><ele>3194.1</ele><time>2019-07-28T16:56:50.000Z</time></trkpt>
   <trkpt lat="19.562791" lon="-99.572880"><ele>3189.4</ele><time>2019-07-28T16:56:55.000Z</time></trkpt>
   <trkpt lat="19.562985" lon="-99.573537"><ele>3184.2</ele><time>2019-07-28T16:57:01.000Z</time></trkpt>
   <trkpt lat="19.563010" lon="-99.574488"><ele>3179.3</ele><time>2019-07-28T16:57:10.000Z</time></trkpt>
   <trkpt lat="19.563125" lon="-99.574733"><ele>3178.4</ele><time>2019-07-28T16:57:13.000Z</time></trkpt>
   <trkpt lat="19.563286" lon="-99.574863"><ele>3177.3</ele><time>2019-07-28T16:57:16.000Z</time></trkpt>
   <trkpt lat="19.563701" lon="-99.574811"><ele>3174.2</ele><time>2019-07-28T16:57:20.000Z</time></trkpt>
   <trkpt lat="19.564244" lon="-99.574867"><ele>3171.4</ele><time>2019-07-28T16:57:26.000Z</time></trkpt>
   <trkpt lat="19.564812" lon="-99.575510"><ele>3165.4</ele><time>2019-07-28T16:57:34.000Z</time></trkpt>
   <trkpt lat="19.565178" lon="-99.575697"><ele>3163.6</ele><time>2019-07-28T16:57:39.000Z</time></trkpt>
   <trkpt lat="19.565506" lon="-99.575525"><ele>3162.1</ele><time>2019-07-28T16:57:43.000Z</time></trkpt>
   <trkpt lat="19.565583" lon="-99.575381"><ele>3161.2</ele><time>2019-07-28T16:57:45.000Z</time></trkpt>
   <trkpt lat="19.565467" lon="-99.574706"><ele>3156.1</ele><time>2019-07-28T16:57:52.000Z</time></trkpt>
   <trkpt lat="19.565560" lon="-99.574376"><ele>3153.3</ele><time>2019-07-28T16:57:56.000Z</time></trkpt>
   <trkpt lat="19.565540" lon="-99.574114"><ele>3150.6</ele><time>2019-07-28T16:57:59.000Z</time></trkpt>
   <trkpt lat="19.564908" lon="-99.573050"><ele>3141.4</ele><time>2019-07-28T16:58:12.000Z</time></trkpt>
   <trkpt lat="19.565185" lon="-99.572437"><ele>3136.0</ele><time>2019-07-28T16:58:20.000Z</time></trkpt>
   <trkpt lat="19.564919" lon="-99.571201"><ele>3127.5</ele><time>2019-07-28T16:58:37.000Z</time></trkpt>
   <trkpt lat="19.565024" lon="-99.571063"><ele>3126.9</ele><time>2019-07-28T16:58:39.000Z</time></trkpt>
   <trkpt lat="19.565148" lon="-99.571081"><ele>3126.6</ele><time>2019-07-28T16:58:41.000Z</time></trkpt>
   <trkpt lat="19.565210" lon="-99.571005"><ele>3126.3</ele><time>2019-07-28T16:58:42.000Z</time></trkpt>
   <trkpt lat="19.565476" lon="-99.571078"><ele>3125.1</ele><time>2019-07-28T16:58:46.000Z</time></trkpt>
   <trkpt lat="19.565943" lon="-99.571505"><ele>3120.3</ele><time>2019-07-28T16:59:08.000Z</time></trkpt>
   <trkpt lat="19.566424" lon="-99.571785"><ele>3115.6</ele><time>2019-07-28T16:59:28.000Z</time></trkpt>
   <trkpt lat="19.568222" lon="-99.573278"><ele>3100.6</ele><time>2019-07-28T16:59:56.000Z</time></trkpt>
   <trkpt lat="19.568379" lon="-99.574140"><ele>3094.9</ele><time>2019-07-28T17:00:04.000Z</time></trkpt>
   <trkpt lat="19.568884" lon="-99.574886"><ele>3088.4</ele><time>2019-07-28T17:00:13.000Z</time></trkpt>
   <trkpt lat="19.568935" lon="-99.575260"><ele>3086.1</ele><time>2019-07-28T17:00:17.000Z</time></trkpt>
   <trkpt lat="19.568731" lon="-99.577745"><ele>3070.0</ele><time>2019-07-28T17:00:42.000Z</time></trkpt>
   <trkpt lat="19.568126" lon="-99.578810"><ele>3059.9</ele><time>2019-07-28T17:00:54.000Z</time></trkpt>
   <trkpt lat="19.568269" lon="-99.579996"><ele>3049.7</ele><time>2019-07-28T17:01:06.000Z</time></trkpt>
   <trkpt lat="19.568532" lon="-99.580344"><ele>3046.3</ele><time>2019-07-28T17:01:11.000Z</time></trkpt>
   <trkpt lat="19.568816" lon="-99.580397"><ele>3043.6</ele><time>2019-07-28T17:01:14.000Z</time></trkpt>
   <trkpt lat="19.569542" lon="-99.579528"><ele>3033.6</ele><time>2019-07-28T17:01:25.000Z</time></trkpt>
   <trkpt lat="19.569908" lon="-99.579492"><ele>3031.2</ele><time>2019-07-28T17:01:29.000Z</time></trkpt>
   <trkpt lat="19.570202" lon="-99.579735"><ele>3028.1</ele><time>2019-07-28T17:01:34.000Z</time></trkpt>
   <trkpt lat="19.570249" lon="-99.580201"><ele>3024.4</ele><time>2019-07-28T17:01:39.000Z</time></trkpt>
   <trkpt lat="19.570378" lon="-99.580556"><ele>3021.5</ele><time>2019-07-28T17:01:43.000Z</time></trkpt>
   <trkpt lat="19.570350" lon="-99.580935"><ele>3018.7</ele><time>2019-07-28T17:01:47.000Z</time></trkpt>
   <trkpt lat="19.569744" lon="-99.582190"><ele>3008.2</ele><time>2019-07-28T17:02:01.000Z</time></trkpt>
   <trkpt lat="19.569667" lon="-99.583999"><ele>2995.1</ele><time>2019-07-28T17:02:20.000Z</time></trkpt>
   <trkpt lat="19.569791" lon="-99.584477"><ele>2990.8</ele><time>2019-07-28T17:02:26.000Z</time></trkpt>
   <trkpt lat="19.569945" lon="-99.584558"><ele>2989.3</ele><time>2019-07-28T17:02:28.000Z</time></trkpt>
   <trkpt lat="19.570318" lon="-99.585118"><ele>2984.0</ele><time>2019-07-28T17:02:37.000Z</time></trkpt>
   <trkpt lat="19.570324" lon="-99.585435"><ele>2981.1</ele><time>2019-07-28T17:02:41.000Z</time></trkpt>
   <trkpt lat="19.570115" lon="-99.585922"><ele>2977.6</ele><time>2019-07-28T17:02:47.000Z</time></trkpt>
   <trkpt lat="19.570156" lon="-99.586092"><ele>2976.3</ele><time>2019-07-28T17:02:49.000Z</time></trkpt>
   <trkpt lat="19.570440" lon="-99.586796"><ele>2970.3</ele><time>2019-07-28T17:02:58.000Z</time></trkpt>
   <trkpt lat="19.570623" lon="-99.586992"><ele>2967.9</ele><time>2019-07-28T17:03:02.000Z</time></trkpt>
   <trkpt lat="19.571165" lon="-99.587123"><ele>2963.1</ele><time>2019-07-28T17:03:09.000Z</time></trkpt>
   <trkpt lat="19.571575" lon="-99.587379"><ele>2960.6</ele><time>2019-07-28T17:03:14.000Z</time></trkpt>
   <trkpt lat="19.572154" lon="-99.587533"><ele>2956.2</ele><time>2019-07-28T17:03:21.000Z</time></trkpt>
   <trkpt lat="19.572734" lon="-99.587582"><ele>2951.0</ele><time>2019-07-28T17:03:28.000Z</time></trkpt>
   <trkpt lat="19.573090" lon="-99.587894"><ele>2947.2</ele><time>2019-07-28T17:03:34.000Z</time></trkpt>
   <trkpt lat="19.572870" lon="-99.588429"><ele>2943.4</ele><time>2019-07-28T17:03:41.000Z</time></trkpt>
   <trkpt lat="19.571394" lon="-99.589294"><ele>2931.6</ele><time>2019-07-28T17:03:59.000Z</time></trkpt>
   <trkpt lat="19.571210" lon="-99.589470"><ele>2930.4</ele><time>2019-07-28T17:04:02.000Z</time></trkpt>
   <trkpt lat="19.571142" lon="-99.589613"><ele>2929.4</ele><time>2019-07-28T17:04:04.000Z</time></trkpt>
   <trkpt lat="19.571195" lon="-99.590033"><ele>2926.7</ele><time>2019-07-28T17:04:09.000Z</time></trkpt>
   <trkpt lat="19.571134" lon="-99.590276"><ele>2925.0</ele><time>2019-07-28T17:04:12.000Z</time></trkpt>
   <trkpt lat="19.569692" lon="-99.592035"><ele>2909.4</ele><time>2019-07-28T17:04:36.000Z</time></trkpt>
   <trkpt lat="19.569440" lon="-99.592842"><ele>2905.4</ele><time>2019-07-28T17:04:50.000Z</time></trkpt>
   <trkpt lat="19.569704" lon="-99.591954"><ele>2911.2</ele><time>2019-07-28T17:07:18.000Z</time></trkpt>
   <trkpt lat="19.571121" lon="-99.590268"><ele>2926.6</ele><time>2019-07-28T17:08:31.000Z</time></trkpt>
   <trkpt lat="19.571184" lon="-99.590037"><ele>2928.0</ele><time>2019-07-28T17:08:40.000Z</time></trkpt>
   <trkpt lat="19.571143" lon="-99.589620"><ele>2930.6</ele><time>2019-07-28T17:08:55.000Z</time></trkpt>
   <trkpt lat="19.571252" lon="-99.589400"><ele>2931.7</ele><time>2019-07-28T17:09:03.000Z</time></trkpt>
   <trkpt lat="19.572815" lon="-99.588422"><ele>2944.5</ele><time>2019-07-28T17:10:08.000Z</time></trkpt>
   <trkpt lat="19.573054" lon="-99.588145"><ele>2946.8</ele><time>2019-07-28T17:10:21.000Z</time></trkpt>
   <trkpt lat="19.573069" lon="-99.587873"><ele>2948.5</ele><time>2019-07-28T17:10:31.000Z</time></trkpt>
   <trkpt lat="19.572920" lon="-99.587671"><ele>2950.7</ele><time>2019-07-28T17:10:42.000Z</time></trkpt>
   <trkpt lat="19.572247" lon="-99.587614"><ele>2956.8</ele><time>2019-07-28T17:11:10.000Z</time></trkpt>
   <trkpt lat="19.572033" lon="-99.587417"><ele>2959.2</ele><time>2019-07-28T17:11:18.000Z</time></trkpt>
   <trkpt lat="19.571677" lon="-99.587478"><ele>2961.1</ele><time>2019-07-28T17:11:37.000Z</time></trkpt>
   <trkpt lat="19.571533" lon="-99.587316"><ele>2962.1</ele><time>2019-07-28T17:11:42.000Z</time></trkpt>
   <trkpt lat="19.570884" lon="-99.587142"><ele>2967.5</ele><time>2019-07-28T17:11:59.000Z</time></trkpt>
   <trkpt lat="19.570891" lon="-99.587086"><ele>2967.9</ele><time>2019-07-28T17:12:00.000Z</time></trkpt>
   <trkpt lat="19.570859" lon="-99.587186"><ele>2969.1</ele><time>2019-07-28T17:12:06.000Z</time></trkpt>
   <trkpt lat="19.570732" lon="-99.587147"><ele>2970.3</ele><time>2019-07-28T17:12:13.000Z</time></trkpt>
   <trkpt lat="19.570525" lon="-99.586909"><ele>2973.1</ele><time>2019-07-28T17:12:27.000Z</time></trkpt>
   <trkpt lat="19.570149" lon="-99.586044"><ele>2979.9</ele><time>2019-07-28T17:13:04.000Z</time></trkpt>
   <trkpt lat="19.570133" lon="-99.585799"><ele>2981.4</ele><time>2019-07-28T17:13:13.000Z</time></trkpt>
   <trkpt lat="19.570296" lon="-99.585301"><ele>2985.9</ele><time>2019-07-28T17:13:36.000Z</time></trkpt>
   <trkpt lat="19.569727" lon="-99.584214"><ele>2996.4</ele><time>2019-07-28T17:14:25.000Z</time></trkpt>
   <trkpt lat="19.569748" lon="-99.582470"><ele>3009.0</ele><time>2019-07-28T17:15:37.000Z</time></trkpt>
   <trkpt lat="19.569823" lon="-99.582041"><ele>3012.1</ele><time>2019-07-28T17:15:53.000Z</time></trkpt>
   <trkpt lat="19.569985" lon="-99.581840"><ele>3014.1</ele><time>2019-07-28T17:16:03.000Z</time></trkpt>
   <trkpt lat="19.570402" lon="-99.580786"><ele>3022.6</ele><time>2019-07-28T17:16:49.000Z</time></trkpt>
   <trkpt lat="19.570155" lon="-99.579652"><ele>3031.4</ele><time>2019-07-28T17:17:39.000Z</time></trkpt>
   <trkpt lat="19.570056" lon="-99.579529"><ele>3032.4</ele><time>2019-07-28T17:17:47.000Z</time></trkpt>
   <trkpt lat="19.569817" lon="-99.579535"><ele>3033.9</ele><time>2019-07-28T17:17:55.000Z</time></trkpt>
   <trkpt lat="19.569593" lon="-99.579651"><ele>3036.2</ele><time>2019-07-28T17:18:05.000Z</time></trkpt>
   <trkpt lat="19.569375" lon="-99.579928"><ele>3039.5</ele><time>2019-07-28T17:18:19.000Z</time></trkpt>
   <trkpt lat="19.568808" lon="-99.580256"><ele>3045.2</ele><time>2019-07-28T17:18:48.000Z</time></trkpt>
   <trkpt lat="19.568514" lon="-99.580241"><ele>3047.8</ele><time>2019-07-28T17:19:00.000Z</time></trkpt>
   <trkpt lat="19.568327" lon="-99.580044"><ele>3049.8</ele><time>2019-07-28T17:19:14.000Z</time></trkpt>
   <trkpt lat="19.568186" lon="-99.578907"><ele>3059.7</ele><time>2019-07-28T17:20:07.000Z</time></trkpt>
   <trkpt lat="19.568456" lon="-99.578458"><ele>3063.8</ele><time>2019-07-28T17:20:31.000Z</time></trkpt>
   <trkpt lat="19.568670" lon="-99.578287"><ele>3066.5</ele><time>2019-07-28T17:20:46.000Z</time></trkpt>
   <trkpt lat="19.568820" lon="-99.577944"><ele>3069.4</ele><time>2019-07-28T17:21:00.000Z</time></trkpt>
   <trkpt lat="19.568973" lon="-99.577051"><ele>3075.6</ele><time>2019-07-28T17:21:31.000Z</time></trkpt>
   <trkpt lat="19.569023" lon="-99.575827"><ele>3083.4</ele><time>2019-07-28T17:22:19.000Z</time></trkpt>
   <trkpt lat="19.568924" lon="-99.574963"><ele>3088.5</ele><time>2019-07-28T17:22:57.000Z</time></trkpt>
   <trkpt lat="19.568493" lon="-99.574328"><ele>3093.9</ele><time>2019-07-28T17:23:25.000Z</time></trkpt>
   <trkpt lat="19.568303" lon="-99.573435"><ele>3099.7</ele><time>2019-07-28T17:23:56.000Z</time></trkpt>
   <trkpt lat="19.567724" lon="-99.573001"><ele>3104.3</ele><time>2019-07-28T17:24:21.000Z</time></trkpt>
   <trkpt lat="19.567238" lon="-99.572487"><ele>3108.3</ele><time>2019-07-28T17:24:50.000Z</time></trkpt>
   <trkpt lat="19.566990" lon="-99.572365"><ele>3110.2</ele><time>2019-07-28T17:25:02.000Z</time></trkpt>
   <trkpt lat="19.566613" lon="-99.571912"><ele>3114.2</ele><time>2019-07-28T17:25:24.000Z</time></trkpt>
   <trkpt lat="19.566120" lon="-99.571628"><ele>3118.7</ele><time>2019-07-28T17:25:44.000Z</time></trkpt>
   <trkpt lat="19.565864" lon="-99.571384"><ele>3121.6</ele><time>2019-07-28T17:25:58.000Z</time></trkpt>
   <trkpt lat="19.565603" lon="-99.571260"><ele>3124.6</ele><time>2019-07-28T17:26:08.000Z</time></trkpt>
   <trkpt lat="19.565317" lon="-99.571451"><ele>3126.6</ele><time>2019-07-28T17:26:19.000Z</time></trkpt>
   <trkpt lat="19.565180" lon="-99.571412"><ele>3130.0</ele><time>2019-07-28T17:26:28.000Z</time></trkpt>
   <trkpt lat="19.565175" lon="-99.572365"><ele>3136.1</ele><time>2019-07-28T17:27:09.000Z</time></trkpt>
   <trkpt lat="19.564996" lon="-99.572893"><ele>3141.0</ele><time>2019-07-28T17:27:32.000Z</time></trkpt>
   <trkpt lat="19.565561" lon="-99.574377"><ele>3153.5</ele><time>2019-07-28T17:28:26.000Z</time></trkpt>
   <trkpt lat="19.565445" lon="-99.574768"><ele>3156.6</ele><time>2019-07-28T17:28:44.000Z</time></trkpt>
   <trkpt lat="19.565473" lon="-99.575303"><ele>3160.9</ele><time>2019-07-28T17:29:08.000Z</time></trkpt>
   <trkpt lat="19.565318" lon="-99.575543"><ele>3162.4</ele><time>2019-07-28T17:29:17.000Z</time></trkpt>
   <trkpt lat="19.565035" lon="-99.575636"><ele>3163.7</ele><time>2019-07-28T17:29:28.000Z</time></trkpt>
   <trkpt lat="19.564201" lon="-99.574961"><ele>3170.6</ele><time>2019-07-28T17:30:14.000Z</time></trkpt>
   <trkpt lat="19.563194" lon="-99.574744"><ele>3177.1</ele><time>2019-07-28T17:30:47.000Z</time></trkpt>
   <trkpt lat="19.563068" lon="-99.574550"><ele>3178.4</ele><time>2019-07-28T17:30:56.000Z</time></trkpt>
   <trkpt lat="19.562966" lon="-99.573427"><ele>3183.9</ele><time>2019-07-28T17:31:32.000Z</time></trkpt>
   <trkpt lat="19.562818" lon="-99.573052"><ele>3186.5</ele><time>2019-07-28T17:31:47.000Z</time></trkpt>
   <trkpt lat="19.562352" lon="-99.572652"><ele>3192.5</ele><time>2019-07-28T17:32:08.000Z</time></trkpt>
   <trkpt lat="19.561694" lon="-99.572557"><ele>3197.4</ele><time>2019-07-28T17:32:34.000Z</time></trkpt>
   <trkpt lat="19.561434" lon="-99.572354"><ele>3199.7</ele><time>2019-07-28T17:32:47.000Z</time></trkpt>
   <trkpt lat="19.561500" lon="-99.570920"><ele>3209.0</ele><time>2019-07-28T17:33:41.000Z</time></trkpt>
   <trkpt lat="19.561727" lon="-99.569948"><ele>3216.7</ele><time>2019-07-28T17:34:16.000Z</time></trkpt>
   <trkpt lat="19.561687" lon="-99.569707"><ele>3218.6</ele><time>2019-07-28T17:34:24.000Z</time></trkpt>
   <trkpt lat="19.561826" lon="-99.569459"><ele>3220.9</ele><time>2019-07-28T17:34:31.000Z</time></trkpt>
   <trkpt lat="19.561820" lon="-99.568761"><ele>3225.7</ele><time>2019-07-28T17:35:00.000Z</time></trkpt>
   <trkpt lat="19.562002" lon="-99.567527"><ele>3233.9</ele><time>2019-07-28T17:35:42.000Z</time></trkpt>
   <trkpt lat="19.561876" lon="-99.566714"><ele>3239.1</ele><time>2019-07-28T17:36:10.000Z</time></trkpt>
   <trkpt lat="19.561665" lon="-99.566485"><ele>3240.8</ele><time>2019-07-28T17:36:19.000Z</time></trkpt>
   <trkpt lat="19.561113" lon="-99.566117"><ele>3244.0</ele><time>2019-07-28T17:36:40.000Z</time></trkpt>
   <trkpt lat="19.561010" lon="-99.565809"><ele>3245.4</ele><time>2019-07-28T17:36:50.000Z</time></trkpt>
   <trkpt lat="19.561224" lon="-99.565426"><ele>3246.7</ele><time>2019-07-28T17:37:05.000Z</time></trkpt>
   <trkpt lat="19.561628" lon="-99.565200"><ele>3249.4</ele><time>2019-07-28T17:37:20.000Z</time></trkpt>
   <trkpt lat="19.562608" lon="-99.565182"><ele>3256.2</ele><time>2019-07-28T17:37:56.000Z</time></trkpt>
   <trkpt lat="19.563195" lon="-99.564946"><ele>3259.9</ele><time>2019-07-28T17:38:15.000Z</time></trkpt>
   <trkpt lat="19.563669" lon="-99.564494"><ele>3263.6</ele><time>2019-07-28T17:38:41.000Z</time></trkpt>
   <trkpt lat="19.564307" lon="-99.562946"><ele>3273.2</ele><time>2019-07-28T17:39:34.000Z</time></trkpt>
   <trkpt lat="19.564465" lon="-99.562822"><ele>3274.5</ele><time>2019-07-28T17:39:40.000Z</time></trkpt>
   <trkpt lat="19.564535" lon="-99.562406"><ele>3276.6</ele><time>2019-07-28T17:39:54.000Z</time></trkpt>
   <trkpt lat="19.565021" lon="-99.561792"><ele>3280.3</ele><time>2019-07-28T17:40:26.000Z</time></trkpt>
   <trkpt lat="19.565688" lon="-99.561592"><ele>3285.3</ele><time>2019-07-28T17:40:58.000Z</time></trkpt>
   <trkpt lat="19.565861" lon="-99.561464"><ele>3288.2</ele><time>2019-07-28T17:41:07.000Z</time></trkpt>
   <trkpt lat="19.565897" lon="-99.561197"><ele>3281.9</ele><time>2019-07-28T17:41:11.000Z</time></trkpt>
   <trkpt lat="19.566080" lon="-99.561246"><ele>3290.4</ele><time>2019-07-28T17:41:21.000Z</time></trkpt>
   <trkpt lat="19.566278" lon="-99.561124"><ele>3294.9</ele><time>2019-07-28T17:41:30.000Z</time></trkpt>
   <trkpt lat="19.566515" lon="-99.561099"><ele>3300.5</ele><time>2019-07-28T17:41:39.000Z</time></trkpt>
   <trkpt lat="19.566854" lon="-99.560697"><ele>3295.3</ele><time>2019-07-28T17:41:54.000Z</time></trkpt>
   <trkpt lat="19.567387" lon="-99.560387"><ele>3305.3</ele><time>2019-07-28T17:42:13.000Z</time></trkpt>
   <trkpt lat="19.567994" lon="-99.560453"><ele>3323.6</ele><time>2019-07-28T17:42:32.000Z</time></trkpt>
   <trkpt lat="19.568280" lon="-99.560244"><ele>3321.6</ele><time>2019-07-28T17:42:44.000Z</time></trkpt>
   <trkpt lat="19.568408" lon="-99.560266"><ele>3329.6</ele><time>2019-07-28T17:42:50.000Z</time></trkpt>
   <trkpt lat="19.569231" lon="-99.559322"><ele>3312.2</ele><time>2019-07-28T17:43:29.000Z</time></trkpt>
   <trkpt lat="19.569710" lon="-99.559172"><ele>3317.2</ele><time>2019-07-28T17:43:48.000Z</time></trkpt>
   <trkpt lat="19.569943" lon="-99.558974"><ele>3319.5</ele><time>2019-07-28T17:44:00.000Z</time></trkpt>
   <trkpt lat="19.569979" lon="-99.558826"><ele>3320.6</ele><time>2019-07-28T17:44:04.000Z</time></trkpt>
   <trkpt lat="19.570156" lon="-99.558726"><ele>3322.1</ele><time>2019-07-28T17:44:08.000Z</time></trkpt>
   <trkpt lat="19.570241" lon="-99.558468"><ele>3324.1</ele><time>2019-07-28T17:44:14.000Z</time></trkpt>
   <trkpt lat="19.570402" lon="-99.558381"><ele>3325.6</ele><time>2019-07-28T17:44:24.000Z</time></trkpt>
   <trkpt lat="19.570633" lon="-99.557328"><ele>3331.1</ele><time>2019-07-28T17:45:00.000Z</time></trkpt>
   <trkpt lat="19.570844" lon="-99.557148"><ele>3333.2</ele><time>2019-07-28T17:45:10.000Z</time></trkpt>
   <trkpt lat="19.571045" lon="-99.557251"><ele>3335.5</ele><time>2019-07-28T17:45:22.000Z</time></trkpt>
   <trkpt lat="19.570880" lon="-99.556383"><ele>3341.8</ele><time>2019-07-28T17:46:01.000Z</time></trkpt>
   <trkpt lat="19.570874" lon="-99.555507"><ele>3346.3</ele><time>2019-07-28T17:46:31.000Z</time></trkpt>
   <trkpt lat="19.570641" lon="-99.554732"><ele>3351.1</ele><time>2019-07-28T17:46:59.000Z</time></trkpt>
   <trkpt lat="19.570819" lon="-99.554447"><ele>3352.9</ele><time>2019-07-28T17:47:12.000Z</time></trkpt>
   <trkpt lat="19.571110" lon="-99.553634"><ele>3358.5</ele><time>2019-07-28T17:47:39.000Z</time></trkpt>
   <trkpt lat="19.571093" lon="-99.553235"><ele>3361.2</ele><time>2019-07-28T17:47:57.000Z</time></trkpt>
   <trkpt lat="19.571181" lon="-99.552830"><ele>3364.0</ele><time>2019-07-28T17:48:20.000Z</time></trkpt>
   <trkpt lat="19.571942" lon="-99.551159"><ele>3374.4</ele><time>2019-07-28T17:49:12.000Z</time></trkpt>
   <trkpt lat="19.571940" lon="-99.549810"><ele>3379.1</ele><time>2019-07-28T17:50:01.000Z</time></trkpt>
   <trkpt lat="19.571810" lon="-99.549178"><ele>3383.3</ele><time>2019-07-28T17:50:33.000Z</time></trkpt>
   <trkpt lat="19.571563" lon="-99.548701"><ele>3385.8</ele><time>2019-07-28T17:51:00.000Z</time></trkpt>
   <trkpt lat="19.571291" lon="-99.548720"><ele>3387.2</ele><time>2019-07-28T17:51:02.000Z</time></trkpt>
   <trkpt lat="19.571113" lon="-99.548470"><ele>3388.4</ele><time>2019-07-28T17:51:05.000Z</time></trkpt>
   <trkpt lat="19.571070" lon="-99.548254"><ele>3389.0</ele><time>2019-07-28T17:51:06.000Z</time></trkpt>
   <trkpt lat="19.570766" lon="-99.548033"><ele>3391.2</ele><time>2019-07-28T17:51:10.000Z</time></trkpt>
   <trkpt lat="19.570606" lon="-99.548053"><ele>3392.1</ele><time>2019-07-28T17:51:16.000Z</time></trkpt>
   <trkpt lat="19.570603" lon="-99.548175"><ele>3393.0</ele><time>2019-07-28T17:51:20.000Z</time></trkpt>
   <trkpt lat="19.570485" lon="-99.548135"><ele>3393.7</ele><time>2019-07-28T17:51:24.000Z</time></trkpt>
   <trkpt lat="19.570342" lon="-99.548395"><ele>3395.4</ele><time>2019-07-28T17:51:31.000Z</time></trkpt>
   <trkpt lat="19.569962" lon="-99.548343"><ele>3397.6</ele><time>2019-07-28T17:51:42.000Z</time></trkpt>
   <trkpt lat="19.569694" lon="-99.548187"><ele>3399.2</ele><time>2019-07-28T17:51:51.000Z</time></trkpt>
   <trkpt lat="19.569498" lon="-99.547924"><ele>3400.1</ele><time>2019-07-28T17:51:57.000Z</time></trkpt>
   <trkpt lat="19.569218" lon="-99.547872"><ele>3400.6</ele><time>2019-07-28T17:52:09.000Z</time></trkpt>
   <trkpt lat="19.568910" lon="-99.547643"><ele>3401.4</ele><time>2019-07-28T17:52:15.000Z</time></trkpt>
   <trkpt lat="19.568640" lon="-99.547730"><ele>3401.8</ele><time>2019-07-28T17:52:18.000Z</time></trkpt>
   <trkpt lat="19.568473" lon="-99.547695"><ele>3401.7</ele><time>2019-07-28T17:52:21.000Z</time></trkpt>
   <trkpt lat="19.568282" lon="-99.547471"><ele>3401.6</ele><time>2019-07-28T17:52:26.000Z</time></trkpt>
   <trkpt lat="19.568215" lon="-99.547074"><ele>3401.8</ele><time>2019-07-28T17:52:34.000Z</time></trkpt>
   <trkpt lat="19.568649" lon="-99.546365"><ele>3401.9</ele><time>2019-07-28T17:52:46.000Z</time></trkpt>
   <trkpt lat="19.568666" lon="-99.546145"><ele>3401.8</ele><time>2019-07-28T17:52:49.000Z</time></trkpt>
   <trkpt lat="19.569236" lon="-99.545601"><ele>3402.1</ele><time>2019-07-28T17:53:02.000Z</time></trkpt>
   <trkpt lat="19.569554" lon="-99.545220"><ele>3402.5</ele><time>2019-07-28T17:53:10.000Z</time></trkpt>
   <trkpt lat="19.569553" lon="-99.545091"><ele>3402.6</ele><time>2019-07-28T17:53:12.000Z</time></trkpt>
   <trkpt lat="19.570362" lon="-99.544870"><ele>3402.3</ele><time>2019-07-28T17:53:24.000Z</time></trkpt>
   <trkpt lat="19.570471" lon="-99.544971"><ele>3402.0</ele><time>2019-07-28T17:53:26.000Z</time></trkpt>
   <trkpt lat="19.570689" lon="-99.544816"><ele>3401.6</ele><time>2019-07-28T17:53:30.000Z</time></trkpt>
   <trkpt lat="19.570846" lon="-99.543950"><ele>3401.6</ele><time>2019-07-28T17:53:40.000Z</time></trkpt>
   <trkpt lat="19.571520" lon="-99.542641"><ele>3399.7</ele><time>2019-07-28T17:53:58.000Z</time></trkpt>
   <trkpt lat="19.572005" lon="-99.541894"><ele>3398.9</ele><time>2019-07-28T17:54:09.000Z</time></trkpt>
   <trkpt lat="19.571836" lon="-99.541384"><ele>3397.9</ele><time>2019-07-28T17:54:16.000Z</time></trkpt>
   <trkpt lat="19.571352" lon="-99.541037"><ele>3396.8</ele><time>2019-07-28T17:54:21.000Z</time></trkpt>
   <trkpt lat="19.571342" lon="-99.540895"><ele>3396.5</ele><time>2019-07-28T17:54:22.000Z</time></trkpt>
   <trkpt lat="19.571498" lon="-99.540703"><ele>3396.2</ele><time>2019-07-28T17:54:25.000Z</time></trkpt>
   <trkpt lat="19.571770" lon="-99.540517"><ele>3396.1</ele><time>2019-07-28T17:54:29.000Z</time></trkpt>
   <trkpt lat="19.572204" lon="-99.540640"><ele>3396.8</ele><time>2019-07-28T17:54:35.000Z</time></trkpt>
   <trkpt lat="19.572629" lon="-99.540913"><ele>3397.4</ele><time>2019-07-28T17:54:42.000Z</time></trkpt>
   <trkpt lat="19.572863" lon="-99.540737"><ele>3397.0</ele><time>2019-07-28T17:54:45.000Z</time></trkpt>
   <trkpt lat="19.573057" lon="-99.540367"><ele>3397.7</ele><time>2019-07-28T17:54:50.000Z</time></trkpt>
   <trkpt lat="19.573283" lon="-99.540219"><ele>3398.2</ele><time>2019-07-28T17:54:55.000Z</time></trkpt>
   <trkpt lat="19.573667" lon="-99.540246"><ele>3398.9</ele><time>2019-07-28T17:55:01.000Z</time></trkpt>
   <trkpt lat="19.573745" lon="-99.540186"><ele>3399.1</ele><time>2019-07-28T17:55:02.000Z</time></trkpt>
   <trkpt lat="19.574129" lon="-99.540288"><ele>3399.9</ele><time>2019-07-28T17:55:09.000Z</time></trkpt>
   <trkpt lat="19.574224" lon="-99.539066"><ele>3397.5</ele><time>2019-07-28T17:55:23.000Z</time></trkpt>
   <trkpt lat="19.574360" lon="-99.538734"><ele>3396.3</ele><time>2019-07-28T17:55:27.000Z</time></trkpt>
   <trkpt lat="19.574712" lon="-99.538505"><ele>3394.7</ele><time>2019-07-28T17:55:32.000Z</time></trkpt>
   <trkpt lat="19.575602" lon="-99.538225"><ele>3390.6</ele><time>2019-07-28T17:55:43.000Z</time></trkpt>
   <trkpt lat="19.575960" lon="-99.538035"><ele>3389.1</ele><time>2019-07-28T17:55:47.000Z</time></trkpt>
   <trkpt lat="19.576230" lon="-99.537713"><ele>3387.6</ele><time>2019-07-28T17:55:51.000Z</time></trkpt>
   <trkpt lat="19.576178" lon="-99.537594"><ele>3387.5</ele><time>2019-07-28T17:55:52.000Z</time></trkpt>
   <trkpt lat="19.575980" lon="-99.537499"><ele>3387.6</ele><time>2019-07-28T17:55:53.000Z</time></trkpt>
   <trkpt lat="19.575798" lon="-99.537189"><ele>3387.4</ele><time>2019-07-28T17:55:56.000Z</time></trkpt>
   <trkpt lat="19.575645" lon="-99.537156"><ele>3387.3</ele><time>2019-07-28T17:55:58.000Z</time></trkpt>
   <trkpt lat="19.575348" lon="-99.536432"><ele>3388.4</ele><time>2019-07-28T17:56:06.000Z</time></trkpt>
   <trkpt lat="19.575307" lon="-99.535931"><ele>3389.6</ele><time>2019-07-28T17:56:12.000Z</time></trkpt>
   <trkpt lat="19.575428" lon="-99.534545"><ele>3389.0</ele><time>2019-07-28T17:56:30.000Z</time></trkpt>
   <trkpt lat="19.575311" lon="-99.533866"><ele>3391.1</ele><time>2019-07-28T17:56:40.000Z</time></trkpt>
   <trkpt lat="19.575365" lon="-99.533685"><ele>3392.6</ele><time>2019-07-28T17:56:44.000Z</time></trkpt>
   <trkpt lat="19.575192" lon="-99.533514"><ele>3394.0</ele><time>2019-07-28T17:56:50.000Z</time></trkpt>
   <trkpt lat="19.574852" lon="-99.532474"><ele>3399.4</ele><time>2019-07-28T17:57:21.000Z</time></trkpt>
   <trkpt lat="19.574832" lon="-99.532183"><ele>3400.6</ele><time>2019-07-28T17:57:28.000Z</time></trkpt>
   <trkpt lat="19.574298" lon="-99.530634"><ele>3404.4</ele><time>2019-07-28T17:58:07.000Z</time></trkpt>
   <trkpt lat="19.574256" lon="-99.530276"><ele>3405.0</ele><time>2019-07-28T17:58:15.000Z</time></trkpt>
   <trkpt lat="19.574046" lon="-99.529862"><ele>3405.3</ele><time>2019-07-28T17:58:23.000Z</time></trkpt>
   <trkpt lat="19.573586" lon="-99.528003"><ele>3408.7</ele><time>2019-07-28T17:59:06.000Z</time></trkpt>
   <trkpt lat="19.573664" lon="-99.527826"><ele>3409.4</ele><time>2019-07-28T17:59:08.000Z</time></trkpt>
   <trkpt lat="19.573584" lon="-99.527844"><ele>3409.7</ele><time>2019-07-28T17:59:10.000Z</time></trkpt>
   <trkpt lat="19.573672" lon="-99.527687"><ele>3410.4</ele><time>2019-07-28T18:00:03.000Z</time></trkpt>
   <trkpt lat="19.573696" lon="-99.527186"><ele>3411.9</ele><time>2019-07-28T18:00:12.000Z</time></trkpt>
   <trkpt lat="19.573587" lon="-99.526090"><ele>3415.2</ele><time>2019-07-28T18:00:38.000Z</time></trkpt>
   <trkpt lat="19.573456" lon="-99.525749"><ele>3416.4</ele><time>2019-07-28T18:00:43.000Z</time></trkpt>
   <trkpt lat="19.573445" lon="-99.524733"><ele>3419.9</ele><time>2019-07-28T18:01:04.000Z</time></trkpt>
   <trkpt lat="19.573622" lon="-99.524373"><ele>3421.2</ele><time>2019-07-28T18:01:14.000Z</time></trkpt>
   <trkpt lat="19.573904" lon="-99.524083"><ele>3422.1</ele><time>2019-07-28T18:01:24.000Z</time></trkpt>
   <trkpt lat="19.574151" lon="-99.523988"><ele>3422.7</ele><time>2019-07-28T18:01:31.000Z</time></trkpt>
   <trkpt lat="19.574887" lon="-99.523940"><ele>3426.2</ele><time>2019-07-28T18:01:49.000Z</time></trkpt>
   <trkpt lat="19.574960" lon="-99.523867"><ele>3426.7</ele><time>2019-07-28T18:01:51.000Z</time></trkpt>
   <trkpt lat="19.574991" lon="-99.523593"><ele>3427.8</ele><time>2019-07-28T18:01:55.000Z</time></trkpt>
   <trkpt lat="19.574809" lon="-99.523083"><ele>3429.9</ele><time>2019-07-28T18:02:12.000Z</time></trkpt>
   <trkpt lat="19.574737" lon="-99.522544"><ele>3432.4</ele><time>2019-07-28T18:02:27.000Z</time></trkpt>
   <trkpt lat="19.574784" lon="-99.522316"><ele>3434.2</ele><time>2019-07-28T18:02:37.000Z</time></trkpt>
   <trkpt lat="19.574922" lon="-99.522166"><ele>3435.7</ele><time>2019-07-28T18:02:43.000Z</time></trkpt>
   <trkpt lat="19.574957" lon="-99.521741"><ele>3438.2</ele><time>2019-07-28T18:02:49.000Z</time></trkpt>
   <trkpt lat="19.574312" lon="-99.520319"><ele>3445.8</ele><time>2019-07-28T18:03:42.000Z</time></trkpt>
   <trkpt lat="19.574013" lon="-99.520144"><ele>3447.1</ele><time>2019-07-28T18:03:52.000Z</time></trkpt>
   <trkpt lat="19.573535" lon="-99.520174"><ele>3450.1</ele><time>2019-07-28T18:04:09.000Z</time></trkpt>
   <trkpt lat="19.573241" lon="-99.520071"><ele>3451.9</ele><time>2019-07-28T18:04:19.000Z</time></trkpt>
   <trkpt lat="19.572806" lon="-99.519662"><ele>3454.7</ele><time>2019-07-28T18:04:43.000Z</time></trkpt>
   <trkpt lat="19.572254" lon="-99.518913"><ele>3459.0</ele><time>2019-07-28T18:05:16.000Z</time></trkpt>
   <trkpt lat="19.572229" lon="-99.518770"><ele>3459.9</ele><time>2019-07-28T18:05:20.000Z</time></trkpt>
   <trkpt lat="19.571688" lon="-99.518327"><ele>3464.3</ele><time>2019-07-28T18:05:48.000Z</time></trkpt>
   <trkpt lat="19.571607" lon="-99.518096"><ele>3465.7</ele><time>2019-07-28T18:05:57.000Z</time></trkpt>
   <trkpt lat="19.571210" lon="-99.517710"><ele>3468.6</ele><time>2019-07-28T18:06:14.000Z</time></trkpt>
   <trkpt lat="19.570800" lon="-99.517103"><ele>3472.8</ele><time>2019-07-28T18:06:39.000Z</time></trkpt>
   <trkpt lat="19.570602" lon="-99.516529"><ele>3475.7</ele><time>2019-07-28T18:07:01.000Z</time></trkpt>
   <trkpt lat="19.570562" lon="-99.515848"><ele>3480.4</ele><time>2019-07-28T18:07:29.000Z</time></trkpt>
   <trkpt lat="19.569745" lon="-99.513953"><ele>3492.3</ele><time>2019-07-28T18:08:47.000Z</time></trkpt>
   <trkpt lat="19.569838" lon="-99.513430"><ele>3495.6</ele><time>2019-07-28T18:09:07.000Z</time></trkpt>
   <trkpt lat="19.569963" lon="-99.513238"><ele>3496.8</ele><time>2019-07-28T18:09:16.000Z</time></trkpt>
   <trkpt lat="19.570168" lon="-99.512539"><ele>3500.2</ele><time>2019-07-28T18:09:41.000Z</time></trkpt>
   <trkpt lat="19.570122" lon="-99.512298"><ele>3501.6</ele><time>2019-07-28T18:09:50.000Z</time></trkpt>
   <trkpt lat="19.569722" lon="-99.512060"><ele>3505.2</ele><time>2019-07-28T18:10:10.000Z</time></trkpt>
   <trkpt lat="19.569427" lon="-99.512015"><ele>3507.3</ele><time>2019-07-28T18:10:24.000Z</time></trkpt>
   <trkpt lat="19.566720" lon="-99.512155"><ele>3520.8</ele><time>2019-07-28T18:12:02.000Z</time></trkpt>
   <trkpt lat="19.564842" lon="-99.511755"><ele>3530.7</ele><time>2019-07-28T18:13:08.000Z</time></trkpt>
   <trkpt lat="19.561718" lon="-99.511619"><ele>3546.3</ele><time>2019-07-28T18:15:01.000Z</time></trkpt>
   <trkpt lat="19.561146" lon="-99.511749"><ele>3549.2</ele><time>2019-07-28T18:15:21.000Z</time></trkpt>
   <trkpt lat="19.559756" lon="-99.512258"><ele>3555.3</ele><time>2019-07-28T18:16:10.000Z</time></trkpt>
   <trkpt lat="19.558999" lon="-99.512928"><ele>3560.9</ele><time>2019-07-28T18:16:41.000Z</time></trkpt>
   <trkpt lat="19.558541" lon="-99.513185"><ele>3562.9</ele><time>2019-07-28T18:16:56.000Z</time></trkpt>
   <trkpt lat="19.556918" lon="-99.513471"><ele>3567.0</ele><time>2019-07-28T18:17:35.000Z</time></trkpt>
   <trkpt lat="19.555090" lon="-99.514031"><ele>3568.2</ele><time>2019-07-28T18:18:01.000Z</time></trkpt>
   <trkpt lat="19.554306" lon="-99.514141"><ele>3567.2</ele><time>2019-07-28T18:18:10.000Z</time></trkpt>
   <trkpt lat="19.552955" lon="-99.514004"><ele>3565.6</ele><time>2019-07-28T18:18:24.000Z</time></trkpt>
   <trkpt lat="19.551525" lon="-99.513417"><ele>3560.9</ele><time>2019-07-28T18:18:46.000Z</time></trkpt>
   <trkpt lat="19.549574" lon="-99.513161"><ele>3553.1</ele><time>2019-07-28T18:19:06.000Z</time></trkpt>
   <trkpt lat="19.549082" lon="-99.512975"><ele>3550.7</ele><time>2019-07-28T18:19:11.000Z</time></trkpt>
   <trkpt lat="19.548915" lon="-99.512589"><ele>3548.0</ele><time>2019-07-28T18:19:15.000Z</time></trkpt>
   <trkpt lat="19.548896" lon="-99.512287"><ele>3545.5</ele><time>2019-07-28T18:19:17.000Z</time></trkpt>
   <trkpt lat="19.549174" lon="-99.511785"><ele>3542.1</ele><time>2019-07-28T18:19:22.000Z</time></trkpt>
   <trkpt lat="19.549244" lon="-99.511106"><ele>3536.0</ele><time>2019-07-28T18:19:28.000Z</time></trkpt>
   <trkpt lat="19.549101" lon="-99.510924"><ele>3533.9</ele><time>2019-07-28T18:19:31.000Z</time></trkpt>
   <trkpt lat="19.548473" lon="-99.508635"><ele>3519.0</ele><time>2019-07-28T18:19:50.000Z</time></trkpt>
   <trkpt lat="19.547949" lon="-99.507533"><ele>3508.7</ele><time>2019-07-28T18:19:59.000Z</time></trkpt>
   <trkpt lat="19.547833" lon="-99.507129"><ele>3505.3</ele><time>2019-07-28T18:20:02.000Z</time></trkpt>
   <trkpt lat="19.547833" lon="-99.506857"><ele>3503.1</ele><time>2019-07-28T18:20:04.000Z</time></trkpt>
   <trkpt lat="19.547939" lon="-99.506589"><ele>3500.5</ele><time>2019-07-28T18:20:06.000Z</time></trkpt>
   <trkpt lat="19.548392" lon="-99.505964"><ele>3496.9</ele><time>2019-07-28T18:20:16.000Z</time></trkpt>
   <trkpt lat="19.548577" lon="-99.504671"><ele>3492.9</ele><time>2019-07-28T18:20:30.000Z</time></trkpt>
   <trkpt lat="19.548539" lon="-99.504167"><ele>3491.4</ele><time>2019-07-28T18:20:35.000Z</time></trkpt>
   <trkpt lat="19.548031" lon="-99.503671"><ele>3489.9</ele><time>2019-07-28T18:20:43.000Z</time></trkpt>
   <trkpt lat="19.547884" lon="-99.503370"><ele>3489.3</ele><time>2019-07-28T18:20:47.000Z</time></trkpt>
   <trkpt lat="19.547901" lon="-99.503097"><ele>3488.7</ele><time>2019-07-28T18:20:50.000Z</time></trkpt>
   <trkpt lat="19.548168" lon="-99.502493"><ele>3487.5</ele><time>2019-07-28T18:20:56.000Z</time></trkpt>
   <trkpt lat="19.548319" lon="-99.502338"><ele>3487.0</ele><time>2019-07-28T18:20:59.000Z</time></trkpt>
   <trkpt lat="19.548503" lon="-99.502311"><ele>3486.7</ele><time>2019-07-28T18:21:01.000Z</time></trkpt>
   <trkpt lat="19.548530" lon="-99.502199"><ele>3486.6</ele><time>2019-07-28T18:21:02.000Z</time></trkpt>
   <trkpt lat="19.548545" lon="-99.501797"><ele>3485.5</ele><time>2019-07-28T18:21:07.000Z</time></trkpt>
   <trkpt lat="19.548157" lon="-99.501264"><ele>3484.3</ele><time>2019-07-28T18:21:16.000Z</time></trkpt>
   <trkpt lat="19.547295" lon="-99.500518"><ele>3484.1</ele><time>2019-07-28T18:21:33.000Z</time></trkpt>
   <trkpt lat="19.544993" lon="-99.499746"><ele>3484.2</ele><time>2019-07-28T18:22:11.000Z</time></trkpt>
   <trkpt lat="19.543702" lon="-99.498588"><ele>3482.4</ele><time>2019-07-28T18:22:38.000Z</time></trkpt>
   <trkpt lat="19.543635" lon="-99.498435"><ele>3482.4</ele><time>2019-07-28T18:22:40.000Z</time></trkpt>
   <trkpt lat="19.542819" lon="-99.497617"><ele>3482.2</ele><time>2019-07-28T18:22:58.000Z</time></trkpt>
   <trkpt lat="19.542515" lon="-99.497413"><ele>3482.0</ele><time>2019-07-28T18:23:04.000Z</time></trkpt>
   <trkpt lat="19.542274" lon="-99.497087"><ele>3483.0</ele><time>2019-07-28T18:23:11.000Z</time></trkpt>
   <trkpt lat="19.541868" lon="-99.496772"><ele>3480.6</ele><time>2019-07-28T18:23:19.000Z</time></trkpt>
   <trkpt lat="19.541049" lon="-99.496366"><ele>3475.9</ele><time>2019-07-28T18:23:32.000Z</time></trkpt>
   <trkpt lat="19.539669" lon="-99.495809"><ele>3468.1</ele><time>2019-07-28T18:23:52.000Z</time></trkpt>
   <trkpt lat="19.539294" lon="-99.495747"><ele>3467.1</ele><time>2019-07-28T18:24:12.000Z</time></trkpt>
   <trkpt lat="19.539255" lon="-99.495592"><ele>3466.7</ele><time>2019-07-28T18:27:33.000Z</time></trkpt>
   <trkpt lat="19.537203" lon="-99.494775"><ele>3462.8</ele><time>2019-07-28T18:28:09.000Z</time></trkpt>
   <trkpt lat="19.535989" lon="-99.494502"><ele>3464.4</ele><time>2019-07-28T18:28:27.000Z</time></trkpt>
   <trkpt lat="19.535109" lon="-99.494504"><ele>3466.2</ele><time>2019-07-28T18:28:43.000Z</time></trkpt>
   <trkpt lat="19.534369" lon="-99.494617"><ele>3467.5</ele><time>2019-07-28T18:28:57.000Z</time></trkpt>
   <trkpt lat="19.532274" lon="-99.495479"><ele>3471.7</ele><time>2019-07-28T18:29:41.000Z</time></trkpt>
   <trkpt lat="19.531715" lon="-99.495560"><ele>3472.9</ele><time>2019-07-28T18:29:52.000Z</time></trkpt>
   <trkpt lat="19.531281" lon="-99.495515"><ele>3473.9</ele><time>2019-07-28T18:30:00.000Z</time></trkpt>
   <trkpt lat="19.531068" lon="-99.495309"><ele>3474.6</ele><time>2019-07-28T18:30:05.000Z</time></trkpt>
   <trkpt lat="19.530869" lon="-99.495281"><ele>3474.9</ele><time>2019-07-28T18:30:09.000Z</time></trkpt>
   <trkpt lat="19.530760" lon="-99.495128"><ele>3475.2</ele><time>2019-07-28T18:30:12.000Z</time></trkpt>
   <trkpt lat="19.530697" lon="-99.495186"><ele>3475.3</ele><time>2019-07-28T18:30:13.000Z</time></trkpt>
   <trkpt lat="19.530343" lon="-99.494877"><ele>3475.8</ele><time>2019-07-28T18:30:22.000Z</time></trkpt>
   <trkpt lat="19.530267" lon="-99.494680"><ele>3476.2</ele><time>2019-07-28T18:30:25.000Z</time></trkpt>
   <trkpt lat="19.530189" lon="-99.494736"><ele>3476.4</ele><time>2019-07-28T18:30:26.000Z</time></trkpt>
   <trkpt lat="19.530059" lon="-99.494538"><ele>3476.8</ele><time>2019-07-28T18:30:30.000Z</time></trkpt>
   <trkpt lat="19.529951" lon="-99.494596"><ele>3477.1</ele><time>2019-07-28T18:30:32.000Z</time></trkpt>
   <trkpt lat="19.529945" lon="-99.494476"><ele>3477.3</ele><time>2019-07-28T18:30:33.000Z</time></trkpt>
   <trkpt lat="19.529835" lon="-99.494483"><ele>3477.4</ele><time>2019-07-28T18:30:35.000Z</time></trkpt>
   <trkpt lat="19.529395" lon="-99.494167"><ele>3478.3</ele><time>2019-07-28T18:30:46.000Z</time></trkpt>
   <trkpt lat="19.529114" lon="-99.493905"><ele>3478.4</ele><time>2019-07-28T18:30:53.000Z</time></trkpt>
   <trkpt lat="19.528956" lon="-99.493634"><ele>3478.3</ele><time>2019-07-28T18:30:58.000Z</time></trkpt>
   <trkpt lat="19.528836" lon="-99.493614"><ele>3478.1</ele><time>2019-07-28T18:31:00.000Z</time></trkpt>
   <trkpt lat="19.528668" lon="-99.493432"><ele>3477.3</ele><time>2019-07-28T18:31:05.000Z</time></trkpt>
   <trkpt lat="19.528220" lon="-99.492741"><ele>3473.6</ele><time>2019-07-28T18:31:18.000Z</time></trkpt>
   <trkpt lat="19.527817" lon="-99.492329"><ele>3470.6</ele><time>2019-07-28T18:31:26.000Z</time></trkpt>
   <trkpt lat="19.527522" lon="-99.491449"><ele>3467.1</ele><time>2019-07-28T18:31:36.000Z</time></trkpt>
   <trkpt lat="19.527722" lon="-99.490166"><ele>3461.6</ele><time>2019-07-28T18:31:50.000Z</time></trkpt>
   <trkpt lat="19.527643" lon="-99.489917"><ele>3460.1</ele><time>2019-07-28T18:31:53.000Z</time></trkpt>
   <trkpt lat="19.527409" lon="-99.489664"><ele>3458.4</ele><time>2019-07-28T18:31:57.000Z</time></trkpt>
   <trkpt lat="19.527347" lon="-99.489367"><ele>3457.3</ele><time>2019-07-28T18:32:01.000Z</time></trkpt>
   <trkpt lat="19.527703" lon="-99.488869"><ele>3455.1</ele><time>2019-07-28T18:32:07.000Z</time></trkpt>
   <trkpt lat="19.528173" lon="-99.488392"><ele>3452.3</ele><time>2019-07-28T18:32:14.000Z</time></trkpt>
   <trkpt lat="19.528189" lon="-99.488265"><ele>3451.7</ele><time>2019-07-28T18:32:15.000Z</time></trkpt>
   <trkpt lat="19.528556" lon="-99.487796"><ele>3448.8</ele><time>2019-07-28T18:32:21.000Z</time></trkpt>
   <trkpt lat="19.528651" lon="-99.487608"><ele>3447.8</ele><time>2019-07-28T18:32:23.000Z</time></trkpt>
   <trkpt lat="19.528634" lon="-99.487028"><ele>3444.7</ele><time>2019-07-28T18:32:29.000Z</time></trkpt>
   <trkpt lat="19.528266" lon="-99.486459"><ele>3440.5</ele><time>2019-07-28T18:32:35.000Z</time></trkpt>
   <trkpt lat="19.528163" lon="-99.486474"><ele>3439.8</ele><time>2019-07-28T18:32:36.000Z</time></trkpt>
   <trkpt lat="19.527661" lon="-99.486182"><ele>3436.1</ele><time>2019-07-28T18:32:42.000Z</time></trkpt>
   <trkpt lat="19.526589" lon="-99.485130"><ele>3427.1</ele><time>2019-07-28T18:32:56.000Z</time></trkpt>
   <trkpt lat="19.525499" lon="-99.483052"><ele>3416.0</ele><time>2019-07-28T18:33:15.000Z</time></trkpt>
   <trkpt lat="19.525078" lon="-99.482858"><ele>3413.1</ele><time>2019-07-28T18:33:20.000Z</time></trkpt>
   <trkpt lat="19.524728" lon="-99.482244"><ele>3410.0</ele><time>2019-07-28T18:33:28.000Z</time></trkpt>
   <trkpt lat="19.524597" lon="-99.480605"><ele>3403.0</ele><time>2019-07-28T18:33:39.000Z</time></trkpt>
   <trkpt lat="19.524266" lon="-99.478292"><ele>3393.1</ele><time>2019-07-28T18:34:00.000Z</time></trkpt>
   <trkpt lat="19.524624" lon="-99.476608"><ele>3386.8</ele><time>2019-07-28T18:34:13.000Z</time></trkpt>
   <trkpt lat="19.524524" lon="-99.475378"><ele>3381.7</ele><time>2019-07-28T18:34:22.000Z</time></trkpt>
   <trkpt lat="19.524293" lon="-99.474946"><ele>3380.0</ele><time>2019-07-28T18:34:25.000Z</time></trkpt>
   <trkpt lat="19.523970" lon="-99.474733"><ele>3377.7</ele><time>2019-07-28T18:34:29.000Z</time></trkpt>
   <trkpt lat="19.523557" lon="-99.474236"><ele>3375.6</ele><time>2019-07-28T18:34:35.000Z</time></trkpt>
   <trkpt lat="19.523201" lon="-99.473449"><ele>3372.9</ele><time>2019-07-28T18:34:42.000Z</time></trkpt>
   <trkpt lat="19.522702" lon="-99.472982"><ele>3369.5</ele><time>2019-07-28T18:34:48.000Z</time></trkpt>
   <trkpt lat="19.522335" lon="-99.472781"><ele>3367.6</ele><time>2019-07-28T18:34:52.000Z</time></trkpt>
   <trkpt lat="19.521460" lon="-99.472627"><ele>3363.6</ele><time>2019-07-28T18:35:01.000Z</time></trkpt>
   <trkpt lat="19.521288" lon="-99.472337"><ele>3362.1</ele><time>2019-07-28T18:35:04.000Z</time></trkpt>
   <trkpt lat="19.521052" lon="-99.472138"><ele>3361.0</ele><time>2019-07-28T18:35:07.000Z</time></trkpt>
   <trkpt lat="19.520352" lon="-99.472276"><ele>3359.3</ele><time>2019-07-28T18:35:14.000Z</time></trkpt>
   <trkpt lat="19.520136" lon="-99.472107"><ele>3358.8</ele><time>2019-07-28T18:35:17.000Z</time></trkpt>
   <trkpt lat="19.520155" lon="-99.471652"><ele>3357.9</ele><time>2019-07-28T18:35:21.000Z</time></trkpt>
   <trkpt lat="19.520636" lon="-99.470819"><ele>3355.8</ele><time>2019-07-28T18:35:32.000Z</time></trkpt>
   <trkpt lat="19.520922" lon="-99.469980"><ele>3353.2</ele><time>2019-07-28T18:35:41.000Z</time></trkpt>
   <trkpt lat="19.521110" lon="-99.469767"><ele>3352.5</ele><time>2019-07-28T18:35:44.000Z</time></trkpt>
   <trkpt lat="19.521207" lon="-99.469806"><ele>3352.3</ele><time>2019-07-28T18:35:45.000Z</time></trkpt>
   <trkpt lat="19.521502" lon="-99.469617"><ele>3351.7</ele><time>2019-07-28T18:35:49.000Z</time></trkpt>
   <trkpt lat="19.521751" lon="-99.469241"><ele>3350.7</ele><time>2019-07-28T18:35:56.000Z</time></trkpt>
   <trkpt lat="19.521870" lon="-99.468275"><ele>3346.4</ele><time>2019-07-28T18:36:06.000Z</time></trkpt>
   <trkpt lat="19.522068" lon="-99.467982"><ele>3339.8</ele><time>2019-07-28T18:36:10.000Z</time></trkpt>
   <trkpt lat="19.522339" lon="-99.467950"><ele>3338.7</ele><time>2019-07-28T18:36:13.000Z</time></trkpt>
   <trkpt lat="19.522918" lon="-99.468168"><ele>3337.1</ele><time>2019-07-28T18:36:19.000Z</time></trkpt>
   <trkpt lat="19.523232" lon="-99.468053"><ele>3337.1</ele><time>2019-07-28T18:36:23.000Z</time></trkpt>
   <trkpt lat="19.523429" lon="-99.467751"><ele>3336.5</ele><time>2019-07-28T18:36:27.000Z</time></trkpt>
   <trkpt lat="19.523446" lon="-99.467376"><ele>3334.4</ele><time>2019-07-28T18:36:30.000Z</time></trkpt>
   <trkpt lat="19.523634" lon="-99.467050"><ele>3332.9</ele><time>2019-07-28T18:36:34.000Z</time></trkpt>
   <trkpt lat="19.523987" lon="-99.466965"><ele>3331.7</ele><time>2019-07-28T18:36:38.000Z</time></trkpt>
   <trkpt lat="19.524072" lon="-99.467034"><ele>3331.6</ele><time>2019-07-28T18:36:39.000Z</time></trkpt>
   <trkpt lat="19.524359" lon="-99.467038"><ele>3331.4</ele><time>2019-07-28T18:36:42.000Z</time></trkpt>
   <trkpt lat="19.524854" lon="-99.466775"><ele>3330.3</ele><time>2019-07-28T18:36:48.000Z</time></trkpt>
   <trkpt lat="19.525041" lon="-99.466581"><ele>3329.8</ele><time>2019-07-28T18:36:51.000Z</time></trkpt>
   <trkpt lat="19.525298" lon="-99.465755"><ele>3325.6</ele><time>2019-07-28T18:36:59.000Z</time></trkpt>
   <trkpt lat="19.525427" lon="-99.465633"><ele>3325.4</ele><time>2019-07-28T18:37:01.000Z</time></trkpt>
   <trkpt lat="19.525892" lon="-99.465543"><ele>3325.0</ele><time>2019-07-28T18:37:06.000Z</time></trkpt>
   <trkpt lat="19.526287" lon="-99.465909"><ele>3324.1</ele><time>2019-07-28T18:37:11.000Z</time></trkpt>
   <trkpt lat="19.527090" lon="-99.466226"><ele>3321.8</ele><time>2019-07-28T18:37:20.000Z</time></trkpt>
   <trkpt lat="19.528005" lon="-99.465654"><ele>3319.9</ele><time>2019-07-28T18:37:31.000Z</time></trkpt>
   <trkpt lat="19.528757" lon="-99.465462"><ele>3314.8</ele><time>2019-07-28T18:37:39.000Z</time></trkpt>
   <trkpt lat="19.528902" lon="-99.465269"><ele>3313.6</ele><time>2019-07-28T18:37:41.000Z</time></trkpt>
   <trkpt lat="19.529310" lon="-99.465051"><ele>3313.6</ele><time>2019-07-28T18:37:46.000Z</time></trkpt>
   <trkpt lat="19.529490" lon="-99.464696"><ele>3314.2</ele><time>2019-07-28T18:37:50.000Z</time></trkpt>
   <trkpt lat="19.529767" lon="-99.463638"><ele>3309.9</ele><time>2019-07-28T18:38:00.000Z</time></trkpt>
   <trkpt lat="19.529816" lon="-99.463187"><ele>3308.7</ele><time>2019-07-28T18:38:04.000Z</time></trkpt>
   <trkpt lat="19.529725" lon="-99.462980"><ele>3307.2</ele><time>2019-07-28T18:38:06.000Z</time></trkpt>
   <trkpt lat="19.529664" lon="-99.463024"><ele>3306.7</ele><time>2019-07-28T18:38:08.000Z</time></trkpt>
   <trkpt lat="19.529942" lon="-99.462481"><ele>3305.2</ele><time>2019-07-28T18:38:13.000Z</time></trkpt>
   <trkpt lat="19.530490" lon="-99.461975"><ele>3303.9</ele><time>2019-07-28T18:38:20.000Z</time></trkpt>
   <trkpt lat="19.531048" lon="-99.461682"><ele>3303.2</ele><time>2019-07-28T18:38:26.000Z</time></trkpt>
   <trkpt lat="19.531341" lon="-99.461385"><ele>3302.4</ele><time>2019-07-28T18:38:31.000Z</time></trkpt>
   <trkpt lat="19.531705" lon="-99.461195"><ele>3301.5</ele><time>2019-07-28T18:38:36.000Z</time></trkpt>
   <trkpt lat="19.531949" lon="-99.460826"><ele>3300.8</ele><time>2019-07-28T18:38:41.000Z</time></trkpt>
   <trkpt lat="19.531954" lon="-99.460695"><ele>3300.6</ele><time>2019-07-28T18:38:42.000Z</time></trkpt>
   <trkpt lat="19.532315" lon="-99.460301"><ele>3299.7</ele><time>2019-07-28T18:38:48.000Z</time></trkpt>
   <trkpt lat="19.532568" lon="-99.460095"><ele>3299.0</ele><time>2019-07-28T18:38:53.000Z</time></trkpt>
   <trkpt lat="19.533069" lon="-99.459904"><ele>3297.8</ele><time>2019-07-28T18:38:59.000Z</time></trkpt>
   <trkpt lat="19.533132" lon="-99.459663"><ele>3297.2</ele><time>2019-07-28T18:39:02.000Z</time></trkpt>
   <trkpt lat="19.533035" lon="-99.459391"><ele>3296.6</ele><time>2019-07-28T18:39:05.000Z</time></trkpt>
   <trkpt lat="19.533041" lon="-99.459033"><ele>3296.2</ele><time>2019-07-28T18:39:09.000Z</time></trkpt>
   <trkpt lat="19.533432" lon="-99.458259"><ele>3294.4</ele><time>2019-07-28T18:39:22.000Z</time></trkpt>
   <trkpt lat="19.533406" lon="-99.457803"><ele>3292.7</ele><time>2019-07-28T18:39:27.000Z</time></trkpt>
   <trkpt lat="19.533499" lon="-99.457464"><ele>3291.4</ele><time>2019-07-28T18:39:30.000Z</time></trkpt>
   <trkpt lat="19.533716" lon="-99.457153"><ele>3290.2</ele><time>2019-07-28T18:39:34.000Z</time></trkpt>
   <trkpt lat="19.533757" lon="-99.457231"><ele>3289.9</ele><time>2019-07-28T18:39:35.000Z</time></trkpt>
   <trkpt lat="19.534036" lon="-99.457058"><ele>3288.9</ele><time>2019-07-28T18:39:38.000Z</time></trkpt>
   <trkpt lat="19.534728" lon="-99.456445"><ele>3288.7</ele><time>2019-07-28T18:39:51.000Z</time></trkpt>
   <trkpt lat="19.534722" lon="-99.456163"><ele>3288.9</ele><time>2019-07-28T18:39:53.000Z</time></trkpt>
   <trkpt lat="19.534596" lon="-99.456000"><ele>3288.8</ele><time>2019-07-28T18:39:54.000Z</time></trkpt>
   <trkpt lat="19.534753" lon="-99.455682"><ele>3288.0</ele><time>2019-07-28T18:40:00.000Z</time></trkpt>
   <trkpt lat="19.534722" lon="-99.455146"><ele>3287.0</ele><time>2019-07-28T18:40:05.000Z</time></trkpt>
   <trkpt lat="19.534682" lon="-99.454992"><ele>3286.8</ele><time>2019-07-28T18:40:07.000Z</time></trkpt>
   <trkpt lat="19.534412" lon="-99.454686"><ele>3286.7</ele><time>2019-07-28T18:40:12.000Z</time></trkpt>
   <trkpt lat="19.534154" lon="-99.454553"><ele>3285.8</ele><time>2019-07-28T18:40:16.000Z</time></trkpt>
   <trkpt lat="19.532843" lon="-99.454666"><ele>3285.6</ele><time>2019-07-28T18:40:39.000Z</time></trkpt>
   <trkpt lat="19.532868" lon="-99.454726"><ele>3286.1</ele><time>2019-07-28T18:40:41.000Z</time></trkpt>
   <trkpt lat="19.532658" lon="-99.454804"><ele>3287.6</ele><time>2019-07-28T18:40:45.000Z</time></trkpt>
   <trkpt lat="19.532175" lon="-99.455288"><ele>3292.4</ele><time>2019-07-28T18:41:09.000Z</time></trkpt>
   <trkpt lat="19.532026" lon="-99.455314"><ele>3293.3</ele><time>2019-07-28T18:41:13.000Z</time></trkpt>
   <trkpt lat="19.531835" lon="-99.455677"><ele>3295.1</ele><time>2019-07-28T18:41:31.000Z</time></trkpt>
   <trkpt lat="19.531020" lon="-99.456122"><ele>3299.7</ele><time>2019-07-28T18:42:06.000Z</time></trkpt>
   <trkpt lat="19.530453" lon="-99.456998"><ele>3305.2</ele><time>2019-07-28T18:42:48.000Z</time></trkpt>
   <trkpt lat="19.530007" lon="-99.457381"><ele>3307.5</ele><time>2019-07-28T18:43:06.000Z</time></trkpt>
   <trkpt lat="19.529985" lon="-99.457546"><ele>3308.1</ele><time>2019-07-28T18:43:11.000Z</time></trkpt>
   <trkpt lat="19.530046" lon="-99.457572"><ele>3308.5</ele><time>2019-07-28T18:43:16.000Z</time></trkpt>
   <trkpt lat="19.529957" lon="-99.457662"><ele>3309.1</ele><time>2019-07-28T18:43:22.000Z</time></trkpt>
   <trkpt lat="19.529938" lon="-99.457888"><ele>3310.2</ele><time>2019-07-28T18:43:29.000Z</time></trkpt>
   <trkpt lat="19.529392" lon="-99.458158"><ele>3312.9</ele><time>2019-07-28T18:43:48.000Z</time></trkpt>
   <trkpt lat="19.529061" lon="-99.458172"><ele>3313.9</ele><time>2019-07-28T18:44:00.000Z</time></trkpt>
   <trkpt lat="19.528636" lon="-99.458012"><ele>3315.2</ele><time>2019-07-28T18:44:18.000Z</time></trkpt>
   <trkpt lat="19.528523" lon="-99.457680"><ele>3316.6</ele><time>2019-07-28T18:44:29.000Z</time></trkpt>
   <trkpt lat="19.528544" lon="-99.457425"><ele>3317.5</ele><time>2019-07-28T18:44:40.000Z</time></trkpt>
   <trkpt lat="19.528876" lon="-99.456689"><ele>3317.7</ele><time>2019-07-28T18:44:59.000Z</time></trkpt>
   <trkpt lat="19.529155" lon="-99.455726"><ele>3315.0</ele><time>2019-07-28T18:45:15.000Z</time></trkpt>
   <trkpt lat="19.529130" lon="-99.455023"><ele>3314.5</ele><time>2019-07-28T18:45:25.000Z</time></trkpt>
   <trkpt lat="19.528973" lon="-99.454443"><ele>3312.6</ele><time>2019-07-28T18:45:34.000Z</time></trkpt>
   <trkpt lat="19.528785" lon="-99.454353"><ele>3312.3</ele><time>2019-07-28T18:45:38.000Z</time></trkpt>
   <trkpt lat="19.528627" lon="-99.454106"><ele>3312.3</ele><time>2019-07-28T18:45:42.000Z</time></trkpt>
   <trkpt lat="19.528362" lon="-99.453946"><ele>3311.4</ele><time>2019-07-28T18:45:47.000Z</time></trkpt>
   <trkpt lat="19.528128" lon="-99.453948"><ele>3310.7</ele><time>2019-07-28T18:45:51.000Z</time></trkpt>
   <trkpt lat="19.527914" lon="-99.453779"><ele>3310.3</ele><time>2019-07-28T18:45:55.000Z</time></trkpt>
   <trkpt lat="19.527608" lon="-99.453873"><ele>3310.1</ele><time>2019-07-28T18:46:00.000Z</time></trkpt>
   <trkpt lat="19.527520" lon="-99.453972"><ele>3309.9</ele><time>2019-07-28T18:46:01.000Z</time></trkpt>
   <trkpt lat="19.527459" lon="-99.453911"><ele>3309.7</ele><time>2019-07-28T18:46:02.000Z</time></trkpt>
   <trkpt lat="19.527333" lon="-99.453976"><ele>3309.4</ele><time>2019-07-28T18:46:04.000Z</time></trkpt>
   <trkpt lat="19.527000" lon="-99.453943"><ele>3308.9</ele><time>2019-07-28T18:46:09.000Z</time></trkpt>
   <trkpt lat="19.526768" lon="-99.454142"><ele>3308.3</ele><time>2019-07-28T18:46:14.000Z</time></trkpt>
   <trkpt lat="19.526511" lon="-99.454136"><ele>3307.7</ele><time>2019-07-28T18:46:18.000Z</time></trkpt>
   <trkpt lat="19.526319" lon="-99.454276"><ele>3307.2</ele><time>2019-07-28T18:46:21.000Z</time></trkpt>
   <trkpt lat="19.525884" lon="-99.454400"><ele>3306.0</ele><time>2019-07-28T18:46:30.000Z</time></trkpt>
   <trkpt lat="19.525469" lon="-99.454458"><ele>3304.4</ele><time>2019-07-28T18:46:36.000Z</time></trkpt>
   <trkpt lat="19.524721" lon="-99.454252"><ele>3300.8</ele><time>2019-07-28T18:46:47.000Z</time></trkpt>
   <trkpt lat="19.524664" lon="-99.453885"><ele>3300.0</ele><time>2019-07-28T18:46:49.000Z</time></trkpt>
   <trkpt lat="19.524581" lon="-99.453732"><ele>3299.7</ele><time>2019-07-28T18:46:51.000Z</time></trkpt>
   <trkpt lat="19.524532" lon="-99.453762"><ele>3299.6</ele><time>2019-07-28T18:46:52.000Z</time></trkpt>
   <trkpt lat="19.524483" lon="-99.453297"><ele>3297.6</ele><time>2019-07-28T18:46:56.000Z</time></trkpt>
   <trkpt lat="19.524805" lon="-99.453045"><ele>3295.1</ele><time>2019-07-28T18:47:00.000Z</time></trkpt>
   <trkpt lat="19.524993" lon="-99.452710"><ele>3293.4</ele><time>2019-07-28T18:47:03.000Z</time></trkpt>
   <trkpt lat="19.525118" lon="-99.452753"><ele>3292.8</ele><time>2019-07-28T18:47:05.000Z</time></trkpt>
   <trkpt lat="19.525102" lon="-99.452276"><ele>3291.4</ele><time>2019-07-28T18:47:08.000Z</time></trkpt>
   <trkpt lat="19.524960" lon="-99.451872"><ele>3289.6</ele><time>2019-07-28T18:47:11.000Z</time></trkpt>
   <trkpt lat="19.524873" lon="-99.451791"><ele>3289.0</ele><time>2019-07-28T18:47:12.000Z</time></trkpt>
   <trkpt lat="19.524487" lon="-99.451827"><ele>3286.8</ele><time>2019-07-28T18:47:16.000Z</time></trkpt>
   <trkpt lat="19.522875" lon="-99.451638"><ele>3279.0</ele><time>2019-07-28T18:47:33.000Z</time></trkpt>
   <trkpt lat="19.522128" lon="-99.451349"><ele>3278.5</ele><time>2019-07-28T18:47:41.000Z</time></trkpt>
   <trkpt lat="19.521828" lon="-99.451326"><ele>3278.8</ele><time>2019-07-28T18:47:45.000Z</time></trkpt>
   <trkpt lat="19.521633" lon="-99.451062"><ele>3278.2</ele><time>2019-07-28T18:47:49.000Z</time></trkpt>
   <trkpt lat="19.521800" lon="-99.450920"><ele>3277.4</ele><time>2019-07-28T18:47:52.000Z</time></trkpt>
   <trkpt lat="19.522277" lon="-99.450773"><ele>3275.3</ele><time>2019-07-28T18:47:58.000Z</time></trkpt>
   <trkpt lat="19.522555" lon="-99.450739"><ele>3273.8</ele><time>2019-07-28T18:48:01.000Z</time></trkpt>
   <trkpt lat="19.522707" lon="-99.450848"><ele>3272.8</ele><time>2019-07-28T18:48:03.000Z</time></trkpt>
   <trkpt lat="19.523086" lon="-99.450832"><ele>3270.8</ele><time>2019-07-28T18:48:07.000Z</time></trkpt>
   <trkpt lat="19.523856" lon="-99.449925"><ele>3265.7</ele><time>2019-07-28T18:48:20.000Z</time></trkpt>
   <trkpt lat="19.524006" lon="-99.449406"><ele>3263.1</ele><time>2019-07-28T18:48:26.000Z</time></trkpt>
   <trkpt lat="19.524331" lon="-99.448942"><ele>3259.6</ele><time>2019-07-28T18:48:30.000Z</time></trkpt>
   <trkpt lat="19.524966" lon="-99.448598"><ele>3256.7</ele><time>2019-07-28T18:48:39.000Z</time></trkpt>
   <trkpt lat="19.525116" lon="-99.448434"><ele>3256.1</ele><time>2019-07-28T18:48:41.000Z</time></trkpt>
   <trkpt lat="19.525403" lon="-99.448316"><ele>3254.6</ele><time>2019-07-28T18:48:44.000Z</time></trkpt>
   <trkpt lat="19.525667" lon="-99.448425"><ele>3252.9</ele><time>2019-07-28T18:48:47.000Z</time></trkpt>
   <trkpt lat="19.526307" lon="-99.448048"><ele>3249.5</ele><time>2019-07-28T18:48:54.000Z</time></trkpt>
   <trkpt lat="19.526416" lon="-99.447757"><ele>3248.1</ele><time>2019-07-28T18:48:57.000Z</time></trkpt>
   <trkpt lat="19.526378" lon="-99.446900"><ele>3243.7</ele><time>2019-07-28T18:49:04.000Z</time></trkpt>
   <trkpt lat="19.526109" lon="-99.446047"><ele>3240.8</ele><time>2019-07-28T18:49:15.000Z</time></trkpt>
   <trkpt lat="19.525102" lon="-99.445835"><ele>3237.1</ele><time>2019-07-28T18:49:26.000Z</time></trkpt>
   <trkpt lat="19.524837" lon="-99.445508"><ele>3236.0</ele><time>2019-07-28T18:49:31.000Z</time></trkpt>
   <trkpt lat="19.524852" lon="-99.445347"><ele>3235.2</ele><time>2019-07-28T18:49:33.000Z</time></trkpt>
   <trkpt lat="19.525452" lon="-99.444572"><ele>3230.3</ele><time>2019-07-28T18:49:43.000Z</time></trkpt>
   <trkpt lat="19.525753" lon="-99.444016"><ele>3227.7</ele><time>2019-07-28T18:49:49.000Z</time></trkpt>
   <trkpt lat="19.525608" lon="-99.443484"><ele>3226.6</ele><time>2019-07-28T18:49:54.000Z</time></trkpt>
   <trkpt lat="19.525248" lon="-99.443221"><ele>3224.7</ele><time>2019-07-28T18:49:59.000Z</time></trkpt>
   <trkpt lat="19.524944" lon="-99.442809"><ele>3222.2</ele><time>2019-07-28T18:50:04.000Z</time></trkpt>
   <trkpt lat="19.525049" lon="-99.442150"><ele>3219.7</ele><time>2019-07-28T18:50:11.000Z</time></trkpt>
   <trkpt lat="19.525083" lon="-99.442207"><ele>3219.4</ele><time>2019-07-28T18:50:12.000Z</time></trkpt>
   <trkpt lat="19.525639" lon="-99.441195"><ele>3214.7</ele><time>2019-07-28T18:50:23.000Z</time></trkpt>
   <trkpt lat="19.525791" lon="-99.441112"><ele>3213.5</ele><time>2019-07-28T18:50:25.000Z</time></trkpt>
   <trkpt lat="19.525971" lon="-99.440834"><ele>3211.4</ele><time>2019-07-28T18:50:28.000Z</time></trkpt>
   <trkpt lat="19.526282" lon="-99.440680"><ele>3209.8</ele><time>2019-07-28T18:50:32.000Z</time></trkpt>
   <trkpt lat="19.526992" lon="-99.440602"><ele>3207.8</ele><time>2019-07-28T18:50:39.000Z</time></trkpt>
   <trkpt lat="19.527171" lon="-99.440509"><ele>3206.9</ele><time>2019-07-28T18:50:42.000Z</time></trkpt>
   <trkpt lat="19.527545" lon="-99.440537"><ele>3205.0</ele><time>2019-07-28T18:50:45.000Z</time></trkpt>
   <trkpt lat="19.528082" lon="-99.440766"><ele>3201.4</ele><time>2019-07-28T18:50:53.000Z</time></trkpt>
   <trkpt lat="19.528593" lon="-99.441190"><ele>3198.8</ele><time>2019-07-28T18:50:58.000Z</time></trkpt>
   <trkpt lat="19.528985" lon="-99.440989"><ele>3197.3</ele><time>2019-07-28T18:51:03.000Z</time></trkpt>
   <trkpt lat="19.529234" lon="-99.440292"><ele>3194.3</ele><time>2019-07-28T18:51:10.000Z</time></trkpt>
   <trkpt lat="19.529894" lon="-99.440072"><ele>3189.7</ele><time>2019-07-28T18:51:17.000Z</time></trkpt>
   <trkpt lat="19.530076" lon="-99.440093"><ele>3188.9</ele><time>2019-07-28T18:51:19.000Z</time></trkpt>
   <trkpt lat="19.530238" lon="-99.439796"><ele>3188.0</ele><time>2019-07-28T18:51:22.000Z</time></trkpt>
   <trkpt lat="19.530294" lon="-99.439327"><ele>3187.5</ele><time>2019-07-28T18:51:25.000Z</time></trkpt>
   <trkpt lat="19.530222" lon="-99.439360"><ele>3187.4</ele><time>2019-07-28T18:51:26.000Z</time></trkpt>
   <trkpt lat="19.530096" lon="-99.439139"><ele>3187.0</ele><time>2019-07-28T18:51:29.000Z</time></trkpt>
   <trkpt lat="19.530076" lon="-99.438733"><ele>3186.0</ele><time>2019-07-28T18:51:33.000Z</time></trkpt>
   <trkpt lat="19.530173" lon="-99.438802"><ele>3185.3</ele><time>2019-07-28T18:51:35.000Z</time></trkpt>
   <trkpt lat="19.530591" lon="-99.438317"><ele>3181.5</ele><time>2019-07-28T18:51:41.000Z</time></trkpt>
   <trkpt lat="19.530956" lon="-99.438198"><ele>3179.8</ele><time>2019-07-28T18:51:45.000Z</time></trkpt>
   <trkpt lat="19.531360" lon="-99.437828"><ele>3177.8</ele><time>2019-07-28T18:51:51.000Z</time></trkpt>
   <trkpt lat="19.531346" lon="-99.437692"><ele>3176.9</ele><time>2019-07-28T18:51:52.000Z</time></trkpt>
   <trkpt lat="19.531640" lon="-99.437142"><ele>3173.5</ele><time>2019-07-28T18:51:59.000Z</time></trkpt>
   <trkpt lat="19.531852" lon="-99.436932"><ele>3172.5</ele><time>2019-07-28T18:52:02.000Z</time></trkpt>
   <trkpt lat="19.532051" lon="-99.436443"><ele>3170.2</ele><time>2019-07-28T18:52:08.000Z</time></trkpt>
   <trkpt lat="19.531975" lon="-99.435742"><ele>3167.4</ele><time>2019-07-28T18:52:13.000Z</time></trkpt>
   <trkpt lat="19.532104" lon="-99.435363"><ele>3165.5</ele><time>2019-07-28T18:52:17.000Z</time></trkpt>
   <trkpt lat="19.532788" lon="-99.434695"><ele>3162.0</ele><time>2019-07-28T18:52:27.000Z</time></trkpt>
   <trkpt lat="19.532876" lon="-99.434330"><ele>3160.8</ele><time>2019-07-28T18:52:31.000Z</time></trkpt>
   <trkpt lat="19.532723" lon="-99.433568"><ele>3157.2</ele><time>2019-07-28T18:52:37.000Z</time></trkpt>
   <trkpt lat="19.532486" lon="-99.433200"><ele>3155.1</ele><time>2019-07-28T18:52:44.000Z</time></trkpt>
   <trkpt lat="19.532413" lon="-99.432488"><ele>3151.1</ele><time>2019-07-28T18:52:52.000Z</time></trkpt>
   <trkpt lat="19.532134" lon="-99.432072"><ele>3149.7</ele><time>2019-07-28T18:52:56.000Z</time></trkpt>
   <trkpt lat="19.531896" lon="-99.432054"><ele>3149.0</ele><time>2019-07-28T18:52:58.000Z</time></trkpt>
   <trkpt lat="19.531541" lon="-99.432168"><ele>3147.9</ele><time>2019-07-28T18:53:02.000Z</time></trkpt>
   <trkpt lat="19.531141" lon="-99.432888"><ele>3144.5</ele><time>2019-07-28T18:53:10.000Z</time></trkpt>
   <trkpt lat="19.530163" lon="-99.433191"><ele>3140.0</ele><time>2019-07-28T18:53:21.000Z</time></trkpt>
   <trkpt lat="19.529212" lon="-99.433953"><ele>3134.9</ele><time>2019-07-28T18:53:34.000Z</time></trkpt>
   <trkpt lat="19.529048" lon="-99.434437"><ele>3132.7</ele><time>2019-07-28T18:53:39.000Z</time></trkpt>
   <trkpt lat="19.528749" lon="-99.434860"><ele>3130.6</ele><time>2019-07-28T18:53:44.000Z</time></trkpt>
   <trkpt lat="19.528282" lon="-99.435061"><ele>3129.3</ele><time>2019-07-28T18:53:51.000Z</time></trkpt>
   <trkpt lat="19.527671" lon="-99.435108"><ele>3125.8</ele><time>2019-07-28T18:53:57.000Z</time></trkpt>
   <trkpt lat="19.526635" lon="-99.435797"><ele>3121.6</ele><time>2019-07-28T18:54:10.000Z</time></trkpt>
   <trkpt lat="19.526056" lon="-99.435959"><ele>3120.8</ele><time>2019-07-28T18:54:16.000Z</time></trkpt>
   <trkpt lat="19.525935" lon="-99.435893"><ele>3120.7</ele><time>2019-07-28T18:54:18.000Z</time></trkpt>
   <trkpt lat="19.525963" lon="-99.434949"><ele>3120.0</ele><time>2019-07-28T18:54:30.000Z</time></trkpt>
   <trkpt lat="19.525993" lon="-99.434859"><ele>3119.8</ele><time>2019-07-28T18:54:31.000Z</time></trkpt>
   <trkpt lat="19.526084" lon="-99.434892"><ele>3119.5</ele><time>2019-07-28T18:54:33.000Z</time></trkpt>
   <trkpt lat="19.526255" lon="-99.434359"><ele>3118.2</ele><time>2019-07-28T18:54:40.000Z</time></trkpt>
   <trkpt lat="19.526478" lon="-99.433125"><ele>3112.1</ele><time>2019-07-28T18:54:47.000Z</time></trkpt>
   <trkpt lat="19.526498" lon="-99.433183"><ele>3111.8</ele><time>2019-07-28T18:54:48.000Z</time></trkpt>
   <trkpt lat="19.526734" lon="-99.433066"><ele>3110.1</ele><time>2019-07-28T18:54:52.000Z</time></trkpt>
   <trkpt lat="19.526762" lon="-99.432769"><ele>3108.4</ele><time>2019-07-28T18:54:54.000Z</time></trkpt>
   <trkpt lat="19.526689" lon="-99.432531"><ele>3107.1</ele><time>2019-07-28T18:54:56.000Z</time></trkpt>
   <trkpt lat="19.526415" lon="-99.432313"><ele>3105.5</ele><time>2019-07-28T18:54:59.000Z</time></trkpt>
   <trkpt lat="19.526208" lon="-99.431946"><ele>3103.0</ele><time>2019-07-28T18:55:04.000Z</time></trkpt>
   <trkpt lat="19.526087" lon="-99.431307"><ele>3099.0</ele><time>2019-07-28T18:55:10.000Z</time></trkpt>
   <trkpt lat="19.526091" lon="-99.430852"><ele>3097.0</ele><time>2019-07-28T18:55:14.000Z</time></trkpt>
   <trkpt lat="19.525739" lon="-99.430251"><ele>3094.7</ele><time>2019-07-28T18:55:21.000Z</time></trkpt>
   <trkpt lat="19.525773" lon="-99.429883"><ele>3093.2</ele><time>2019-07-28T18:55:26.000Z</time></trkpt>
   <trkpt lat="19.525999" lon="-99.429626"><ele>3090.6</ele><time>2019-07-28T18:55:30.000Z</time></trkpt>
   <trkpt lat="19.526034" lon="-99.429414"><ele>3089.1</ele><time>2019-07-28T18:55:32.000Z</time></trkpt>
   <trkpt lat="19.525973" lon="-99.428918"><ele>3086.8</ele><time>2019-07-28T18:55:38.000Z</time></trkpt>
   <trkpt lat="19.525672" lon="-99.428050"><ele>3079.5</ele><time>2019-07-28T18:55:48.000Z</time></trkpt>
   <trkpt lat="19.525569" lon="-99.427383"><ele>3076.0</ele><time>2019-07-28T18:55:53.000Z</time></trkpt>
   <trkpt lat="19.525654" lon="-99.425350"><ele>3064.2</ele><time>2019-07-28T18:56:12.000Z</time></trkpt>
   <trkpt lat="19.525645" lon="-99.425250"><ele>3063.7</ele><time>2019-07-28T18:56:13.000Z</time></trkpt>
   <trkpt lat="19.525506" lon="-99.425148"><ele>3063.0</ele><time>2019-07-28T18:56:15.000Z</time></trkpt>
   <trkpt lat="19.525292" lon="-99.425095"><ele>3062.1</ele><time>2019-07-28T18:56:17.000Z</time></trkpt>
   <trkpt lat="19.524907" lon="-99.425169"><ele>3060.4</ele><time>2019-07-28T18:56:21.000Z</time></trkpt>
   <trkpt lat="19.524530" lon="-99.425350"><ele>3058.3</ele><time>2019-07-28T18:56:26.000Z</time></trkpt>
   <trkpt lat="19.524257" lon="-99.425940"><ele>3054.5</ele><time>2019-07-28T18:56:32.000Z</time></trkpt>
   <trkpt lat="19.523310" lon="-99.427050"><ele>3046.4</ele><time>2019-07-28T18:56:44.000Z</time></trkpt>
   <trkpt lat="19.522125" lon="-99.428181"><ele>3041.8</ele><time>2019-07-28T18:56:56.000Z</time></trkpt>
   <trkpt lat="19.521802" lon="-99.428552"><ele>3041.2</ele><time>2019-07-28T18:57:00.000Z</time></trkpt>
   <trkpt lat="19.521829" lon="-99.428676"><ele>3041.3</ele><time>2019-07-28T18:57:01.000Z</time></trkpt>
   <trkpt lat="19.521566" lon="-99.428975"><ele>3041.6</ele><time>2019-07-28T18:57:05.000Z</time></trkpt>
   <trkpt lat="19.521283" lon="-99.429127"><ele>3041.6</ele><time>2019-07-28T18:57:09.000Z</time></trkpt>
   <trkpt lat="19.521079" lon="-99.429132"><ele>3041.6</ele><time>2019-07-28T18:57:12.000Z</time></trkpt>
   <trkpt lat="19.520861" lon="-99.428917"><ele>3040.8</ele><time>2019-07-28T18:57:16.000Z</time></trkpt>
   <trkpt lat="19.520916" lon="-99.428961"><ele>3040.5</ele><time>2019-07-28T18:57:19.000Z</time></trkpt>
   <trkpt lat="19.521076" lon="-99.428801"><ele>3039.6</ele><time>2019-07-28T18:57:22.000Z</time></trkpt>
   <trkpt lat="19.521438" lon="-99.426481"><ele>3032.3</ele><time>2019-07-28T18:57:43.000Z</time></trkpt>
   <trkpt lat="19.521245" lon="-99.424955"><ele>3025.2</ele><time>2019-07-28T18:57:53.000Z</time></trkpt>
   <trkpt lat="19.521074" lon="-99.424299"><ele>3021.6</ele><time>2019-07-28T18:57:59.000Z</time></trkpt>
   <trkpt lat="19.521038" lon="-99.422248"><ele>3007.2</ele><time>2019-07-28T18:58:16.000Z</time></trkpt>
   <trkpt lat="19.520856" lon="-99.421850"><ele>3004.8</ele><time>2019-07-28T18:58:22.000Z</time></trkpt>
   <trkpt lat="19.520463" lon="-99.422054"><ele>3002.3</ele><time>2019-07-28T18:58:26.000Z</time></trkpt>
   <trkpt lat="19.519759" lon="-99.421415"><ele>2995.1</ele><time>2019-07-28T18:58:34.000Z</time></trkpt>
   <trkpt lat="19.519570" lon="-99.421143"><ele>2992.7</ele><time>2019-07-28T18:58:36.000Z</time></trkpt>
   <trkpt lat="19.519166" lon="-99.420932"><ele>2990.2</ele><time>2019-07-28T18:58:40.000Z</time></trkpt>
   <trkpt lat="19.519089" lon="-99.420792"><ele>2989.5</ele><time>2019-07-28T18:58:41.000Z</time></trkpt>
   <trkpt lat="19.518557" lon="-99.420428"><ele>2986.3</ele><time>2019-07-28T18:58:47.000Z</time></trkpt>
   <trkpt lat="19.518472" lon="-99.420474"><ele>2985.7</ele><time>2019-07-28T18:58:48.000Z</time></trkpt>
   <trkpt lat="19.518394" lon="-99.420418"><ele>2985.2</ele><time>2019-07-28T18:58:49.000Z</time></trkpt>
   <trkpt lat="19.517799" lon="-99.419843"><ele>2979.1</ele><time>2019-07-28T18:58:57.000Z</time></trkpt>
   <trkpt lat="19.517619" lon="-99.419504"><ele>2975.9</ele><time>2019-07-28T18:59:02.000Z</time></trkpt>
   <trkpt lat="19.517884" lon="-99.418405"><ele>2967.6</ele><time>2019-07-28T18:59:15.000Z</time></trkpt>
   <trkpt lat="19.518327" lon="-99.417700"><ele>2961.5</ele><time>2019-07-28T18:59:21.000Z</time></trkpt>
   <trkpt lat="19.519398" lon="-99.416924"><ele>2953.8</ele><time>2019-07-28T18:59:35.000Z</time></trkpt>
   <trkpt lat="19.519736" lon="-99.416874"><ele>2951.4</ele><time>2019-07-28T18:59:39.000Z</time></trkpt>
   <trkpt lat="19.519829" lon="-99.416759"><ele>2950.3</ele><time>2019-07-28T18:59:41.000Z</time></trkpt>
   <trkpt lat="19.519768" lon="-99.416271"><ele>2947.0</ele><time>2019-07-28T18:59:45.000Z</time></trkpt>
   <trkpt lat="19.519214" lon="-99.415511"><ele>2940.7</ele><time>2019-07-28T18:59:54.000Z</time></trkpt>
   <trkpt lat="19.519013" lon="-99.414850"><ele>2934.7</ele><time>2019-07-28T18:59:59.000Z</time></trkpt>
   <trkpt lat="19.518611" lon="-99.411730"><ele>2913.2</ele><time>2019-07-28T19:00:30.000Z</time></trkpt>
   <trkpt lat="19.518641" lon="-99.411402"><ele>2911.4</ele><time>2019-07-28T19:00:33.000Z</time></trkpt>
   <trkpt lat="19.518916" lon="-99.410586"><ele>2905.2</ele><time>2019-07-28T19:00:41.000Z</time></trkpt>
   <trkpt lat="19.519358" lon="-99.409886"><ele>2898.2</ele><time>2019-07-28T19:00:50.000Z</time></trkpt>
   <trkpt lat="19.519428" lon="-99.409899"><ele>2897.6</ele><time>2019-07-28T19:00:51.000Z</time></trkpt>
   <trkpt lat="19.519616" lon="-99.409656"><ele>2895.4</ele><time>2019-07-28T19:00:53.000Z</time></trkpt>
   <trkpt lat="19.519847" lon="-99.409540"><ele>2893.4</ele><time>2019-07-28T19:00:56.000Z</time></trkpt>
   <trkpt lat="19.519910" lon="-99.409400"><ele>2892.2</ele><time>2019-07-28T19:00:57.000Z</time></trkpt>
   <trkpt lat="19.520752" lon="-99.408904"><ele>2883.1</ele><time>2019-07-28T19:01:06.000Z</time></trkpt>
   <trkpt lat="19.521372" lon="-99.408692"><ele>2878.5</ele><time>2019-07-28T19:01:12.000Z</time></trkpt>
   <trkpt lat="19.521881" lon="-99.408334"><ele>2874.3</ele><time>2019-07-28T19:01:18.000Z</time></trkpt>
   <trkpt lat="19.522225" lon="-99.407957"><ele>2871.1</ele><time>2019-07-28T19:01:23.000Z</time></trkpt>
   <trkpt lat="19.522641" lon="-99.406896"><ele>2861.4</ele><time>2019-07-28T19:01:35.000Z</time></trkpt>
   <trkpt lat="19.523824" lon="-99.404825"><ele>2848.5</ele><time>2019-07-28T19:01:58.000Z</time></trkpt>
   <trkpt lat="19.523887" lon="-99.404528"><ele>2847.4</ele><time>2019-07-28T19:02:02.000Z</time></trkpt>
   <trkpt lat="19.523847" lon="-99.404054"><ele>2845.2</ele><time>2019-07-28T19:02:07.000Z</time></trkpt>
   <trkpt lat="19.523458" lon="-99.402914"><ele>2839.2</ele><time>2019-07-28T19:02:21.000Z</time></trkpt>
   <trkpt lat="19.523231" lon="-99.402695"><ele>2837.2</ele><time>2019-07-28T19:02:25.000Z</time></trkpt>
   <trkpt lat="19.522974" lon="-99.402601"><ele>2835.4</ele><time>2019-07-28T19:02:28.000Z</time></trkpt>
   <trkpt lat="19.521976" lon="-99.402916"><ele>2829.4</ele><time>2019-07-28T19:02:42.000Z</time></trkpt>
   <trkpt lat="19.520141" lon="-99.404453"><ele>2816.2</ele><time>2019-07-28T19:03:11.000Z</time></trkpt>
   <trkpt lat="19.519782" lon="-99.404359"><ele>2814.1</ele><time>2019-07-28T19:03:16.000Z</time></trkpt>
   <trkpt lat="19.519376" lon="-99.403930"><ele>2812.5</ele><time>2019-07-28T19:03:24.000Z</time></trkpt>
   <trkpt lat="19.519292" lon="-99.403712"><ele>2813.0</ele><time>2019-07-28T19:03:26.000Z</time></trkpt>
   <trkpt lat="19.519187" lon="-99.403776"><ele>2813.6</ele><time>2019-07-28T19:03:28.000Z</time></trkpt>
   <trkpt lat="19.519088" lon="-99.403617"><ele>2815.1</ele><time>2019-07-28T19:03:31.000Z</time></trkpt>
   <trkpt lat="19.518993" lon="-99.403823"><ele>2817.5</ele><time>2019-07-28T19:03:34.000Z</time></trkpt>
   <trkpt lat="19.518733" lon="-99.402884"><ele>2826.0</ele><time>2019-07-28T19:03:48.000Z</time></trkpt>
   <trkpt lat="19.518324" lon="-99.402166"><ele>2831.2</ele><time>2019-07-28T19:04:15.000Z</time></trkpt>
   <trkpt lat="19.518281" lon="-99.401921"><ele>2832.4</ele><time>2019-07-28T19:04:27.000Z</time></trkpt>
   <trkpt lat="19.518387" lon="-99.401477"><ele>2834.4</ele><time>2019-07-28T19:04:45.000Z</time></trkpt>
   <trkpt lat="19.519299" lon="-99.399654"><ele>2836.0</ele><time>2019-07-28T19:05:47.000Z</time></trkpt>
   <trkpt lat="19.519407" lon="-99.399298"><ele>2836.5</ele><time>2019-07-28T19:05:54.000Z</time></trkpt>
   <trkpt lat="19.519387" lon="-99.398910"><ele>2838.0</ele><time>2019-07-28T19:06:01.000Z</time></trkpt>
   <trkpt lat="19.519247" lon="-99.398505"><ele>2839.1</ele><time>2019-07-28T19:06:12.000Z</time></trkpt>
   <trkpt lat="19.518977" lon="-99.398168"><ele>2840.3</ele><time>2019-07-28T19:06:24.000Z</time></trkpt>
   <trkpt lat="19.518380" lon="-99.397649"><ele>2841.7</ele><time>2019-07-28T19:06:44.000Z</time></trkpt>
   <trkpt lat="19.517787" lon="-99.397308"><ele>2843.9</ele><time>2019-07-28T19:07:00.000Z</time></trkpt>
   <trkpt lat="19.517566" lon="-99.397270"><ele>2844.4</ele><time>2019-07-28T19:07:05.000Z</time></trkpt>
   <trkpt lat="19.517354" lon="-99.397339"><ele>2845.0</ele><time>2019-07-28T19:07:10.000Z</time></trkpt>
   <trkpt lat="19.516764" lon="-99.397975"><ele>2847.2</ele><time>2019-07-28T19:07:31.000Z</time></trkpt>
   <trkpt lat="19.515944" lon="-99.399256"><ele>2852.6</ele><time>2019-07-28T19:08:12.000Z</time></trkpt>
   <trkpt lat="19.515398" lon="-99.400272"><ele>2856.8</ele><time>2019-07-28T19:08:44.000Z</time></trkpt>
   <trkpt lat="19.514795" lon="-99.400453"><ele>2859.4</ele><time>2019-07-28T19:09:01.000Z</time></trkpt>
   <trkpt lat="19.514273" lon="-99.400181"><ele>2862.3</ele><time>2019-07-28T19:09:26.000Z</time></trkpt>
   <trkpt lat="19.514112" lon="-99.399884"><ele>2864.0</ele><time>2019-07-28T19:09:33.000Z</time></trkpt>
   <trkpt lat="19.514038" lon="-99.399199"><ele>2867.8</ele><time>2019-07-28T19:09:36.000Z</time></trkpt>
   <trkpt lat="19.513841" lon="-99.398837"><ele>2869.4</ele><time>2019-07-28T19:09:48.000Z</time></trkpt>
   <trkpt lat="19.513802" lon="-99.398584"><ele>2869.9</ele><time>2019-07-28T19:09:50.000Z</time></trkpt>
   <trkpt lat="19.513748" lon="-99.398609"><ele>2870.1</ele><time>2019-07-28T19:09:53.000Z</time></trkpt>
   <trkpt lat="19.513496" lon="-99.398127"><ele>2870.2</ele><time>2019-07-28T19:10:06.000Z</time></trkpt>
   <trkpt lat="19.513415" lon="-99.397755"><ele>2870.8</ele><time>2019-07-28T19:10:14.000Z</time></trkpt>
   <trkpt lat="19.513842" lon="-99.396896"><ele>2871.6</ele><time>2019-07-28T19:10:29.000Z</time></trkpt>
   <trkpt lat="19.513910" lon="-99.396501"><ele>2872.5</ele><time>2019-07-28T19:10:36.000Z</time></trkpt>
   <trkpt lat="19.513801" lon="-99.396306"><ele>2873.0</ele><time>2019-07-28T19:10:46.000Z</time></trkpt>
   <trkpt lat="19.513931" lon="-99.396263"><ele>2873.3</ele><time>2019-07-28T19:11:12.000Z</time></trkpt>
  </trkseg>
 </trk>
</gpx>
