<?xml version="1.0" encoding="UTF-8"?>
<gpx version="1.1" creator="Strava (via strava-mcp)" xmlns="http://www.topografix.com/GPX/1/1">
 <metadata><name>Lagunas de Zempoala</name><time>2020-04-05T13:44:10.000Z</time></metadata>
 <trk>
  <name>Lagunas de Zempoala</name>
  <type>Ride</type>
  <trkseg>
   <trkpt lat="18.922670" lon="-99.486822"><ele>1585.1</ele><time>2020-04-05T13:44:10.000Z</time></trkpt>
   <trkpt lat="18.923811" lon="-99.486334"><ele>1586.3</ele><time>2020-04-05T13:45:38.000Z</time></trkpt>
   <trkpt lat="18.926881" lon="-99.485329"><ele>1601.5</ele><time>2020-04-05T13:48:42.000Z</time></trkpt>
   <trkpt lat="18.926928" lon="-99.485144"><ele>1600.4</ele><time>2020-04-05T13:48:55.000Z</time></trkpt>
   <trkpt lat="18.924406" lon="-99.483753"><ele>1581.7</ele><time>2020-04-05T13:49:42.000Z</time></trkpt>
   <trkpt lat="18.917132" lon="-99.480031"><ele>1571.7</ele><time>2020-04-05T13:51:54.000Z</time></trkpt>
   <trkpt lat="18.916647" lon="-99.479696"><ele>1572.2</ele><time>2020-04-05T13:52:03.000Z</time></trkpt>
   <trkpt lat="18.916169" lon="-99.479122"><ele>1573.6</ele><time>2020-04-05T13:52:14.000Z</time></trkpt>
   <trkpt lat="18.915889" lon="-99.478573"><ele>1574.7</ele><time>2020-04-05T13:52:23.000Z</time></trkpt>
   <trkpt lat="18.915760" lon="-99.478107"><ele>1575.4</ele><time>2020-04-05T13:52:30.000Z</time></trkpt>
   <trkpt lat="18.912863" lon="-99.464110"><ele>1548.8</ele><time>2020-04-05T13:55:36.000Z</time></trkpt>
   <trkpt lat="18.912847" lon="-99.463209"><ele>1542.6</ele><time>2020-04-05T13:55:45.000Z</time></trkpt>
   <trkpt lat="18.915729" lon="-99.453533"><ele>1525.2</ele><time>2020-04-05T13:58:46.000Z</time></trkpt>
   <trkpt lat="18.916426" lon="-99.451327"><ele>1531.2</ele><time>2020-04-05T13:59:35.000Z</time></trkpt>
   <trkpt lat="18.916642" lon="-99.450907"><ele>1534.1</ele><time>2020-04-05T13:59:49.000Z</time></trkpt>
   <trkpt lat="18.925689" lon="-99.441182"><ele>1606.3</ele><time>2020-04-05T14:06:32.000Z</time></trkpt>
   <trkpt lat="18.927524" lon="-99.439867"><ele>1605.7</ele><time>2020-04-05T14:07:34.000Z</time></trkpt>
   <trkpt lat="18.927564" lon="-99.439740"><ele>1605.1</ele><time>2020-04-05T14:07:36.000Z</time></trkpt>
   <trkpt lat="18.927487" lon="-99.439531"><ele>1604.8</ele><time>2020-04-05T14:07:39.000Z</time></trkpt>
   <trkpt lat="18.927000" lon="-99.439581"><ele>1606.7</ele><time>2020-04-05T14:07:48.000Z</time></trkpt>
   <trkpt lat="18.926853" lon="-99.439308"><ele>1609.2</ele><time>2020-04-05T14:07:56.000Z</time></trkpt>
   <trkpt lat="18.927381" lon="-99.438831"><ele>1627.1</ele><time>2020-04-05T14:08:26.000Z</time></trkpt>
   <trkpt lat="18.927474" lon="-99.438255"><ele>1632.4</ele><time>2020-04-05T14:08:52.000Z</time></trkpt>
   <trkpt lat="18.928178" lon="-99.436737"><ele>1650.5</ele><time>2020-04-05T14:10:06.000Z</time></trkpt>
   <trkpt lat="18.928288" lon="-99.436687"><ele>1652.4</ele><time>2020-04-05T14:10:12.000Z</time></trkpt>
   <trkpt lat="18.929009" lon="-99.436763"><ele>1661.7</ele><time>2020-04-05T14:10:54.000Z</time></trkpt>
   <trkpt lat="18.929730" lon="-99.436366"><ele>1671.2</ele><time>2020-04-05T14:11:38.000Z</time></trkpt>
   <trkpt lat="18.929589" lon="-99.435212"><ele>1686.3</ele><time>2020-04-05T14:12:21.000Z</time></trkpt>
   <trkpt lat="18.929970" lon="-99.434652"><ele>1689.5</ele><time>2020-04-05T14:12:49.000Z</time></trkpt>
   <trkpt lat="18.929936" lon="-99.433723"><ele>1697.1</ele><time>2020-04-05T14:13:30.000Z</time></trkpt>
   <trkpt lat="18.930122" lon="-99.433523"><ele>1697.2</ele><time>2020-04-05T14:13:40.000Z</time></trkpt>
   <trkpt lat="18.930891" lon="-99.433031"><ele>1703.2</ele><time>2020-04-05T14:14:16.000Z</time></trkpt>
   <trkpt lat="18.931216" lon="-99.432995"><ele>1705.4</ele><time>2020-04-05T14:14:28.000Z</time></trkpt>
   <trkpt lat="18.931746" lon="-99.433151"><ele>1710.3</ele><time>2020-04-05T14:14:50.000Z</time></trkpt>
   <trkpt lat="18.931999" lon="-99.432915"><ele>1714.8</ele><time>2020-04-05T14:15:03.000Z</time></trkpt>
   <trkpt lat="18.931974" lon="-99.432637"><ele>1716.0</ele><time>2020-04-05T14:15:13.000Z</time></trkpt>
   <trkpt lat="18.931193" lon="-99.431640"><ele>1722.5</ele><time>2020-04-05T14:15:57.000Z</time></trkpt>
   <trkpt lat="18.931098" lon="-99.431345"><ele>1726.8</ele><time>2020-04-05T14:16:10.000Z</time></trkpt>
   <trkpt lat="18.931144" lon="-99.431104"><ele>1729.4</ele><time>2020-04-05T14:16:19.000Z</time></trkpt>
   <trkpt lat="18.931437" lon="-99.430936"><ele>1734.2</ele><time>2020-04-05T14:16:32.000Z</time></trkpt>
   <trkpt lat="18.932128" lon="-99.431021"><ele>1739.7</ele><time>2020-04-05T14:16:57.000Z</time></trkpt>
   <trkpt lat="18.932387" lon="-99.430854"><ele>1741.3</ele><time>2020-04-05T14:17:09.000Z</time></trkpt>
   <trkpt lat="18.934913" lon="-99.427098"><ele>1765.3</ele><time>2020-04-05T14:19:49.000Z</time></trkpt>
   <trkpt lat="18.935667" lon="-99.426471"><ele>1766.7</ele><time>2020-04-05T14:20:19.000Z</time></trkpt>
   <trkpt lat="18.937019" lon="-99.425051"><ele>1770.1</ele><time>2020-04-05T14:20:58.000Z</time></trkpt>
   <trkpt lat="18.937098" lon="-99.424738"><ele>1770.7</ele><time>2020-04-05T14:21:02.000Z</time></trkpt>
   <trkpt lat="18.936959" lon="-99.423964"><ele>1772.1</ele><time>2020-04-05T14:21:10.000Z</time></trkpt>
   <trkpt lat="18.936979" lon="-99.423788"><ele>1772.5</ele><time>2020-04-05T14:21:12.000Z</time></trkpt>
   <trkpt lat="18.937134" lon="-99.423603"><ele>1772.8</ele><time>2020-04-05T14:21:15.000Z</time></trkpt>
   <trkpt lat="18.937399" lon="-99.423589"><ele>1773.6</ele><time>2020-04-05T14:21:19.000Z</time></trkpt>
   <trkpt lat="18.938277" lon="-99.423918"><ele>1768.5</ele><time>2020-04-05T14:21:38.000Z</time></trkpt>
   <trkpt lat="18.938538" lon="-99.423897"><ele>1767.8</ele><time>2020-04-05T14:21:43.000Z</time></trkpt>
   <trkpt lat="18.938800" lon="-99.423735"><ele>1769.9</ele><time>2020-04-05T14:21:49.000Z</time></trkpt>
   <trkpt lat="18.939152" lon="-99.423668"><ele>1772.0</ele><time>2020-04-05T14:21:56.000Z</time></trkpt>
   <trkpt lat="18.940462" lon="-99.423918"><ele>1769.7</ele><time>2020-04-05T14:22:20.000Z</time></trkpt>
   <trkpt lat="18.940749" lon="-99.423838"><ele>1773.9</ele><time>2020-04-05T14:22:25.000Z</time></trkpt>
   <trkpt lat="18.941381" lon="-99.423319"><ele>1772.6</ele><time>2020-04-05T14:22:39.000Z</time></trkpt>
   <trkpt lat="18.942217" lon="-99.423220"><ele>1773.3</ele><time>2020-04-05T14:22:53.000Z</time></trkpt>
   <trkpt lat="18.944843" lon="-99.424447"><ele>1786.5</ele><time>2020-04-05T14:23:50.000Z</time></trkpt>
   <trkpt lat="18.946038" lon="-99.424536"><ele>1795.0</ele><time>2020-04-05T14:24:24.000Z</time></trkpt>
   <trkpt lat="18.946862" lon="-99.424825"><ele>1801.9</ele><time>2020-04-05T14:24:52.000Z</time></trkpt>
   <trkpt lat="18.947321" lon="-99.424854"><ele>1804.5</ele><time>2020-04-05T14:25:07.000Z</time></trkpt>
   <trkpt lat="18.947720" lon="-99.424614"><ele>1807.7</ele><time>2020-04-05T14:25:24.000Z</time></trkpt>
   <trkpt lat="18.948513" lon="-99.423562"><ele>1818.4</ele><time>2020-04-05T14:26:08.000Z</time></trkpt>
   <trkpt lat="18.949092" lon="-99.423369"><ele>1822.0</ele><time>2020-04-05T14:26:28.000Z</time></trkpt>
   <trkpt lat="18.949777" lon="-99.422910"><ele>1828.3</ele><time>2020-04-05T14:26:56.000Z</time></trkpt>
   <trkpt lat="18.950298" lon="-99.422668"><ele>1831.6</ele><time>2020-04-05T14:27:16.000Z</time></trkpt>
   <trkpt lat="18.951404" lon="-99.422499"><ele>1839.2</ele><time>2020-04-05T14:27:56.000Z</time></trkpt>
   <trkpt lat="18.952652" lon="-99.421934"><ele>1848.6</ele><time>2020-04-05T14:28:52.000Z</time></trkpt>
   <trkpt lat="18.953219" lon="-99.421541"><ele>1851.4</ele><time>2020-04-05T14:29:13.000Z</time></trkpt>
   <trkpt lat="18.953593" lon="-99.421451"><ele>1852.3</ele><time>2020-04-05T14:29:27.000Z</time></trkpt>
   <trkpt lat="18.953915" lon="-99.421602"><ele>1850.3</ele><time>2020-04-05T14:29:41.000Z</time></trkpt>
   <trkpt lat="18.954115" lon="-99.421841"><ele>1856.6</ele><time>2020-04-05T14:29:57.000Z</time></trkpt>
   <trkpt lat="18.954083" lon="-99.422046"><ele>1860.7</ele><time>2020-04-05T14:30:12.000Z</time></trkpt>
   <trkpt lat="18.953679" lon="-99.422560"><ele>1864.6</ele><time>2020-04-05T14:30:32.000Z</time></trkpt>
   <trkpt lat="18.953669" lon="-99.422824"><ele>1866.5</ele><time>2020-04-05T14:30:38.000Z</time></trkpt>
   <trkpt lat="18.953930" lon="-99.423095"><ele>1870.7</ele><time>2020-04-05T14:30:52.000Z</time></trkpt>
   <trkpt lat="18.955011" lon="-99.423809"><ele>1882.9</ele><time>2020-04-05T14:31:40.000Z</time></trkpt>
   <trkpt lat="18.955299" lon="-99.424237"><ele>1888.0</ele><time>2020-04-05T14:31:50.000Z</time></trkpt>
   <trkpt lat="18.955512" lon="-99.424878"><ele>1894.7</ele><time>2020-04-05T14:32:23.000Z</time></trkpt>
   <trkpt lat="18.956126" lon="-99.425344"><ele>1902.4</ele><time>2020-04-05T14:32:43.000Z</time></trkpt>
   <trkpt lat="18.957388" lon="-99.425472"><ele>1915.7</ele><time>2020-04-05T14:33:34.000Z</time></trkpt>
   <trkpt lat="18.958196" lon="-99.425645"><ele>1924.4</ele><time>2020-04-05T14:33:53.000Z</time></trkpt>
   <trkpt lat="18.958107" lon="-99.425660"><ele>1925.5</ele><time>2020-04-05T14:34:01.000Z</time></trkpt>
   <trkpt lat="18.958299" lon="-99.425745"><ele>1927.4</ele><time>2020-04-05T14:34:16.000Z</time></trkpt>
   <trkpt lat="18.958808" lon="-99.425710"><ele>1932.4</ele><time>2020-04-05T14:34:25.000Z</time></trkpt>
   <trkpt lat="18.959899" lon="-99.425993"><ele>1943.8</ele><time>2020-04-05T14:35:01.000Z</time></trkpt>
   <trkpt lat="18.960661" lon="-99.425803"><ele>1951.8</ele><time>2020-04-05T14:35:35.000Z</time></trkpt>
   <trkpt lat="18.961066" lon="-99.425803"><ele>1955.9</ele><time>2020-04-05T14:35:43.000Z</time></trkpt>
   <trkpt lat="18.961524" lon="-99.425472"><ele>1961.1</ele><time>2020-04-05T14:36:08.000Z</time></trkpt>
   <trkpt lat="18.963062" lon="-99.425120"><ele>1971.1</ele><time>2020-04-05T14:37:03.000Z</time></trkpt>
   <trkpt lat="18.963548" lon="-99.424909"><ele>1974.8</ele><time>2020-04-05T14:37:27.000Z</time></trkpt>
   <trkpt lat="18.964907" lon="-99.425062"><ele>1982.6</ele><time>2020-04-05T14:38:15.000Z</time></trkpt>
   <trkpt lat="18.965210" lon="-99.425283"><ele>1984.4</ele><time>2020-04-05T14:38:30.000Z</time></trkpt>
   <trkpt lat="18.965519" lon="-99.425701"><ele>1987.6</ele><time>2020-04-05T14:38:51.000Z</time></trkpt>
   <trkpt lat="18.965578" lon="-99.426272"><ele>1989.4</ele><time>2020-04-05T14:39:04.000Z</time></trkpt>
   <trkpt lat="18.965878" lon="-99.427140"><ele>1993.5</ele><time>2020-04-05T14:39:33.000Z</time></trkpt>
   <trkpt lat="18.966064" lon="-99.427360"><ele>1994.5</ele><time>2020-04-05T14:39:48.000Z</time></trkpt>
   <trkpt lat="18.966243" lon="-99.427998"><ele>1997.4</ele><time>2020-04-05T14:40:03.000Z</time></trkpt>
   <trkpt lat="18.966511" lon="-99.428169"><ele>1999.6</ele><time>2020-04-05T14:40:12.000Z</time></trkpt>
   <trkpt lat="18.966920" lon="-99.428719"><ele>2003.2</ele><time>2020-04-05T14:40:35.000Z</time></trkpt>
   <trkpt lat="18.967295" lon="-99.429035"><ele>2005.2</ele><time>2020-04-05T14:40:48.000Z</time></trkpt>
   <trkpt lat="18.968031" lon="-99.429331"><ele>2012.4</ele><time>2020-04-05T14:41:12.000Z</time></trkpt>
   <trkpt lat="18.968172" lon="-99.429461"><ele>2014.7</ele><time>2020-04-05T14:41:24.000Z</time></trkpt>
   <trkpt lat="18.968459" lon="-99.429489"><ele>2017.9</ele><time>2020-04-05T14:41:49.000Z</time></trkpt>
   <trkpt lat="18.968788" lon="-99.429304"><ele>2021.1</ele><time>2020-04-05T14:42:05.000Z</time></trkpt>
   <trkpt lat="18.968616" lon="-99.429479"><ele>2023.0</ele><time>2020-04-05T14:42:16.000Z</time></trkpt>
   <trkpt lat="18.969070" lon="-99.429362"><ele>2027.2</ele><time>2020-04-05T14:42:31.000Z</time></trkpt>
   <trkpt lat="18.969645" lon="-99.429432"><ele>2031.0</ele><time>2020-04-05T14:42:45.000Z</time></trkpt>
   <trkpt lat="18.970506" lon="-99.429789"><ele>2037.7</ele><time>2020-04-05T14:43:21.000Z</time></trkpt>
   <trkpt lat="18.971370" lon="-99.429914"><ele>2046.6</ele><time>2020-04-05T14:43:58.000Z</time></trkpt>
   <trkpt lat="18.971864" lon="-99.430296"><ele>2049.8</ele><time>2020-04-05T14:44:14.000Z</time></trkpt>
   <trkpt lat="18.971983" lon="-99.430884"><ele>2054.1</ele><time>2020-04-05T14:44:40.000Z</time></trkpt>
   <trkpt lat="18.972199" lon="-99.431306"><ele>2055.5</ele><time>2020-04-05T14:44:48.000Z</time></trkpt>
   <trkpt lat="18.972490" lon="-99.432231"><ele>2060.7</ele><time>2020-04-05T14:45:24.000Z</time></trkpt>
   <trkpt lat="18.972520" lon="-99.432945"><ele>2063.1</ele><time>2020-04-05T14:45:46.000Z</time></trkpt>
   <trkpt lat="18.972733" lon="-99.433657"><ele>2066.7</ele><time>2020-04-05T14:45:56.000Z</time></trkpt>
   <trkpt lat="18.972620" lon="-99.433954"><ele>2067.7</ele><time>2020-04-05T14:46:05.000Z</time></trkpt>
   <trkpt lat="18.971960" lon="-99.434633"><ele>2071.4</ele><time>2020-04-05T14:46:37.000Z</time></trkpt>
   <trkpt lat="18.971697" lon="-99.435033"><ele>2075.9</ele><time>2020-04-05T14:46:52.000Z</time></trkpt>
   <trkpt lat="18.971644" lon="-99.435333"><ele>2079.3</ele><time>2020-04-05T14:47:03.000Z</time></trkpt>
   <trkpt lat="18.971731" lon="-99.435522"><ele>2080.8</ele><time>2020-04-05T14:47:10.000Z</time></trkpt>
   <trkpt lat="18.971912" lon="-99.435657"><ele>2082.2</ele><time>2020-04-05T14:47:18.000Z</time></trkpt>
   <trkpt lat="18.973107" lon="-99.435809"><ele>2091.3</ele><time>2020-04-05T14:48:00.000Z</time></trkpt>
   <trkpt lat="18.973250" lon="-99.435955"><ele>2092.6</ele><time>2020-04-05T14:48:07.000Z</time></trkpt>
   <trkpt lat="18.973298" lon="-99.436231"><ele>2093.6</ele><time>2020-04-05T14:48:15.000Z</time></trkpt>
   <trkpt lat="18.972458" lon="-99.437841"><ele>2099.6</ele><time>2020-04-05T14:49:00.000Z</time></trkpt>
   <trkpt lat="18.971996" lon="-99.438069"><ele>2101.1</ele><time>2020-04-05T14:49:13.000Z</time></trkpt>
   <trkpt lat="18.970993" lon="-99.438195"><ele>2106.7</ele><time>2020-04-05T14:49:41.000Z</time></trkpt>
   <trkpt lat="18.970800" lon="-99.438428"><ele>2109.4</ele><time>2020-04-05T14:49:51.000Z</time></trkpt>
   <trkpt lat="18.970900" lon="-99.438719"><ele>2112.5</ele><time>2020-04-05T14:50:02.000Z</time></trkpt>
   <trkpt lat="18.972039" lon="-99.439515"><ele>2121.8</ele><time>2020-04-05T14:50:47.000Z</time></trkpt>
   <trkpt lat="18.972374" lon="-99.439665"><ele>2123.5</ele><time>2020-04-05T14:50:59.000Z</time></trkpt>
   <trkpt lat="18.972654" lon="-99.439690"><ele>2125.0</ele><time>2020-04-05T14:51:07.000Z</time></trkpt>
   <trkpt lat="18.973414" lon="-99.439268"><ele>2130.0</ele><time>2020-04-05T14:51:34.000Z</time></trkpt>
   <trkpt lat="18.974279" lon="-99.439194"><ele>2133.6</ele><time>2020-04-05T14:51:59.000Z</time></trkpt>
   <trkpt lat="18.975543" lon="-99.438625"><ele>2141.0</ele><time>2020-04-05T14:52:38.000Z</time></trkpt>
   <trkpt lat="18.977275" lon="-99.438220"><ele>2150.5</ele><time>2020-04-05T14:53:31.000Z</time></trkpt>
   <trkpt lat="18.978072" lon="-99.437938"><ele>2156.1</ele><time>2020-04-05T14:53:57.000Z</time></trkpt>
   <trkpt lat="18.978996" lon="-99.437439"><ele>2161.8</ele><time>2020-04-05T14:54:30.000Z</time></trkpt>
   <trkpt lat="18.979347" lon="-99.437117"><ele>2164.6</ele><time>2020-04-05T14:54:45.000Z</time></trkpt>
   <trkpt lat="18.979400" lon="-99.436564"><ele>2168.7</ele><time>2020-04-05T14:55:01.000Z</time></trkpt>
   <trkpt lat="18.979748" lon="-99.435680"><ele>2174.2</ele><time>2020-04-05T14:55:37.000Z</time></trkpt>
   <trkpt lat="18.979729" lon="-99.434401"><ele>2182.6</ele><time>2020-04-05T14:56:10.000Z</time></trkpt>
   <trkpt lat="18.979658" lon="-99.432875"><ele>2190.9</ele><time>2020-04-05T14:56:47.000Z</time></trkpt>
   <trkpt lat="18.979579" lon="-99.432521"><ele>2192.0</ele><time>2020-04-05T14:56:56.000Z</time></trkpt>
   <trkpt lat="18.978387" lon="-99.431253"><ele>2198.3</ele><time>2020-04-05T14:57:45.000Z</time></trkpt>
   <trkpt lat="18.977856" lon="-99.430203"><ele>2204.9</ele><time>2020-04-05T14:58:13.000Z</time></trkpt>
   <trkpt lat="18.977648" lon="-99.429347"><ele>2207.4</ele><time>2020-04-05T14:58:32.000Z</time></trkpt>
   <trkpt lat="18.977635" lon="-99.428798"><ele>2210.8</ele><time>2020-04-05T14:58:51.000Z</time></trkpt>
   <trkpt lat="18.977791" lon="-99.428183"><ele>2213.6</ele><time>2020-04-05T14:59:12.000Z</time></trkpt>
   <trkpt lat="18.978220" lon="-99.427538"><ele>2217.6</ele><time>2020-04-05T14:59:50.000Z</time></trkpt>
   <trkpt lat="18.978979" lon="-99.426796"><ele>2226.0</ele><time>2020-04-05T15:00:25.000Z</time></trkpt>
   <trkpt lat="18.979740" lon="-99.426564"><ele>2229.7</ele><time>2020-04-05T15:00:45.000Z</time></trkpt>
   <trkpt lat="18.980287" lon="-99.426225"><ele>2232.2</ele><time>2020-04-05T15:01:05.000Z</time></trkpt>
   <trkpt lat="18.981089" lon="-99.426581"><ele>2236.1</ele><time>2020-04-05T15:01:27.000Z</time></trkpt>
   <trkpt lat="18.981389" lon="-99.426615"><ele>2237.5</ele><time>2020-04-05T15:01:31.000Z</time></trkpt>
   <trkpt lat="18.982232" lon="-99.426040"><ele>2243.4</ele><time>2020-04-05T15:02:00.000Z</time></trkpt>
   <trkpt lat="18.983232" lon="-99.424940"><ele>2256.6</ele><time>2020-04-05T15:02:48.000Z</time></trkpt>
   <trkpt lat="18.983276" lon="-99.424439"><ele>2258.2</ele><time>2020-04-05T15:03:06.000Z</time></trkpt>
   <trkpt lat="18.983424" lon="-99.424372"><ele>2259.4</ele><time>2020-04-05T15:03:09.000Z</time></trkpt>
   <trkpt lat="18.983670" lon="-99.423976"><ele>2262.7</ele><time>2020-04-05T15:03:14.000Z</time></trkpt>
   <trkpt lat="18.983987" lon="-99.423096"><ele>2264.1</ele><time>2020-04-05T15:03:29.000Z</time></trkpt>
   <trkpt lat="18.984726" lon="-99.422687"><ele>2266.6</ele><time>2020-04-05T15:03:57.000Z</time></trkpt>
   <trkpt lat="18.985048" lon="-99.422198"><ele>2269.5</ele><time>2020-04-05T15:04:15.000Z</time></trkpt>
   <trkpt lat="18.985984" lon="-99.421195"><ele>2270.0</ele><time>2020-04-05T15:04:44.000Z</time></trkpt>
   <trkpt lat="18.986184" lon="-99.421295"><ele>2271.3</ele><time>2020-04-05T15:04:57.000Z</time></trkpt>
   <trkpt lat="18.986424" lon="-99.422060"><ele>2275.6</ele><time>2020-04-05T15:05:23.000Z</time></trkpt>
   <trkpt lat="18.986653" lon="-99.422374"><ele>2280.7</ele><time>2020-04-05T15:05:38.000Z</time></trkpt>
   <trkpt lat="18.987146" lon="-99.422690"><ele>2286.3</ele><time>2020-04-05T15:05:56.000Z</time></trkpt>
   <trkpt lat="18.987654" lon="-99.422733"><ele>2289.6</ele><time>2020-04-05T15:06:16.000Z</time></trkpt>
   <trkpt lat="18.988945" lon="-99.421951"><ele>2302.3</ele><time>2020-04-05T15:07:13.000Z</time></trkpt>
   <trkpt lat="18.989073" lon="-99.421828"><ele>2303.3</ele><time>2020-04-05T15:07:20.000Z</time></trkpt>
   <trkpt lat="18.989176" lon="-99.421547"><ele>2304.9</ele><time>2020-04-05T15:07:34.000Z</time></trkpt>
   <trkpt lat="18.989829" lon="-99.421191"><ele>2311.7</ele><time>2020-04-05T15:07:59.000Z</time></trkpt>
   <trkpt lat="18.990106" lon="-99.421124"><ele>2314.5</ele><time>2020-04-05T15:08:11.000Z</time></trkpt>
   <trkpt lat="18.991521" lon="-99.421264"><ele>2324.0</ele><time>2020-04-05T15:08:56.000Z</time></trkpt>
   <trkpt lat="18.991833" lon="-99.421184"><ele>2326.8</ele><time>2020-04-05T15:09:09.000Z</time></trkpt>
   <trkpt lat="18.992019" lon="-99.420991"><ele>2329.3</ele><time>2020-04-05T15:09:19.000Z</time></trkpt>
   <trkpt lat="18.992652" lon="-99.419732"><ele>2339.8</ele><time>2020-04-05T15:10:13.000Z</time></trkpt>
   <trkpt lat="18.992913" lon="-99.419498"><ele>2342.5</ele><time>2020-04-05T15:10:26.000Z</time></trkpt>
   <trkpt lat="18.993189" lon="-99.419448"><ele>2344.3</ele><time>2020-04-05T15:10:35.000Z</time></trkpt>
   <trkpt lat="18.994659" lon="-99.419648"><ele>2355.3</ele><time>2020-04-05T15:11:27.000Z</time></trkpt>
   <trkpt lat="18.995964" lon="-99.420903"><ele>2366.8</ele><time>2020-04-05T15:12:25.000Z</time></trkpt>
   <trkpt lat="18.996166" lon="-99.421016"><ele>2368.0</ele><time>2020-04-05T15:12:32.000Z</time></trkpt>
   <trkpt lat="18.996344" lon="-99.421017"><ele>2369.1</ele><time>2020-04-05T15:12:38.000Z</time></trkpt>
   <trkpt lat="18.996566" lon="-99.420896"><ele>2371.0</ele><time>2020-04-05T15:12:47.000Z</time></trkpt>
   <trkpt lat="18.996674" lon="-99.420666"><ele>2372.7</ele><time>2020-04-05T15:12:55.000Z</time></trkpt>
   <trkpt lat="18.997032" lon="-99.418704"><ele>2380.3</ele><time>2020-04-05T15:14:01.000Z</time></trkpt>
   <trkpt lat="18.997263" lon="-99.418417"><ele>2382.0</ele><time>2020-04-05T15:14:14.000Z</time></trkpt>
   <trkpt lat="18.997456" lon="-99.418353"><ele>2382.8</ele><time>2020-04-05T15:14:22.000Z</time></trkpt>
   <trkpt lat="19.002052" lon="-99.420302"><ele>2415.0</ele><time>2020-04-05T15:17:11.000Z</time></trkpt>
   <trkpt lat="19.002460" lon="-99.420406"><ele>2417.5</ele><time>2020-04-05T15:17:25.000Z</time></trkpt>
   <trkpt lat="19.002708" lon="-99.420274"><ele>2419.8</ele><time>2020-04-05T15:17:36.000Z</time></trkpt>
   <trkpt lat="19.002786" lon="-99.419966"><ele>2422.7</ele><time>2020-04-05T15:17:48.000Z</time></trkpt>
   <trkpt lat="19.002425" lon="-99.417493"><ele>2439.2</ele><time>2020-04-05T15:19:13.000Z</time></trkpt>
   <trkpt lat="19.002629" lon="-99.416960"><ele>2444.0</ele><time>2020-04-05T15:19:33.000Z</time></trkpt>
   <trkpt lat="19.003414" lon="-99.416308"><ele>2455.3</ele><time>2020-04-05T15:20:09.000Z</time></trkpt>
   <trkpt lat="19.003567" lon="-99.416066"><ele>2458.9</ele><time>2020-04-05T15:20:19.000Z</time></trkpt>
   <trkpt lat="19.003568" lon="-99.415850"><ele>2461.5</ele><time>2020-04-05T15:20:26.000Z</time></trkpt>
   <trkpt lat="19.003175" lon="-99.414967"><ele>2469.5</ele><time>2020-04-05T15:20:58.000Z</time></trkpt>
   <trkpt lat="19.003216" lon="-99.414338"><ele>2472.1</ele><time>2020-04-05T15:21:18.000Z</time></trkpt>
   <trkpt lat="19.003363" lon="-99.414086"><ele>2473.7</ele><time>2020-04-05T15:21:28.000Z</time></trkpt>
   <trkpt lat="19.003992" lon="-99.413492"><ele>2480.8</ele><time>2020-04-05T15:21:57.000Z</time></trkpt>
   <trkpt lat="19.004664" lon="-99.413185"><ele>2484.6</ele><time>2020-04-05T15:22:36.000Z</time></trkpt>
   <trkpt lat="19.005570" lon="-99.412507"><ele>2491.3</ele><time>2020-04-05T15:23:22.000Z</time></trkpt>
   <trkpt lat="19.009632" lon="-99.407578"><ele>2526.3</ele><time>2020-04-05T15:26:39.000Z</time></trkpt>
   <trkpt lat="19.009762" lon="-99.407182"><ele>2528.1</ele><time>2020-04-05T15:26:53.000Z</time></trkpt>
   <trkpt lat="19.010089" lon="-99.404190"><ele>2538.9</ele><time>2020-04-05T15:28:20.000Z</time></trkpt>
   <trkpt lat="19.010297" lon="-99.403140"><ele>2541.5</ele><time>2020-04-05T15:28:45.000Z</time></trkpt>
   <trkpt lat="19.010433" lon="-99.402775"><ele>2542.5</ele><time>2020-04-05T15:28:54.000Z</time></trkpt>
   <trkpt lat="19.010732" lon="-99.402384"><ele>2543.8</ele><time>2020-04-05T15:29:08.000Z</time></trkpt>
   <trkpt lat="19.012424" lon="-99.400707"><ele>2563.7</ele><time>2020-04-05T15:30:34.000Z</time></trkpt>
   <trkpt lat="19.012495" lon="-99.400408"><ele>2564.8</ele><time>2020-04-05T15:30:45.000Z</time></trkpt>
   <trkpt lat="19.012362" lon="-99.399415"><ele>2570.7</ele><time>2020-04-05T15:31:23.000Z</time></trkpt>
   <trkpt lat="19.012399" lon="-99.398857"><ele>2573.3</ele><time>2020-04-05T15:31:42.000Z</time></trkpt>
   <trkpt lat="19.013750" lon="-99.394617"><ele>2597.0</ele><time>2020-04-05T15:33:52.000Z</time></trkpt>
   <trkpt lat="19.014081" lon="-99.393677"><ele>2604.3</ele><time>2020-04-05T15:34:25.000Z</time></trkpt>
   <trkpt lat="19.014289" lon="-99.393380"><ele>2607.4</ele><time>2020-04-05T15:34:38.000Z</time></trkpt>
   <trkpt lat="19.014509" lon="-99.393272"><ele>2609.1</ele><time>2020-04-05T15:34:46.000Z</time></trkpt>
   <trkpt lat="19.014833" lon="-99.393307"><ele>2611.2</ele><time>2020-04-05T15:34:58.000Z</time></trkpt>
   <trkpt lat="19.016246" lon="-99.394239"><ele>2620.8</ele><time>2020-04-05T15:35:56.000Z</time></trkpt>
   <trkpt lat="19.016838" lon="-99.394341"><ele>2623.7</ele><time>2020-04-05T15:36:17.000Z</time></trkpt>
   <trkpt lat="19.017887" lon="-99.394228"><ele>2630.1</ele><time>2020-04-05T15:36:52.000Z</time></trkpt>
   <trkpt lat="19.018320" lon="-99.394044"><ele>2632.4</ele><time>2020-04-05T15:37:09.000Z</time></trkpt>
   <trkpt lat="19.018534" lon="-99.393762"><ele>2635.1</ele><time>2020-04-05T15:37:21.000Z</time></trkpt>
   <trkpt lat="19.018946" lon="-99.392568"><ele>2643.7</ele><time>2020-04-05T15:38:05.000Z</time></trkpt>
   <trkpt lat="19.019140" lon="-99.392362"><ele>2644.5</ele><time>2020-04-05T15:38:14.000Z</time></trkpt>
   <trkpt lat="19.019408" lon="-99.392264"><ele>2646.0</ele><time>2020-04-05T15:38:24.000Z</time></trkpt>
   <trkpt lat="19.019756" lon="-99.392273"><ele>2648.8</ele><time>2020-04-05T15:38:36.000Z</time></trkpt>
   <trkpt lat="19.020744" lon="-99.392533"><ele>2657.4</ele><time>2020-04-05T15:39:07.000Z</time></trkpt>
   <trkpt lat="19.021811" lon="-99.393198"><ele>2663.3</ele><time>2020-04-05T15:39:42.000Z</time></trkpt>
   <trkpt lat="19.022684" lon="-99.393127"><ele>2669.5</ele><time>2020-04-05T15:40:08.000Z</time></trkpt>
   <trkpt lat="19.023072" lon="-99.392913"><ele>2673.7</ele><time>2020-04-05T15:40:24.000Z</time></trkpt>
   <trkpt lat="19.024733" lon="-99.391409"><ele>2688.0</ele><time>2020-04-05T15:41:40.000Z</time></trkpt>
   <trkpt lat="19.025202" lon="-99.391150"><ele>2691.4</ele><time>2020-04-05T15:41:58.000Z</time></trkpt>
   <trkpt lat="19.030173" lon="-99.389153"><ele>2717.1</ele><time>2020-04-05T15:44:44.000Z</time></trkpt>
   <trkpt lat="19.032884" lon="-99.387970"><ele>2733.5</ele><time>2020-04-05T15:46:03.000Z</time></trkpt>
   <trkpt lat="19.033453" lon="-99.387817"><ele>2734.0</ele><time>2020-04-05T15:46:17.000Z</time></trkpt>
   <trkpt lat="19.033904" lon="-99.387555"><ele>2733.3</ele><time>2020-04-05T15:46:30.000Z</time></trkpt>
   <trkpt lat="19.034970" lon="-99.387123"><ele>2733.2</ele><time>2020-04-05T15:46:57.000Z</time></trkpt>
   <trkpt lat="19.038044" lon="-99.385952"><ele>2738.9</ele><time>2020-04-05T15:47:58.000Z</time></trkpt>
   <trkpt lat="19.038535" lon="-99.385622"><ele>2741.1</ele><time>2020-04-05T15:48:09.000Z</time></trkpt>
   <trkpt lat="19.040092" lon="-99.384970"><ele>2748.0</ele><time>2020-04-05T15:49:00.000Z</time></trkpt>
   <trkpt lat="19.041233" lon="-99.384335"><ele>2749.0</ele><time>2020-04-05T15:49:25.000Z</time></trkpt>
   <trkpt lat="19.042200" lon="-99.383733"><ele>2754.4</ele><time>2020-04-05T15:49:47.000Z</time></trkpt>
   <trkpt lat="19.042699" lon="-99.383200"><ele>2759.8</ele><time>2020-04-05T15:50:13.000Z</time></trkpt>
   <trkpt lat="19.042696" lon="-99.383122"><ele>2760.8</ele><time>2020-04-05T15:50:35.000Z</time></trkpt>
   <trkpt lat="19.042736" lon="-99.383206"><ele>2762.0</ele><time>2020-04-05T15:51:19.000Z</time></trkpt>
   <trkpt lat="19.042814" lon="-99.383050"><ele>2763.4</ele><time>2020-04-05T15:52:24.000Z</time></trkpt>
   <trkpt lat="19.043017" lon="-99.382961"><ele>2765.5</ele><time>2020-04-05T15:52:30.000Z</time></trkpt>
   <trkpt lat="19.043255" lon="-99.382987"><ele>2767.2</ele><time>2020-04-05T15:52:40.000Z</time></trkpt>
   <trkpt lat="19.043499" lon="-99.383173"><ele>2768.8</ele><time>2020-04-05T15:52:52.000Z</time></trkpt>
   <trkpt lat="19.043979" lon="-99.384419"><ele>2775.0</ele><time>2020-04-05T15:53:36.000Z</time></trkpt>
   <trkpt lat="19.044682" lon="-99.384830"><ele>2779.9</ele><time>2020-04-05T15:53:57.000Z</time></trkpt>
   <trkpt lat="19.044728" lon="-99.385027"><ele>2781.4</ele><time>2020-04-05T15:54:02.000Z</time></trkpt>
   <trkpt lat="19.045415" lon="-99.384909"><ele>2785.8</ele><time>2020-04-05T15:54:27.000Z</time></trkpt>
   <trkpt lat="19.045871" lon="-99.384932"><ele>2787.9</ele><time>2020-04-05T15:54:33.000Z</time></trkpt>
   <trkpt lat="19.046216" lon="-99.384804"><ele>2789.5</ele><time>2020-04-05T15:54:39.000Z</time></trkpt>
   <trkpt lat="19.046160" lon="-99.384754"><ele>2789.8</ele><time>2020-04-05T15:54:41.000Z</time></trkpt>
   <trkpt lat="19.047208" lon="-99.384547"><ele>2794.9</ele><time>2020-04-05T15:54:55.000Z</time></trkpt>
   <trkpt lat="19.047646" lon="-99.384297"><ele>2797.2</ele><time>2020-04-05T15:55:06.000Z</time></trkpt>
   <trkpt lat="19.048885" lon="-99.384190"><ele>2801.1</ele><time>2020-04-05T15:55:39.000Z</time></trkpt>
   <trkpt lat="19.048961" lon="-99.384081"><ele>2801.3</ele><time>2020-04-05T15:55:46.000Z</time></trkpt>
   <trkpt lat="19.049660" lon="-99.383940"><ele>2802.8</ele><time>2020-04-05T15:56:08.000Z</time></trkpt>
   <trkpt lat="19.049994" lon="-99.383980"><ele>2803.5</ele><time>2020-04-05T15:56:13.000Z</time></trkpt>
   <trkpt lat="19.050285" lon="-99.383877"><ele>2804.1</ele><time>2020-04-05T15:56:24.000Z</time></trkpt>
   <trkpt lat="19.050683" lon="-99.384107"><ele>2805.2</ele><time>2020-04-05T15:56:30.000Z</time></trkpt>
   <trkpt lat="19.051976" lon="-99.383851"><ele>2808.3</ele><time>2020-04-05T15:56:49.000Z</time></trkpt>
   <trkpt lat="19.052852" lon="-99.383904"><ele>2810.5</ele><time>2020-04-05T15:57:19.000Z</time></trkpt>
   <trkpt lat="19.054431" lon="-99.383165"><ele>2813.6</ele><time>2020-04-05T15:57:54.000Z</time></trkpt>
   <trkpt lat="19.054660" lon="-99.383172"><ele>2814.1</ele><time>2020-04-05T15:57:58.000Z</time></trkpt>
   <trkpt lat="19.054882" lon="-99.383062"><ele>2814.6</ele><time>2020-04-05T15:58:01.000Z</time></trkpt>
   <trkpt lat="19.055036" lon="-99.383105"><ele>2814.9</ele><time>2020-04-05T15:58:12.000Z</time></trkpt>
   <trkpt lat="19.055217" lon="-99.382850"><ele>2815.3</ele><time>2020-04-05T15:58:18.000Z</time></trkpt>
   <trkpt lat="19.055420" lon="-99.382745"><ele>2815.7</ele><time>2020-04-05T15:58:23.000Z</time></trkpt>
   <trkpt lat="19.055506" lon="-99.382741"><ele>2815.9</ele><time>2020-04-05T15:58:25.000Z</time></trkpt>
   <trkpt lat="19.055630" lon="-99.382885"><ele>2816.2</ele><time>2020-04-05T15:58:29.000Z</time></trkpt>
   <trkpt lat="19.056224" lon="-99.382609"><ele>2817.6</ele><time>2020-04-05T15:58:34.000Z</time></trkpt>
   <trkpt lat="19.057418" lon="-99.382229"><ele>2821.6</ele><time>2020-04-05T15:59:04.000Z</time></trkpt>
   <trkpt lat="19.058235" lon="-99.382251"><ele>2826.4</ele><time>2020-04-05T15:59:26.000Z</time></trkpt>
   <trkpt lat="19.058470" lon="-99.382074"><ele>2827.9</ele><time>2020-04-05T15:59:33.000Z</time></trkpt>
   <trkpt lat="19.058950" lon="-99.381008"><ele>2829.5</ele><time>2020-04-05T16:07:30.000Z</time></trkpt>
   <trkpt lat="19.059312" lon="-99.380466"><ele>2833.7</ele><time>2020-04-05T16:07:41.000Z</time></trkpt>
   <trkpt lat="19.059492" lon="-99.380342"><ele>2834.8</ele><time>2020-04-05T16:07:45.000Z</time></trkpt>
   <trkpt lat="19.064258" lon="-99.379325"><ele>2846.5</ele><time>2020-04-05T16:09:43.000Z</time></trkpt>
   <trkpt lat="19.065515" lon="-99.379621"><ele>2856.6</ele><time>2020-04-05T16:10:30.000Z</time></trkpt>
   <trkpt lat="19.065898" lon="-99.379612"><ele>2859.7</ele><time>2020-04-05T16:10:45.000Z</time></trkpt>
   <trkpt lat="19.066064" lon="-99.379483"><ele>2860.6</ele><time>2020-04-05T16:10:53.000Z</time></trkpt>
   <trkpt lat="19.066169" lon="-99.379213"><ele>2861.5</ele><time>2020-04-05T16:11:04.000Z</time></trkpt>
   <trkpt lat="19.066133" lon="-99.379006"><ele>2862.0</ele><time>2020-04-05T16:11:12.000Z</time></trkpt>
   <trkpt lat="19.065936" lon="-99.378806"><ele>2862.6</ele><time>2020-04-05T16:11:23.000Z</time></trkpt>
   <trkpt lat="19.064178" lon="-99.378638"><ele>2873.8</ele><time>2020-04-05T16:12:44.000Z</time></trkpt>
   <trkpt lat="19.063220" lon="-99.378239"><ele>2883.1</ele><time>2020-04-05T16:13:30.000Z</time></trkpt>
   <trkpt lat="19.062933" lon="-99.377665"><ele>2887.5</ele><time>2020-04-05T16:13:55.000Z</time></trkpt>
   <trkpt lat="19.062625" lon="-99.376553"><ele>2894.5</ele><time>2020-04-05T16:14:39.000Z</time></trkpt>
   <trkpt lat="19.062714" lon="-99.376033"><ele>2896.6</ele><time>2020-04-05T16:14:59.000Z</time></trkpt>
   <trkpt lat="19.062895" lon="-99.375656"><ele>2899.5</ele><time>2020-04-05T16:15:16.000Z</time></trkpt>
   <trkpt lat="19.063168" lon="-99.375430"><ele>2903.1</ele><time>2020-04-05T16:15:32.000Z</time></trkpt>
   <trkpt lat="19.064120" lon="-99.374968"><ele>2912.2</ele><time>2020-04-05T16:16:16.000Z</time></trkpt>
   <trkpt lat="19.066255" lon="-99.374606"><ele>2940.8</ele><time>2020-04-05T16:17:48.000Z</time></trkpt>
   <trkpt lat="19.067346" lon="-99.373699"><ele>2951.3</ele><time>2020-04-05T16:18:43.000Z</time></trkpt>
   <trkpt lat="19.068687" lon="-99.373268"><ele>2976.0</ele><time>2020-04-05T16:19:48.000Z</time></trkpt>
   <trkpt lat="19.069807" lon="-99.372648"><ele>2986.6</ele><time>2020-04-05T16:20:38.000Z</time></trkpt>
   <trkpt lat="19.070371" lon="-99.372453"><ele>2990.7</ele><time>2020-04-05T16:21:02.000Z</time></trkpt>
   <trkpt lat="19.070937" lon="-99.372003"><ele>2994.5</ele><time>2020-04-05T16:21:36.000Z</time></trkpt>
   <trkpt lat="19.071814" lon="-99.371495"><ele>3000.4</ele><time>2020-04-05T16:22:05.000Z</time></trkpt>
   <trkpt lat="19.072678" lon="-99.369838"><ele>3016.7</ele><time>2020-04-05T16:23:25.000Z</time></trkpt>
   <trkpt lat="19.073212" lon="-99.369162"><ele>3022.7</ele><time>2020-04-05T16:23:58.000Z</time></trkpt>
   <trkpt lat="19.073621" lon="-99.368920"><ele>3026.9</ele><time>2020-04-05T16:24:20.000Z</time></trkpt>
   <trkpt lat="19.074431" lon="-99.368718"><ele>3034.0</ele><time>2020-04-05T16:24:40.000Z</time></trkpt>
   <trkpt lat="19.074927" lon="-99.368394"><ele>3037.1</ele><time>2020-04-05T16:24:59.000Z</time></trkpt>
   <trkpt lat="19.075247" lon="-99.368296"><ele>3038.2</ele><time>2020-04-05T16:25:03.000Z</time></trkpt>
   <trkpt lat="19.075369" lon="-99.368150"><ele>3038.5</ele><time>2020-04-05T16:25:05.000Z</time></trkpt>
   <trkpt lat="19.075496" lon="-99.368148"><ele>3038.7</ele><time>2020-04-05T16:25:10.000Z</time></trkpt>
   <trkpt lat="19.075561" lon="-99.367711"><ele>3039.3</ele><time>2020-04-05T16:25:24.000Z</time></trkpt>
   <trkpt lat="19.075438" lon="-99.367156"><ele>3040.2</ele><time>2020-04-05T16:25:41.000Z</time></trkpt>
   <trkpt lat="19.075010" lon="-99.366561"><ele>3042.9</ele><time>2020-04-05T16:25:51.000Z</time></trkpt>
   <trkpt lat="19.075066" lon="-99.365377"><ele>3045.9</ele><time>2020-04-05T16:26:27.000Z</time></trkpt>
   <trkpt lat="19.074724" lon="-99.364738"><ele>3048.0</ele><time>2020-04-05T16:26:44.000Z</time></trkpt>
   <trkpt lat="19.074933" lon="-99.363701"><ele>3051.4</ele><time>2020-04-05T16:27:15.000Z</time></trkpt>
   <trkpt lat="19.075119" lon="-99.363425"><ele>3052.7</ele><time>2020-04-05T16:27:21.000Z</time></trkpt>
   <trkpt lat="19.075003" lon="-99.363430"><ele>3053.1</ele><time>2020-04-05T16:27:25.000Z</time></trkpt>
   <trkpt lat="19.075321" lon="-99.363107"><ele>3054.7</ele><time>2020-04-05T16:27:41.000Z</time></trkpt>
   <trkpt lat="19.075489" lon="-99.362486"><ele>3057.1</ele><time>2020-04-05T16:27:52.000Z</time></trkpt>
   <trkpt lat="19.075831" lon="-99.361894"><ele>3059.8</ele><time>2020-04-05T16:28:18.000Z</time></trkpt>
   <trkpt lat="19.076972" lon="-99.360974"><ele>3068.2</ele><time>2020-04-05T16:29:09.000Z</time></trkpt>
   <trkpt lat="19.078187" lon="-99.360354"><ele>3077.3</ele><time>2020-04-05T16:29:54.000Z</time></trkpt>
   <trkpt lat="19.078530" lon="-99.359996"><ele>3080.0</ele><time>2020-04-05T16:30:08.000Z</time></trkpt>
   <trkpt lat="19.078824" lon="-99.359425"><ele>3082.1</ele><time>2020-04-05T16:30:29.000Z</time></trkpt>
   <trkpt lat="19.078806" lon="-99.358979"><ele>3082.9</ele><time>2020-04-05T16:30:34.000Z</time></trkpt>
   <trkpt lat="19.079075" lon="-99.357589"><ele>3089.1</ele><time>2020-04-05T16:31:07.000Z</time></trkpt>
   <trkpt lat="19.078964" lon="-99.356554"><ele>3097.0</ele><time>2020-04-05T16:31:42.000Z</time></trkpt>
   <trkpt lat="19.079001" lon="-99.356025"><ele>3101.8</ele><time>2020-04-05T16:31:49.000Z</time></trkpt>
   <trkpt lat="19.078844" lon="-99.355439"><ele>3105.2</ele><time>2020-04-05T16:32:12.000Z</time></trkpt>
   <trkpt lat="19.078831" lon="-99.354989"><ele>3108.0</ele><time>2020-04-05T16:32:27.000Z</time></trkpt>
   <trkpt lat="19.078564" lon="-99.354222"><ele>3116.7</ele><time>2020-04-05T16:32:46.000Z</time></trkpt>
   <trkpt lat="19.078624" lon="-99.353727"><ele>3121.7</ele><time>2020-04-05T16:33:02.000Z</time></trkpt>
   <trkpt lat="19.079379" lon="-99.352299"><ele>3134.4</ele><time>2020-04-05T16:33:49.000Z</time></trkpt>
   <trkpt lat="19.079439" lon="-99.351697"><ele>3140.7</ele><time>2020-04-05T16:34:10.000Z</time></trkpt>
   <trkpt lat="19.079332" lon="-99.350730"><ele>3145.0</ele><time>2020-04-05T16:34:31.000Z</time></trkpt>
   <trkpt lat="19.079404" lon="-99.350510"><ele>3145.8</ele><time>2020-04-05T16:34:38.000Z</time></trkpt>
   <trkpt lat="19.079216" lon="-99.350133"><ele>3147.8</ele><time>2020-04-05T16:34:53.000Z</time></trkpt>
   <trkpt lat="19.079048" lon="-99.349199"><ele>3153.4</ele><time>2020-04-05T16:35:17.000Z</time></trkpt>
   <trkpt lat="19.078733" lon="-99.348651"><ele>3157.4</ele><time>2020-04-05T16:35:41.000Z</time></trkpt>
   <trkpt lat="19.078047" lon="-99.347984"><ele>3165.0</ele><time>2020-04-05T16:36:11.000Z</time></trkpt>
   <trkpt lat="19.077793" lon="-99.347329"><ele>3169.4</ele><time>2020-04-05T16:36:45.000Z</time></trkpt>
   <trkpt lat="19.078040" lon="-99.345773"><ele>3181.0</ele><time>2020-04-05T16:37:34.000Z</time></trkpt>
   <trkpt lat="19.077768" lon="-99.343561"><ele>3179.5</ele><time>2020-04-05T16:38:41.000Z</time></trkpt>
   <trkpt lat="19.077776" lon="-99.342331"><ele>3171.5</ele><time>2020-04-05T16:38:55.000Z</time></trkpt>
   <trkpt lat="19.077616" lon="-99.342022"><ele>3169.7</ele><time>2020-04-05T16:39:00.000Z</time></trkpt>
   <trkpt lat="19.077201" lon="-99.341844"><ele>3166.6</ele><time>2020-04-05T16:39:06.000Z</time></trkpt>
   <trkpt lat="19.075227" lon="-99.342039"><ele>3148.8</ele><time>2020-04-05T16:39:31.000Z</time></trkpt>
   <trkpt lat="19.072490" lon="-99.341839"><ele>3127.2</ele><time>2020-04-05T16:40:00.000Z</time></trkpt>
   <trkpt lat="19.071951" lon="-99.341733"><ele>3123.0</ele><time>2020-04-05T16:40:07.000Z</time></trkpt>
   <trkpt lat="19.071403" lon="-99.341360"><ele>3120.0</ele><time>2020-04-05T16:40:17.000Z</time></trkpt>
   <trkpt lat="19.070746" lon="-99.340770"><ele>3116.2</ele><time>2020-04-05T16:40:30.000Z</time></trkpt>
   <trkpt lat="19.069577" lon="-99.339235"><ele>3108.7</ele><time>2020-04-05T16:40:54.000Z</time></trkpt>
   <trkpt lat="19.068629" lon="-99.337153"><ele>3114.2</ele><time>2020-04-05T16:41:28.000Z</time></trkpt>
   <trkpt lat="19.067419" lon="-99.336543"><ele>3121.7</ele><time>2020-04-05T16:41:49.000Z</time></trkpt>
   <trkpt lat="19.066678" lon="-99.335760"><ele>3125.1</ele><time>2020-04-05T16:42:07.000Z</time></trkpt>
   <trkpt lat="19.065357" lon="-99.334910"><ele>3128.4</ele><time>2020-04-05T16:42:32.000Z</time></trkpt>
   <trkpt lat="19.064878" lon="-99.334459"><ele>3129.6</ele><time>2020-04-05T16:42:43.000Z</time></trkpt>
   <trkpt lat="19.064459" lon="-99.333611"><ele>3132.3</ele><time>2020-04-05T16:42:58.000Z</time></trkpt>
   <trkpt lat="19.064108" lon="-99.333286"><ele>3133.7</ele><time>2020-04-05T16:43:06.000Z</time></trkpt>
   <trkpt lat="19.064040" lon="-99.332865"><ele>3134.9</ele><time>2020-04-05T16:43:13.000Z</time></trkpt>
   <trkpt lat="19.063710" lon="-99.332671"><ele>3135.6</ele><time>2020-04-05T16:43:19.000Z</time></trkpt>
   <trkpt lat="19.063298" lon="-99.331987"><ele>3136.2</ele><time>2020-04-05T16:43:32.000Z</time></trkpt>
   <trkpt lat="19.063311" lon="-99.331263"><ele>3133.3</ele><time>2020-04-05T16:43:40.000Z</time></trkpt>
   <trkpt lat="19.063150" lon="-99.330676"><ele>3130.3</ele><time>2020-04-05T16:43:49.000Z</time></trkpt>
   <trkpt lat="19.063308" lon="-99.329435"><ele>3117.9</ele><time>2020-04-05T16:44:05.000Z</time></trkpt>
   <trkpt lat="19.063446" lon="-99.329138"><ele>3114.1</ele><time>2020-04-05T16:44:09.000Z</time></trkpt>
   <trkpt lat="19.063884" lon="-99.328774"><ele>3106.8</ele><time>2020-04-05T16:44:22.000Z</time></trkpt>
   <trkpt lat="19.063891" lon="-99.328695"><ele>3106.0</ele><time>2020-04-05T16:44:24.000Z</time></trkpt>
   <trkpt lat="19.064227" lon="-99.328701"><ele>3102.2</ele><time>2020-04-05T16:44:35.000Z</time></trkpt>
   <trkpt lat="19.064932" lon="-99.328289"><ele>3097.4</ele><time>2020-04-05T16:44:45.000Z</time></trkpt>
   <trkpt lat="19.065613" lon="-99.327661"><ele>3093.1</ele><time>2020-04-05T16:44:58.000Z</time></trkpt>
   <trkpt lat="19.065879" lon="-99.327168"><ele>3092.9</ele><time>2020-04-05T16:45:05.000Z</time></trkpt>
   <trkpt lat="19.065891" lon="-99.326830"><ele>3091.9</ele><time>2020-04-05T16:45:09.000Z</time></trkpt>
   <trkpt lat="19.065584" lon="-99.325881"><ele>3083.2</ele><time>2020-04-05T16:45:19.000Z</time></trkpt>
   <trkpt lat="19.065438" lon="-99.325053"><ele>3079.0</ele><time>2020-04-05T16:45:29.000Z</time></trkpt>
   <trkpt lat="19.064977" lon="-99.324520"><ele>3074.7</ele><time>2020-04-05T16:45:38.000Z</time></trkpt>
   <trkpt lat="19.064890" lon="-99.324289"><ele>3072.5</ele><time>2020-04-05T16:45:41.000Z</time></trkpt>
   <trkpt lat="19.064748" lon="-99.322133"><ele>3054.7</ele><time>2020-04-05T16:46:05.000Z</time></trkpt>
   <trkpt lat="19.064830" lon="-99.321760"><ele>3053.4</ele><time>2020-04-05T16:46:10.000Z</time></trkpt>
   <trkpt lat="19.065010" lon="-99.321476"><ele>3054.0</ele><time>2020-04-05T16:46:15.000Z</time></trkpt>
   <trkpt lat="19.066058" lon="-99.320834"><ele>3047.8</ele><time>2020-04-05T16:46:32.000Z</time></trkpt>
   <trkpt lat="19.066761" lon="-99.320800"><ele>3045.8</ele><time>2020-04-05T16:46:41.000Z</time></trkpt>
   <trkpt lat="19.067408" lon="-99.320877"><ele>3039.1</ele><time>2020-04-05T16:46:51.000Z</time></trkpt>
   <trkpt lat="19.068149" lon="-99.321225"><ele>3034.6</ele><time>2020-04-05T16:47:01.000Z</time></trkpt>
   <trkpt lat="19.069605" lon="-99.322993"><ele>3009.6</ele><time>2020-04-05T16:47:32.000Z</time></trkpt>
   <trkpt lat="19.070025" lon="-99.323053"><ele>3005.9</ele><time>2020-04-05T16:47:38.000Z</time></trkpt>
   <trkpt lat="19.070306" lon="-99.322745"><ele>3004.1</ele><time>2020-04-05T16:47:44.000Z</time></trkpt>
   <trkpt lat="19.071042" lon="-99.319865"><ele>2985.9</ele><time>2020-04-05T16:48:27.000Z</time></trkpt>
   <trkpt lat="19.070242" lon="-99.317865"><ele>2967.3</ele><time>2020-04-05T16:48:59.000Z</time></trkpt>
   <trkpt lat="19.069583" lon="-99.317286"><ele>2958.1</ele><time>2020-04-05T16:49:13.000Z</time></trkpt>
   <trkpt lat="19.069521" lon="-99.317128"><ele>2956.6</ele><time>2020-04-05T16:49:16.000Z</time></trkpt>
   <trkpt lat="19.069883" lon="-99.316158"><ele>2948.7</ele><time>2020-04-05T16:49:32.000Z</time></trkpt>
   <trkpt lat="19.070832" lon="-99.314937"><ele>2939.1</ele><time>2020-04-05T16:49:56.000Z</time></trkpt>
   <trkpt lat="19.070871" lon="-99.314749"><ele>2938.0</ele><time>2020-04-05T16:49:59.000Z</time></trkpt>
   <trkpt lat="19.070791" lon="-99.314370"><ele>2936.4</ele><time>2020-04-05T16:50:05.000Z</time></trkpt>
   <trkpt lat="19.070554" lon="-99.314127"><ele>2935.5</ele><time>2020-04-05T16:50:09.000Z</time></trkpt>
   <trkpt lat="19.070378" lon="-99.314146"><ele>2935.0</ele><time>2020-04-05T16:50:11.000Z</time></trkpt>
   <trkpt lat="19.069856" lon="-99.314810"><ele>2932.4</ele><time>2020-04-05T16:50:19.000Z</time></trkpt>
   <trkpt lat="19.069464" lon="-99.315082"><ele>2930.7</ele><time>2020-04-05T16:50:25.000Z</time></trkpt>
   <trkpt lat="19.069210" lon="-99.315059"><ele>2929.8</ele><time>2020-04-05T16:50:29.000Z</time></trkpt>
   <trkpt lat="19.068788" lon="-99.314856"><ele>2927.9</ele><time>2020-04-05T16:50:36.000Z</time></trkpt>
   <trkpt lat="19.068382" lon="-99.314353"><ele>2925.4</ele><time>2020-04-05T16:50:47.000Z</time></trkpt>
   <trkpt lat="19.068299" lon="-99.313955"><ele>2924.0</ele><time>2020-04-05T16:50:57.000Z</time></trkpt>
   <trkpt lat="19.068332" lon="-99.313538"><ele>2922.4</ele><time>2020-04-05T16:51:59.000Z</time></trkpt>
   <trkpt lat="19.068161" lon="-99.312946"><ele>2920.5</ele><time>2020-04-05T16:52:07.000Z</time></trkpt>
   <trkpt lat="19.067906" lon="-99.312469"><ele>2919.1</ele><time>2020-04-05T16:52:14.000Z</time></trkpt>
   <trkpt lat="19.067798" lon="-99.312374"><ele>2918.4</ele><time>2020-04-05T16:52:16.000Z</time></trkpt>
   <trkpt lat="19.067576" lon="-99.312348"><ele>2916.6</ele><time>2020-04-05T16:52:19.000Z</time></trkpt>
   <trkpt lat="19.066573" lon="-99.312797"><ele>2905.8</ele><time>2020-04-05T16:52:33.000Z</time></trkpt>
   <trkpt lat="19.065489" lon="-99.313716"><ele>2898.4</ele><time>2020-04-05T16:52:49.000Z</time></trkpt>
   <trkpt lat="19.064877" lon="-99.313716"><ele>2897.4</ele><time>2020-04-05T16:52:58.000Z</time></trkpt>
   <trkpt lat="19.064513" lon="-99.313852"><ele>2897.0</ele><time>2020-04-05T16:53:04.000Z</time></trkpt>
   <trkpt lat="19.064164" lon="-99.314301"><ele>2896.1</ele><time>2020-04-05T16:53:13.000Z</time></trkpt>
   <trkpt lat="19.063409" lon="-99.314954"><ele>2894.8</ele><time>2020-04-05T16:53:27.000Z</time></trkpt>
   <trkpt lat="19.062695" lon="-99.315247"><ele>2891.8</ele><time>2020-04-05T16:53:40.000Z</time></trkpt>
   <trkpt lat="19.062486" lon="-99.315256"><ele>2890.2</ele><time>2020-04-05T16:53:44.000Z</time></trkpt>
   <trkpt lat="19.062196" lon="-99.315003"><ele>2887.7</ele><time>2020-04-05T16:53:50.000Z</time></trkpt>
   <trkpt lat="19.062033" lon="-99.313713"><ele>2878.5</ele><time>2020-04-05T16:54:08.000Z</time></trkpt>
   <trkpt lat="19.061262" lon="-99.313186"><ele>2871.0</ele><time>2020-04-05T16:54:21.000Z</time></trkpt>
   <trkpt lat="19.060988" lon="-99.313289"><ele>2869.6</ele><time>2020-04-05T16:54:25.000Z</time></trkpt>
   <trkpt lat="19.060832" lon="-99.313558"><ele>2867.6</ele><time>2020-04-05T16:54:29.000Z</time></trkpt>
   <trkpt lat="19.060928" lon="-99.314230"><ele>2862.1</ele><time>2020-04-05T16:54:36.000Z</time></trkpt>
   <trkpt lat="19.060889" lon="-99.314455"><ele>2860.3</ele><time>2020-04-05T16:54:39.000Z</time></trkpt>
   <trkpt lat="19.060379" lon="-99.314897"><ele>2854.4</ele><time>2020-04-05T16:54:48.000Z</time></trkpt>
   <trkpt lat="19.059783" lon="-99.315761"><ele>2841.6</ele><time>2020-04-05T16:55:01.000Z</time></trkpt>
   <trkpt lat="19.059285" lon="-99.316188"><ele>2837.8</ele><time>2020-04-05T16:55:10.000Z</time></trkpt>
   <trkpt lat="19.059026" lon="-99.316248"><ele>2836.7</ele><time>2020-04-05T16:55:14.000Z</time></trkpt>
   <trkpt lat="19.058637" lon="-99.316062"><ele>2835.5</ele><time>2020-04-05T16:55:20.000Z</time></trkpt>
   <trkpt lat="19.058025" lon="-99.314861"><ele>2835.5</ele><time>2020-04-05T16:55:35.000Z</time></trkpt>
   <trkpt lat="19.057679" lon="-99.314604"><ele>2834.2</ele><time>2020-04-05T16:55:40.000Z</time></trkpt>
   <trkpt lat="19.056708" lon="-99.314705"><ele>2832.6</ele><time>2020-04-05T16:55:51.000Z</time></trkpt>
   <trkpt lat="19.056168" lon="-99.315143"><ele>2832.4</ele><time>2020-04-05T16:56:02.000Z</time></trkpt>
   <trkpt lat="19.055888" lon="-99.315776"><ele>2832.8</ele><time>2020-04-05T16:56:12.000Z</time></trkpt>
   <trkpt lat="19.055694" lon="-99.315905"><ele>2832.8</ele><time>2020-04-05T16:56:16.000Z</time></trkpt>
   <trkpt lat="19.055519" lon="-99.315911"><ele>2833.0</ele><time>2020-04-05T16:56:19.000Z</time></trkpt>
   <trkpt lat="19.054654" lon="-99.315178"><ele>2835.9</ele><time>2020-04-05T16:56:35.000Z</time></trkpt>
   <trkpt lat="19.054279" lon="-99.314533"><ele>2834.8</ele><time>2020-04-05T16:56:57.000Z</time></trkpt>
   <trkpt lat="19.054432" lon="-99.314537"><ele>2833.4</ele><time>2020-04-05T16:57:32.000Z</time></trkpt>
   <trkpt lat="19.054632" lon="-99.313448"><ele>2828.5</ele><time>2020-04-05T16:59:11.000Z</time></trkpt>
   <trkpt lat="19.054479" lon="-99.312533"><ele>2827.6</ele><time>2020-04-05T16:59:36.000Z</time></trkpt>
   <trkpt lat="19.054346" lon="-99.312389"><ele>2828.4</ele><time>2020-04-05T16:59:52.000Z</time></trkpt>
   <trkpt lat="19.054385" lon="-99.312248"><ele>2829.1</ele><time>2020-04-05T16:59:57.000Z</time></trkpt>
   <trkpt lat="19.054225" lon="-99.312171"><ele>2828.3</ele><time>2020-04-05T17:00:18.000Z</time></trkpt>
   <trkpt lat="19.054047" lon="-99.311916"><ele>2828.6</ele><time>2020-04-05T17:00:39.000Z</time></trkpt>
   <trkpt lat="19.053779" lon="-99.311842"><ele>2837.1</ele><time>2020-04-05T17:01:04.000Z</time></trkpt>
   <trkpt lat="19.052850" lon="-99.311868"><ele>2851.5</ele><time>2020-04-05T17:01:54.000Z</time></trkpt>
   <trkpt lat="19.051729" lon="-99.311558"><ele>2851.7</ele><time>2020-04-05T17:02:54.000Z</time></trkpt>
   <trkpt lat="19.051158" lon="-99.311270"><ele>2855.7</ele><time>2020-04-05T17:03:01.000Z</time></trkpt>
   <trkpt lat="19.050891" lon="-99.311087"><ele>2859.2</ele><time>2020-04-05T17:03:07.000Z</time></trkpt>
   <trkpt lat="19.050518" lon="-99.310642"><ele>2866.6</ele><time>2020-04-05T17:03:37.000Z</time></trkpt>
   <trkpt lat="19.050542" lon="-99.310837"><ele>2869.0</ele><time>2020-04-05T17:03:49.000Z</time></trkpt>
   <trkpt lat="19.050451" lon="-99.310770"><ele>2870.5</ele><time>2020-04-05T17:03:55.000Z</time></trkpt>
   <trkpt lat="19.050307" lon="-99.310538"><ele>2873.8</ele><time>2020-04-05T17:04:06.000Z</time></trkpt>
   <trkpt lat="19.050188" lon="-99.310006"><ele>2880.5</ele><time>2020-04-05T17:04:31.000Z</time></trkpt>
   <trkpt lat="19.049995" lon="-99.309688"><ele>2883.8</ele><time>2020-04-05T17:04:57.000Z</time></trkpt>
   <trkpt lat="19.049647" lon="-99.309454"><ele>2885.2</ele><time>2020-04-05T17:05:24.000Z</time></trkpt>
   <trkpt lat="19.048901" lon="-99.308623"><ele>2907.2</ele><time>2020-04-05T17:05:34.000Z</time></trkpt>
   <trkpt lat="19.048538" lon="-99.308323"><ele>2911.2</ele><time>2020-04-05T17:05:56.000Z</time></trkpt>
   <trkpt lat="19.048076" lon="-99.308202"><ele>2920.3</ele><time>2020-04-05T17:06:24.000Z</time></trkpt>
   <trkpt lat="19.047468" lon="-99.307843"><ele>2923.7</ele><time>2020-04-05T17:06:40.000Z</time></trkpt>
   <trkpt lat="19.047348" lon="-99.307693"><ele>2924.8</ele><time>2020-04-05T17:06:52.000Z</time></trkpt>
   <trkpt lat="19.046868" lon="-99.307522"><ele>2931.4</ele><time>2020-04-05T17:07:20.000Z</time></trkpt>
   <trkpt lat="19.046612" lon="-99.307282"><ele>2939.3</ele><time>2020-04-05T17:07:33.000Z</time></trkpt>
   <trkpt lat="19.045903" lon="-99.306872"><ele>2940.4</ele><time>2020-04-05T17:07:57.000Z</time></trkpt>
   <trkpt lat="19.045410" lon="-99.306684"><ele>2937.0</ele><time>2020-04-05T17:08:01.000Z</time></trkpt>
   <trkpt lat="19.044910" lon="-99.306709"><ele>2936.2</ele><time>2020-04-05T17:08:08.000Z</time></trkpt>
   <trkpt lat="19.044903" lon="-99.306601"><ele>2936.1</ele><time>2020-04-05T17:08:13.000Z</time></trkpt>
   <trkpt lat="19.044035" lon="-99.306969"><ele>2936.0</ele><time>2020-04-05T17:08:24.000Z</time></trkpt>
   <trkpt lat="19.043705" lon="-99.306904"><ele>2936.0</ele><time>2020-04-05T17:08:30.000Z</time></trkpt>
   <trkpt lat="19.043625" lon="-99.306783"><ele>2936.1</ele><time>2020-04-05T17:08:33.000Z</time></trkpt>
   <trkpt lat="19.043658" lon="-99.306591"><ele>2936.2</ele><time>2020-04-05T17:08:37.000Z</time></trkpt>
   <trkpt lat="19.043592" lon="-99.306614"><ele>2936.3</ele><time>2020-04-05T17:08:40.000Z</time></trkpt>
   <trkpt lat="19.043854" lon="-99.306286"><ele>2936.4</ele><time>2020-04-05T17:08:56.000Z</time></trkpt>
   <trkpt lat="19.043900" lon="-99.305870"><ele>2935.7</ele><time>2020-04-05T17:09:00.000Z</time></trkpt>
   <trkpt lat="19.043845" lon="-99.305602"><ele>2935.0</ele><time>2020-04-05T17:09:04.000Z</time></trkpt>
   <trkpt lat="19.043161" lon="-99.304415"><ele>2933.7</ele><time>2020-04-05T17:09:29.000Z</time></trkpt>
   <trkpt lat="19.042649" lon="-99.303800"><ele>2932.8</ele><time>2020-04-05T17:09:44.000Z</time></trkpt>
   <trkpt lat="19.042676" lon="-99.303581"><ele>2932.3</ele><time>2020-04-05T17:09:48.000Z</time></trkpt>
   <trkpt lat="19.043194" lon="-99.303082"><ele>2931.1</ele><time>2020-04-05T17:10:02.000Z</time></trkpt>
   <trkpt lat="19.043315" lon="-99.302996"><ele>2930.6</ele><time>2020-04-05T17:10:05.000Z</time></trkpt>
   <trkpt lat="19.043266" lon="-99.303142"><ele>2930.0</ele><time>2020-04-05T17:10:09.000Z</time></trkpt>
   <trkpt lat="19.043344" lon="-99.303097"><ele>2929.6</ele><time>2020-04-05T17:10:11.000Z</time></trkpt>
   <trkpt lat="19.043736" lon="-99.302324"><ele>2926.2</ele><time>2020-04-05T17:10:19.000Z</time></trkpt>
   <trkpt lat="19.044117" lon="-99.301909"><ele>2925.1</ele><time>2020-04-05T17:10:28.000Z</time></trkpt>
   <trkpt lat="19.044545" lon="-99.301884"><ele>2925.7</ele><time>2020-04-05T17:10:36.000Z</time></trkpt>
   <trkpt lat="19.045294" lon="-99.302077"><ele>2923.8</ele><time>2020-04-05T17:10:46.000Z</time></trkpt>
   <trkpt lat="19.045791" lon="-99.301735"><ele>2919.7</ele><time>2020-04-05T17:10:53.000Z</time></trkpt>
   <trkpt lat="19.045799" lon="-99.301640"><ele>2918.8</ele><time>2020-04-05T17:10:56.000Z</time></trkpt>
   <trkpt lat="19.045470" lon="-99.301378"><ele>2916.5</ele><time>2020-04-05T17:11:01.000Z</time></trkpt>
   <trkpt lat="19.044856" lon="-99.301095"><ele>2912.5</ele><time>2020-04-05T17:11:08.000Z</time></trkpt>
   <trkpt lat="19.043850" lon="-99.300167"><ele>2907.0</ele><time>2020-04-05T17:11:23.000Z</time></trkpt>
   <trkpt lat="19.043678" lon="-99.300135"><ele>2906.8</ele><time>2020-04-05T17:11:25.000Z</time></trkpt>
   <trkpt lat="19.042958" lon="-99.300410"><ele>2903.4</ele><time>2020-04-05T17:11:33.000Z</time></trkpt>
   <trkpt lat="19.042531" lon="-99.300455"><ele>2902.6</ele><time>2020-04-05T17:11:38.000Z</time></trkpt>
   <trkpt lat="19.041569" lon="-99.299983"><ele>2896.2</ele><time>2020-04-05T17:11:51.000Z</time></trkpt>
   <trkpt lat="19.041292" lon="-99.299670"><ele>2894.7</ele><time>2020-04-05T17:11:57.000Z</time></trkpt>
   <trkpt lat="19.040997" lon="-99.299561"><ele>2893.0</ele><time>2020-04-05T17:12:01.000Z</time></trkpt>
   <trkpt lat="19.040306" lon="-99.299484"><ele>2887.3</ele><time>2020-04-05T17:12:10.000Z</time></trkpt>
   <trkpt lat="19.040153" lon="-99.299385"><ele>2885.3</ele><time>2020-04-05T17:12:13.000Z</time></trkpt>
   <trkpt lat="19.040198" lon="-99.299122"><ele>2882.6</ele><time>2020-04-05T17:12:16.000Z</time></trkpt>
   <trkpt lat="19.040472" lon="-99.298577"><ele>2880.5</ele><time>2020-04-05T17:12:21.000Z</time></trkpt>
   <trkpt lat="19.040390" lon="-99.298239"><ele>2879.1</ele><time>2020-04-05T17:12:25.000Z</time></trkpt>
   <trkpt lat="19.040115" lon="-99.298025"><ele>2876.8</ele><time>2020-04-05T17:12:29.000Z</time></trkpt>
   <trkpt lat="19.039938" lon="-99.297989"><ele>2876.1</ele><time>2020-04-05T17:12:31.000Z</time></trkpt>
   <trkpt lat="19.039288" lon="-99.298080"><ele>2873.3</ele><time>2020-04-05T17:12:38.000Z</time></trkpt>
   <trkpt lat="19.038987" lon="-99.297839"><ele>2871.2</ele><time>2020-04-05T17:12:43.000Z</time></trkpt>
   <trkpt lat="19.039069" lon="-99.297398"><ele>2869.0</ele><time>2020-04-05T17:12:48.000Z</time></trkpt>
   <trkpt lat="19.038969" lon="-99.296990"><ele>2866.5</ele><time>2020-04-05T17:12:53.000Z</time></trkpt>
   <trkpt lat="19.039169" lon="-99.296585"><ele>2864.2</ele><time>2020-04-05T17:12:58.000Z</time></trkpt>
   <trkpt lat="19.038988" lon="-99.296121"><ele>2861.6</ele><time>2020-04-05T17:13:05.000Z</time></trkpt>
   <trkpt lat="19.039131" lon="-99.295954"><ele>2860.7</ele><time>2020-04-05T17:13:08.000Z</time></trkpt>
   <trkpt lat="19.039578" lon="-99.295785"><ele>2858.9</ele><time>2020-04-05T17:13:15.000Z</time></trkpt>
   <trkpt lat="19.039908" lon="-99.295537"><ele>2856.5</ele><time>2020-04-05T17:13:21.000Z</time></trkpt>
   <trkpt lat="19.039932" lon="-99.295072"><ele>2853.9</ele><time>2020-04-05T17:13:27.000Z</time></trkpt>
   <trkpt lat="19.039735" lon="-99.294834"><ele>2852.8</ele><time>2020-04-05T17:13:31.000Z</time></trkpt>
   <trkpt lat="19.038351" lon="-99.294616"><ele>2849.3</ele><time>2020-04-05T17:13:47.000Z</time></trkpt>
   <trkpt lat="19.036921" lon="-99.294807"><ele>2846.6</ele><time>2020-04-05T17:14:06.000Z</time></trkpt>
   <trkpt lat="19.036409" lon="-99.294391"><ele>2845.2</ele><time>2020-04-05T17:14:14.000Z</time></trkpt>
   <trkpt lat="19.035823" lon="-99.294152"><ele>2844.0</ele><time>2020-04-05T17:14:24.000Z</time></trkpt>
   <trkpt lat="19.035918" lon="-99.293904"><ele>2843.4</ele><time>2020-04-05T17:14:29.000Z</time></trkpt>
   <trkpt lat="19.036703" lon="-99.293461"><ele>2843.9</ele><time>2020-04-05T17:14:43.000Z</time></trkpt>
   <trkpt lat="19.036827" lon="-99.293338"><ele>2843.8</ele><time>2020-04-05T17:14:46.000Z</time></trkpt>
   <trkpt lat="19.036821" lon="-99.293231"><ele>2843.5</ele><time>2020-04-05T17:14:49.000Z</time></trkpt>
   <trkpt lat="19.036084" lon="-99.292789"><ele>2836.5</ele><time>2020-04-05T17:15:03.000Z</time></trkpt>
   <trkpt lat="19.035223" lon="-99.291476"><ele>2830.0</ele><time>2020-04-05T17:15:21.000Z</time></trkpt>
   <trkpt lat="19.034862" lon="-99.289440"><ele>2826.8</ele><time>2020-04-05T17:15:44.000Z</time></trkpt>
   <trkpt lat="19.034440" lon="-99.288542"><ele>2823.7</ele><time>2020-04-05T17:15:58.000Z</time></trkpt>
   <trkpt lat="19.034557" lon="-99.287405"><ele>2820.4</ele><time>2020-04-05T17:16:12.000Z</time></trkpt>
   <trkpt lat="19.034319" lon="-99.286785"><ele>2818.0</ele><time>2020-04-05T17:16:22.000Z</time></trkpt>
   <trkpt lat="19.033990" lon="-99.286612"><ele>2817.0</ele><time>2020-04-05T17:16:26.000Z</time></trkpt>
   <trkpt lat="19.033573" lon="-99.286574"><ele>2817.5</ele><time>2020-04-05T17:16:30.000Z</time></trkpt>
   <trkpt lat="19.032566" lon="-99.286777"><ele>2807.4</ele><time>2020-04-05T17:16:39.000Z</time></trkpt>
   <trkpt lat="19.032071" lon="-99.286888"><ele>2802.1</ele><time>2020-04-05T17:16:44.000Z</time></trkpt>
   <trkpt lat="19.030336" lon="-99.287543"><ele>2784.6</ele><time>2020-04-05T17:17:03.000Z</time></trkpt>
   <trkpt lat="19.028052" lon="-99.288133"><ele>2761.9</ele><time>2020-04-05T17:17:28.000Z</time></trkpt>
   <trkpt lat="19.026349" lon="-99.287468"><ele>2749.9</ele><time>2020-04-05T17:17:52.000Z</time></trkpt>
   <trkpt lat="19.025938" lon="-99.286983"><ele>2742.8</ele><time>2020-04-05T17:18:03.000Z</time></trkpt>
   <trkpt lat="19.025866" lon="-99.286211"><ele>2740.2</ele><time>2020-04-05T17:18:16.000Z</time></trkpt>
   <trkpt lat="19.026016" lon="-99.285407"><ele>2734.1</ele><time>2020-04-05T17:18:31.000Z</time></trkpt>
   <trkpt lat="19.026209" lon="-99.285177"><ele>2731.8</ele><time>2020-04-05T17:18:36.000Z</time></trkpt>
   <trkpt lat="19.026439" lon="-99.285118"><ele>2730.1</ele><time>2020-04-05T17:18:41.000Z</time></trkpt>
   <trkpt lat="19.026597" lon="-99.285153"><ele>2729.1</ele><time>2020-04-05T17:18:44.000Z</time></trkpt>
   <trkpt lat="19.026822" lon="-99.285433"><ele>2727.2</ele><time>2020-04-05T17:18:54.000Z</time></trkpt>
   <trkpt lat="19.027094" lon="-99.284614"><ele>2724.3</ele><time>2020-04-05T17:19:07.000Z</time></trkpt>
   <trkpt lat="19.027342" lon="-99.284429"><ele>2723.0</ele><time>2020-04-05T17:19:13.000Z</time></trkpt>
   <trkpt lat="19.027448" lon="-99.283941"><ele>2721.7</ele><time>2020-04-05T17:19:25.000Z</time></trkpt>
   <trkpt lat="19.026987" lon="-99.283124"><ele>2719.0</ele><time>2020-04-05T17:19:36.000Z</time></trkpt>
   <trkpt lat="19.026573" lon="-99.282818"><ele>2718.1</ele><time>2020-04-05T17:19:44.000Z</time></trkpt>
   <trkpt lat="19.025696" lon="-99.281679"><ele>2710.0</ele><time>2020-04-05T17:20:08.000Z</time></trkpt>
   <trkpt lat="19.025429" lon="-99.281114"><ele>2706.5</ele><time>2020-04-05T17:20:15.000Z</time></trkpt>
   <trkpt lat="19.025398" lon="-99.280412"><ele>2702.8</ele><time>2020-04-05T17:20:23.000Z</time></trkpt>
   <trkpt lat="19.025574" lon="-99.279729"><ele>2700.5</ele><time>2020-04-05T17:20:32.000Z</time></trkpt>
   <trkpt lat="19.025805" lon="-99.279227"><ele>2697.8</ele><time>2020-04-05T17:20:39.000Z</time></trkpt>
   <trkpt lat="19.025872" lon="-99.278722"><ele>2695.0</ele><time>2020-04-05T17:20:47.000Z</time></trkpt>
   <trkpt lat="19.026158" lon="-99.278380"><ele>2692.3</ele><time>2020-04-05T17:20:57.000Z</time></trkpt>
   <trkpt lat="19.026851" lon="-99.277983"><ele>2685.5</ele><time>2020-04-05T17:21:13.000Z</time></trkpt>
   <trkpt lat="19.027324" lon="-99.277593"><ele>2678.4</ele><time>2020-04-05T17:21:20.000Z</time></trkpt>
   <trkpt lat="19.027650" lon="-99.277179"><ele>2674.6</ele><time>2020-04-05T17:21:26.000Z</time></trkpt>
   <trkpt lat="19.028057" lon="-99.276826"><ele>2675.5</ele><time>2020-04-05T17:21:32.000Z</time></trkpt>
   <trkpt lat="19.029207" lon="-99.277012"><ele>2683.2</ele><time>2020-04-05T17:21:47.000Z</time></trkpt>
   <trkpt lat="19.029928" lon="-99.277267"><ele>2685.1</ele><time>2020-04-05T17:21:59.000Z</time></trkpt>
   <trkpt lat="19.030545" lon="-99.277283"><ele>2685.4</ele><time>2020-04-05T17:22:08.000Z</time></trkpt>
   <trkpt lat="19.030811" lon="-99.277137"><ele>2685.1</ele><time>2020-04-05T17:22:13.000Z</time></trkpt>
   <trkpt lat="19.030960" lon="-99.276517"><ele>2684.3</ele><time>2020-04-05T17:22:21.000Z</time></trkpt>
   <trkpt lat="19.031239" lon="-99.276194"><ele>2683.7</ele><time>2020-04-05T17:22:27.000Z</time></trkpt>
   <trkpt lat="19.031475" lon="-99.276113"><ele>2683.3</ele><time>2020-04-05T17:22:32.000Z</time></trkpt>
   <trkpt lat="19.031872" lon="-99.276180"><ele>2682.9</ele><time>2020-04-05T17:22:43.000Z</time></trkpt>
   <trkpt lat="19.031993" lon="-99.276105"><ele>2682.6</ele><time>2020-04-05T17:22:50.000Z</time></trkpt>
   <trkpt lat="19.032037" lon="-99.276222"><ele>2682.9</ele><time>2020-04-05T17:25:23.000Z</time></trkpt>
   <trkpt lat="19.031445" lon="-99.276180"><ele>2683.6</ele><time>2020-04-05T17:25:55.000Z</time></trkpt>
   <trkpt lat="19.031172" lon="-99.276364"><ele>2684.2</ele><time>2020-04-05T17:26:06.000Z</time></trkpt>
   <trkpt lat="19.030917" lon="-99.276735"><ele>2685.0</ele><time>2020-04-05T17:26:18.000Z</time></trkpt>
   <trkpt lat="19.030818" lon="-99.277124"><ele>2685.1</ele><time>2020-04-05T17:26:29.000Z</time></trkpt>
   <trkpt lat="19.030614" lon="-99.277255"><ele>2685.4</ele><time>2020-04-05T17:26:37.000Z</time></trkpt>
   <trkpt lat="19.029981" lon="-99.277153"><ele>2685.1</ele><time>2020-04-05T17:26:53.000Z</time></trkpt>
   <trkpt lat="19.029717" lon="-99.277190"><ele>2684.6</ele><time>2020-04-05T17:27:01.000Z</time></trkpt>
   <trkpt lat="19.028513" lon="-99.276887"><ele>2679.3</ele><time>2020-04-05T17:27:33.000Z</time></trkpt>
   <trkpt lat="19.027736" lon="-99.276996"><ele>2674.2</ele><time>2020-04-05T17:27:56.000Z</time></trkpt>
   <trkpt lat="19.027588" lon="-99.277248"><ele>2675.0</ele><time>2020-04-05T17:28:03.000Z</time></trkpt>
   <trkpt lat="19.027334" lon="-99.277398"><ele>2677.1</ele><time>2020-04-05T17:28:13.000Z</time></trkpt>
   <trkpt lat="19.027245" lon="-99.277584"><ele>2679.0</ele><time>2020-04-05T17:28:19.000Z</time></trkpt>
   <trkpt lat="19.026965" lon="-99.277839"><ele>2683.4</ele><time>2020-04-05T17:28:30.000Z</time></trkpt>
   <trkpt lat="19.026057" lon="-99.278408"><ele>2692.9</ele><time>2020-04-05T17:28:59.000Z</time></trkpt>
   <trkpt lat="19.025935" lon="-99.278618"><ele>2694.2</ele><time>2020-04-05T17:29:04.000Z</time></trkpt>
   <trkpt lat="19.025601" lon="-99.279799"><ele>2700.7</ele><time>2020-04-05T17:29:36.000Z</time></trkpt>
   <trkpt lat="19.025490" lon="-99.280854"><ele>2704.9</ele><time>2020-04-05T17:30:11.000Z</time></trkpt>
   <trkpt lat="19.025644" lon="-99.281186"><ele>2707.0</ele><time>2020-04-05T17:30:24.000Z</time></trkpt>
   <trkpt lat="19.025685" lon="-99.281585"><ele>2709.1</ele><time>2020-04-05T17:30:36.000Z</time></trkpt>
   <trkpt lat="19.026055" lon="-99.281818"><ele>2712.8</ele><time>2020-04-05T17:30:47.000Z</time></trkpt>
   <trkpt lat="19.026361" lon="-99.282590"><ele>2717.8</ele><time>2020-04-05T17:31:13.000Z</time></trkpt>
   <trkpt lat="19.026766" lon="-99.282911"><ele>2718.4</ele><time>2020-04-05T17:31:29.000Z</time></trkpt>
   <trkpt lat="19.026947" lon="-99.283438"><ele>2719.7</ele><time>2020-04-05T17:31:48.000Z</time></trkpt>
   <trkpt lat="19.027246" lon="-99.283824"><ele>2721.2</ele><time>2020-04-05T17:32:02.000Z</time></trkpt>
   <trkpt lat="19.027316" lon="-99.284167"><ele>2722.0</ele><time>2020-04-05T17:32:17.000Z</time></trkpt>
   <trkpt lat="19.026743" lon="-99.285135"><ele>2725.1</ele><time>2020-04-05T17:32:41.000Z</time></trkpt>
   <trkpt lat="19.026765" lon="-99.285427"><ele>2727.4</ele><time>2020-04-05T17:32:56.000Z</time></trkpt>
   <trkpt lat="19.026665" lon="-99.285224"><ele>2728.4</ele><time>2020-04-05T17:33:03.000Z</time></trkpt>
   <trkpt lat="19.026482" lon="-99.285129"><ele>2729.7</ele><time>2020-04-05T17:33:07.000Z</time></trkpt>
   <trkpt lat="19.026240" lon="-99.285152"><ele>2731.3</ele><time>2020-04-05T17:33:13.000Z</time></trkpt>
   <trkpt lat="19.026077" lon="-99.285293"><ele>2733.0</ele><time>2020-04-05T17:33:19.000Z</time></trkpt>
   <trkpt lat="19.025837" lon="-99.286295"><ele>2740.6</ele><time>2020-04-05T17:33:49.000Z</time></trkpt>
   <trkpt lat="19.025902" lon="-99.286938"><ele>2742.7</ele><time>2020-04-05T17:34:07.000Z</time></trkpt>
   <trkpt lat="19.026419" lon="-99.287444"><ele>2750.1</ele><time>2020-04-05T17:34:26.000Z</time></trkpt>
   <trkpt lat="19.028266" lon="-99.287929"><ele>2761.9</ele><time>2020-04-05T17:35:25.000Z</time></trkpt>
   <trkpt lat="19.028957" lon="-99.287835"><ele>2765.3</ele><time>2020-04-05T17:35:43.000Z</time></trkpt>
   <trkpt lat="19.030906" lon="-99.287362"><ele>2792.2</ele><time>2020-04-05T17:36:38.000Z</time></trkpt>
   <trkpt lat="19.033061" lon="-99.286633"><ele>2811.3</ele><time>2020-04-05T17:37:40.000Z</time></trkpt>
   <trkpt lat="19.033693" lon="-99.286643"><ele>2817.3</ele><time>2020-04-05T17:37:59.000Z</time></trkpt>
   <trkpt lat="19.034166" lon="-99.286912"><ele>2818.0</ele><time>2020-04-05T17:38:17.000Z</time></trkpt>
   <trkpt lat="19.034485" lon="-99.287512"><ele>2820.5</ele><time>2020-04-05T17:38:36.000Z</time></trkpt>
   <trkpt lat="19.034402" lon="-99.288649"><ele>2823.8</ele><time>2020-04-05T17:39:03.000Z</time></trkpt>
   <trkpt lat="19.034927" lon="-99.289576"><ele>2827.0</ele><time>2020-04-05T17:39:23.000Z</time></trkpt>
   <trkpt lat="19.035069" lon="-99.290476"><ele>2827.7</ele><time>2020-04-05T17:39:39.000Z</time></trkpt>
   <trkpt lat="19.035448" lon="-99.291871"><ele>2831.7</ele><time>2020-04-05T17:40:10.000Z</time></trkpt>
   <trkpt lat="19.035974" lon="-99.292580"><ele>2834.4</ele><time>2020-04-05T17:40:43.000Z</time></trkpt>
   <trkpt lat="19.036313" lon="-99.292693"><ele>2837.5</ele><time>2020-04-05T17:40:56.000Z</time></trkpt>
   <trkpt lat="19.036943" lon="-99.293122"><ele>2843.5</ele><time>2020-04-05T17:41:12.000Z</time></trkpt>
   <trkpt lat="19.036754" lon="-99.293525"><ele>2843.6</ele><time>2020-04-05T17:41:19.000Z</time></trkpt>
   <trkpt lat="19.035998" lon="-99.293936"><ele>2843.7</ele><time>2020-04-05T17:41:33.000Z</time></trkpt>
   <trkpt lat="19.035899" lon="-99.294075"><ele>2844.0</ele><time>2020-04-05T17:41:39.000Z</time></trkpt>
   <trkpt lat="19.036805" lon="-99.294650"><ele>2846.3</ele><time>2020-04-05T17:41:57.000Z</time></trkpt>
   <trkpt lat="19.037228" lon="-99.294832"><ele>2847.2</ele><time>2020-04-05T17:42:05.000Z</time></trkpt>
   <trkpt lat="19.037520" lon="-99.294825"><ele>2847.7</ele><time>2020-04-05T17:42:10.000Z</time></trkpt>
   <trkpt lat="19.037663" lon="-99.294696"><ele>2848.0</ele><time>2020-04-05T17:42:14.000Z</time></trkpt>
   <trkpt lat="19.037960" lon="-99.294605"><ele>2848.7</ele><time>2020-04-05T17:42:19.000Z</time></trkpt>
   <trkpt lat="19.038587" lon="-99.294577"><ele>2849.9</ele><time>2020-04-05T17:42:31.000Z</time></trkpt>
   <trkpt lat="19.039098" lon="-99.294681"><ele>2851.0</ele><time>2020-04-05T17:42:41.000Z</time></trkpt>
   <trkpt lat="19.039589" lon="-99.294940"><ele>2852.8</ele><time>2020-04-05T17:42:54.000Z</time></trkpt>
   <trkpt lat="19.039651" lon="-99.295044"><ele>2853.2</ele><time>2020-04-05T17:42:57.000Z</time></trkpt>
   <trkpt lat="19.039876" lon="-99.295006"><ele>2854.2</ele><time>2020-04-05T17:43:04.000Z</time></trkpt>
   <trkpt lat="19.039958" lon="-99.295222"><ele>2855.6</ele><time>2020-04-05T17:43:10.000Z</time></trkpt>
   <trkpt lat="19.039912" lon="-99.295465"><ele>2856.9</ele><time>2020-04-05T17:43:17.000Z</time></trkpt>
   <trkpt lat="19.039612" lon="-99.295782"><ele>2859.4</ele><time>2020-04-05T17:43:28.000Z</time></trkpt>
   <trkpt lat="19.039023" lon="-99.296103"><ele>2861.9</ele><time>2020-04-05T17:43:47.000Z</time></trkpt>
   <trkpt lat="19.039012" lon="-99.296267"><ele>2862.7</ele><time>2020-04-05T17:43:52.000Z</time></trkpt>
   <trkpt lat="19.039182" lon="-99.296546"><ele>2864.7</ele><time>2020-04-05T17:44:03.000Z</time></trkpt>
   <trkpt lat="19.039007" lon="-99.297070"><ele>2867.6</ele><time>2020-04-05T17:44:19.000Z</time></trkpt>
   <trkpt lat="19.039208" lon="-99.297465"><ele>2870.3</ele><time>2020-04-05T17:44:33.000Z</time></trkpt>
   <trkpt lat="19.039270" lon="-99.297994"><ele>2873.0</ele><time>2020-04-05T17:44:48.000Z</time></trkpt>
   <trkpt lat="19.039480" lon="-99.298089"><ele>2874.1</ele><time>2020-04-05T17:44:55.000Z</time></trkpt>
   <trkpt lat="19.040029" lon="-99.297959"><ele>2876.7</ele><time>2020-04-05T17:45:13.000Z</time></trkpt>
   <trkpt lat="19.040217" lon="-99.298019"><ele>2878.0</ele><time>2020-04-05T17:45:20.000Z</time></trkpt>
   <trkpt lat="19.040445" lon="-99.298237"><ele>2879.9</ele><time>2020-04-05T17:45:30.000Z</time></trkpt>
   <trkpt lat="19.040618" lon="-99.298700"><ele>2881.1</ele><time>2020-04-05T17:45:48.000Z</time></trkpt>
   <trkpt lat="19.040506" lon="-99.299382"><ele>2886.9</ele><time>2020-04-05T17:46:09.000Z</time></trkpt>
   <trkpt lat="19.040592" lon="-99.299570"><ele>2888.9</ele><time>2020-04-05T17:46:15.000Z</time></trkpt>
   <trkpt lat="19.041243" lon="-99.299753"><ele>2894.1</ele><time>2020-04-05T17:46:37.000Z</time></trkpt>
   <trkpt lat="19.041430" lon="-99.299730"><ele>2894.9</ele><time>2020-04-05T17:46:46.000Z</time></trkpt>
   <trkpt lat="19.042101" lon="-99.300280"><ele>2898.8</ele><time>2020-04-05T17:47:15.000Z</time></trkpt>
   <trkpt lat="19.042396" lon="-99.300340"><ele>2901.8</ele><time>2020-04-05T17:47:23.000Z</time></trkpt>
   <trkpt lat="19.043152" lon="-99.300323"><ele>2903.9</ele><time>2020-04-05T17:47:43.000Z</time></trkpt>
   <trkpt lat="19.043759" lon="-99.300171"><ele>2906.8</ele><time>2020-04-05T17:48:02.000Z</time></trkpt>
   <trkpt lat="19.043972" lon="-99.300349"><ele>2907.1</ele><time>2020-04-05T17:48:10.000Z</time></trkpt>
   <trkpt lat="19.044023" lon="-99.300536"><ele>2907.7</ele><time>2020-04-05T17:48:16.000Z</time></trkpt>
   <trkpt lat="19.044276" lon="-99.300814"><ele>2909.1</ele><time>2020-04-05T17:48:29.000Z</time></trkpt>
   <trkpt lat="19.044658" lon="-99.301060"><ele>2910.9</ele><time>2020-04-05T17:48:40.000Z</time></trkpt>
   <trkpt lat="19.045024" lon="-99.301148"><ele>2914.1</ele><time>2020-04-05T17:48:52.000Z</time></trkpt>
   <trkpt lat="19.045218" lon="-99.301401"><ele>2916.0</ele><time>2020-04-05T17:49:04.000Z</time></trkpt>
   <trkpt lat="19.045788" lon="-99.301722"><ele>2919.5</ele><time>2020-04-05T17:49:26.000Z</time></trkpt>
   <trkpt lat="19.045736" lon="-99.301831"><ele>2920.6</ele><time>2020-04-05T17:49:31.000Z</time></trkpt>
   <trkpt lat="19.045252" lon="-99.301915"><ele>2924.0</ele><time>2020-04-05T17:49:46.000Z</time></trkpt>
   <trkpt lat="19.044832" lon="-99.301916"><ele>2927.0</ele><time>2020-04-05T17:49:55.000Z</time></trkpt>
   <trkpt lat="19.044426" lon="-99.301802"><ele>2925.2</ele><time>2020-04-05T17:50:10.000Z</time></trkpt>
   <trkpt lat="19.044142" lon="-99.301847"><ele>2925.2</ele><time>2020-04-05T17:50:21.000Z</time></trkpt>
   <trkpt lat="19.043797" lon="-99.302344"><ele>2926.6</ele><time>2020-04-05T17:50:40.000Z</time></trkpt>
   <trkpt lat="19.043573" lon="-99.302859"><ele>2928.9</ele><time>2020-04-05T17:50:51.000Z</time></trkpt>
   <trkpt lat="19.042734" lon="-99.303672"><ele>2932.3</ele><time>2020-04-05T17:51:15.000Z</time></trkpt>
   <trkpt lat="19.042822" lon="-99.304042"><ele>2932.9</ele><time>2020-04-05T17:51:20.000Z</time></trkpt>
   <trkpt lat="19.043476" lon="-99.304817"><ele>2934.0</ele><time>2020-04-05T17:51:34.000Z</time></trkpt>
   <trkpt lat="19.044061" lon="-99.305959"><ele>2936.0</ele><time>2020-04-05T17:51:49.000Z</time></trkpt>
   <trkpt lat="19.044041" lon="-99.306183"><ele>2936.4</ele><time>2020-04-05T17:51:53.000Z</time></trkpt>
   <trkpt lat="19.043680" lon="-99.306696"><ele>2936.1</ele><time>2020-04-05T17:52:01.000Z</time></trkpt>
   <trkpt lat="19.043807" lon="-99.306919"><ele>2936.0</ele><time>2020-04-05T17:52:05.000Z</time></trkpt>
   <trkpt lat="19.043951" lon="-99.307013"><ele>2936.0</ele><time>2020-04-05T17:52:07.000Z</time></trkpt>
   <trkpt lat="19.044119" lon="-99.307001"><ele>2936.0</ele><time>2020-04-05T17:52:08.000Z</time></trkpt>
   <trkpt lat="19.044906" lon="-99.306708"><ele>2936.1</ele><time>2020-04-05T17:52:20.000Z</time></trkpt>
   <trkpt lat="19.045915" lon="-99.306726"><ele>2940.1</ele><time>2020-04-05T17:52:40.000Z</time></trkpt>
   <trkpt lat="19.046416" lon="-99.307193"><ele>2941.5</ele><time>2020-04-05T17:52:51.000Z</time></trkpt>
   <trkpt lat="19.047296" lon="-99.307503"><ele>2924.7</ele><time>2020-04-05T17:53:08.000Z</time></trkpt>
   <trkpt lat="19.047886" lon="-99.308136"><ele>2919.9</ele><time>2020-04-05T17:53:19.000Z</time></trkpt>
   <trkpt lat="19.048303" lon="-99.308256"><ele>2911.3</ele><time>2020-04-05T17:53:25.000Z</time></trkpt>
   <trkpt lat="19.049173" lon="-99.308680"><ele>2895.5</ele><time>2020-04-05T17:53:36.000Z</time></trkpt>
   <trkpt lat="19.049883" lon="-99.309377"><ele>2883.4</ele><time>2020-04-05T17:53:50.000Z</time></trkpt>
   <trkpt lat="19.050001" lon="-99.309942"><ele>2876.7</ele><time>2020-04-05T17:53:57.000Z</time></trkpt>
   <trkpt lat="19.050183" lon="-99.310261"><ele>2872.1</ele><time>2020-04-05T17:54:01.000Z</time></trkpt>
   <trkpt lat="19.050607" lon="-99.310687"><ele>2864.5</ele><time>2020-04-05T17:54:09.000Z</time></trkpt>
   <trkpt lat="19.051618" lon="-99.312015"><ele>2850.7</ele><time>2020-04-05T17:54:32.000Z</time></trkpt>
   <trkpt lat="19.051924" lon="-99.312192"><ele>2852.5</ele><time>2020-04-05T17:54:37.000Z</time></trkpt>
   <trkpt lat="19.052884" lon="-99.312058"><ele>2847.3</ele><time>2020-04-05T17:54:49.000Z</time></trkpt>
   <trkpt lat="19.053582" lon="-99.311524"><ele>2841.4</ele><time>2020-04-05T17:55:01.000Z</time></trkpt>
   <trkpt lat="19.053966" lon="-99.311373"><ele>2839.2</ele><time>2020-04-05T17:55:07.000Z</time></trkpt>
   <trkpt lat="19.054556" lon="-99.311604"><ele>2835.3</ele><time>2020-04-05T17:55:16.000Z</time></trkpt>
   <trkpt lat="19.054586" lon="-99.311893"><ele>2833.4</ele><time>2020-04-05T17:55:20.000Z</time></trkpt>
   <trkpt lat="19.054362" lon="-99.313029"><ele>2827.3</ele><time>2020-04-05T17:55:31.000Z</time></trkpt>
   <trkpt lat="19.054399" lon="-99.313668"><ele>2829.0</ele><time>2020-04-05T17:55:38.000Z</time></trkpt>
   <trkpt lat="19.054334" lon="-99.314289"><ele>2831.7</ele><time>2020-04-05T17:55:46.000Z</time></trkpt>
   <trkpt lat="19.054591" lon="-99.315130"><ele>2836.0</ele><time>2020-04-05T17:56:00.000Z</time></trkpt>
   <trkpt lat="19.054737" lon="-99.315223"><ele>2835.7</ele><time>2020-04-05T17:56:05.000Z</time></trkpt>
   <trkpt lat="19.054772" lon="-99.315385"><ele>2835.4</ele><time>2020-04-05T17:56:09.000Z</time></trkpt>
   <trkpt lat="19.055109" lon="-99.315829"><ele>2833.8</ele><time>2020-04-05T17:56:21.000Z</time></trkpt>
   <trkpt lat="19.055600" lon="-99.316109"><ele>2832.8</ele><time>2020-04-05T17:56:32.000Z</time></trkpt>
   <trkpt lat="19.055993" lon="-99.316000"><ele>2832.6</ele><time>2020-04-05T17:56:41.000Z</time></trkpt>
   <trkpt lat="19.056715" lon="-99.315084"><ele>2832.6</ele><time>2020-04-05T17:57:05.000Z</time></trkpt>
   <trkpt lat="19.057689" lon="-99.314587"><ele>2834.7</ele><time>2020-04-05T17:57:24.000Z</time></trkpt>
   <trkpt lat="19.058183" lon="-99.314723"><ele>2835.5</ele><time>2020-04-05T17:57:33.000Z</time></trkpt>
   <trkpt lat="19.058325" lon="-99.315318"><ele>2835.4</ele><time>2020-04-05T17:57:41.000Z</time></trkpt>
   <trkpt lat="19.058621" lon="-99.315811"><ele>2835.5</ele><time>2020-04-05T17:57:55.000Z</time></trkpt>
   <trkpt lat="19.059191" lon="-99.316158"><ele>2837.6</ele><time>2020-04-05T17:58:13.000Z</time></trkpt>
   <trkpt lat="19.059398" lon="-99.316126"><ele>2838.4</ele><time>2020-04-05T17:58:20.000Z</time></trkpt>
   <trkpt lat="19.059624" lon="-99.315929"><ele>2839.8</ele><time>2020-04-05T17:58:30.000Z</time></trkpt>
   <trkpt lat="19.060086" lon="-99.315201"><ele>2850.0</ele><time>2020-04-05T17:59:03.000Z</time></trkpt>
   <trkpt lat="19.060899" lon="-99.314468"><ele>2860.3</ele><time>2020-04-05T17:59:41.000Z</time></trkpt>
   <trkpt lat="19.060992" lon="-99.313829"><ele>2865.8</ele><time>2020-04-05T18:00:01.000Z</time></trkpt>
   <trkpt lat="19.060922" lon="-99.313552"><ele>2867.9</ele><time>2020-04-05T18:00:20.000Z</time></trkpt>
   <trkpt lat="19.061078" lon="-99.313304"><ele>2869.7</ele><time>2020-04-05T18:00:29.000Z</time></trkpt>
   <trkpt lat="19.061231" lon="-99.313232"><ele>2870.5</ele><time>2020-04-05T18:00:34.000Z</time></trkpt>
   <trkpt lat="19.061444" lon="-99.313287"><ele>2871.8</ele><time>2020-04-05T18:00:41.000Z</time></trkpt>
   <trkpt lat="19.062066" lon="-99.313686"><ele>2877.8</ele><time>2020-04-05T18:01:11.000Z</time></trkpt>
   <trkpt lat="19.062197" lon="-99.314032"><ele>2880.5</ele><time>2020-04-05T18:01:25.000Z</time></trkpt>
   <trkpt lat="19.062233" lon="-99.314975"><ele>2887.2</ele><time>2020-04-05T18:02:01.000Z</time></trkpt>
   <trkpt lat="19.062380" lon="-99.315156"><ele>2888.6</ele><time>2020-04-05T18:02:09.000Z</time></trkpt>
   <trkpt lat="19.062680" lon="-99.315288"><ele>2891.0</ele><time>2020-04-05T18:02:22.000Z</time></trkpt>
   <trkpt lat="19.062866" lon="-99.315273"><ele>2892.2</ele><time>2020-04-05T18:02:29.000Z</time></trkpt>
   <trkpt lat="19.063493" lon="-99.314928"><ele>2894.8</ele><time>2020-04-05T18:02:49.000Z</time></trkpt>
   <trkpt lat="19.064076" lon="-99.314256"><ele>2896.1</ele><time>2020-04-05T18:03:09.000Z</time></trkpt>
   <trkpt lat="19.064747" lon="-99.313772"><ele>2897.3</ele><time>2020-04-05T18:03:28.000Z</time></trkpt>
   <trkpt lat="19.065567" lon="-99.313658"><ele>2898.4</ele><time>2020-04-05T18:03:46.000Z</time></trkpt>
   <trkpt lat="19.066259" lon="-99.313286"><ele>2901.6</ele><time>2020-04-05T18:04:09.000Z</time></trkpt>
   <trkpt lat="19.066454" lon="-99.313021"><ele>2903.8</ele><time>2020-04-05T18:04:20.000Z</time></trkpt>
   <trkpt lat="19.066793" lon="-99.313001"><ele>2906.3</ele><time>2020-04-05T18:04:31.000Z</time></trkpt>
   <trkpt lat="19.067762" lon="-99.312579"><ele>2918.6</ele><time>2020-04-05T18:05:04.000Z</time></trkpt>
   <trkpt lat="19.067951" lon="-99.312649"><ele>2919.6</ele><time>2020-04-05T18:05:09.000Z</time></trkpt>
   <trkpt lat="19.068226" lon="-99.313043"><ele>2921.1</ele><time>2020-04-05T18:05:17.000Z</time></trkpt>
   <trkpt lat="19.067933" lon="-99.312596"><ele>2919.8</ele><time>2020-04-05T18:05:22.000Z</time></trkpt>
   <trkpt lat="19.068175" lon="-99.313175"><ele>2921.6</ele><time>2020-04-05T18:05:46.000Z</time></trkpt>
   <trkpt lat="19.068423" lon="-99.314408"><ele>2925.7</ele><time>2020-04-05T18:06:23.000Z</time></trkpt>
   <trkpt lat="19.068829" lon="-99.314783"><ele>2927.9</ele><time>2020-04-05T18:06:43.000Z</time></trkpt>
   <trkpt lat="19.069239" lon="-99.314932"><ele>2929.8</ele><time>2020-04-05T18:06:58.000Z</time></trkpt>
   <trkpt lat="19.069678" lon="-99.314971"><ele>2931.3</ele><time>2020-04-05T18:07:13.000Z</time></trkpt>
   <trkpt lat="19.069894" lon="-99.314855"><ele>2932.3</ele><time>2020-04-05T18:07:21.000Z</time></trkpt>
   <trkpt lat="19.070312" lon="-99.314323"><ele>2934.7</ele><time>2020-04-05T18:07:40.000Z</time></trkpt>
   <trkpt lat="19.070581" lon="-99.314285"><ele>2940.1</ele><time>2020-04-05T18:07:51.000Z</time></trkpt>
   <trkpt lat="19.070737" lon="-99.314702"><ele>2941.3</ele><time>2020-04-05T18:08:12.000Z</time></trkpt>
   <trkpt lat="19.070590" lon="-99.314817"><ele>2938.9</ele><time>2020-04-05T18:08:23.000Z</time></trkpt>
   <trkpt lat="19.070474" lon="-99.315607"><ele>2943.8</ele><time>2020-04-05T18:08:42.000Z</time></trkpt>
   <trkpt lat="19.070306" lon="-99.315911"><ele>2945.7</ele><time>2020-04-05T18:08:54.000Z</time></trkpt>
   <trkpt lat="19.070153" lon="-99.315904"><ele>2946.6</ele><time>2020-04-05T18:09:02.000Z</time></trkpt>
   <trkpt lat="19.069928" lon="-99.316049"><ele>2948.0</ele><time>2020-04-05T18:09:14.000Z</time></trkpt>
   <trkpt lat="19.069540" lon="-99.316848"><ele>2953.9</ele><time>2020-04-05T18:09:46.000Z</time></trkpt>
   <trkpt lat="19.069455" lon="-99.317342"><ele>2957.4</ele><time>2020-04-05T18:09:59.000Z</time></trkpt>
   <trkpt lat="19.069494" lon="-99.317453"><ele>2958.3</ele><time>2020-04-05T18:10:03.000Z</time></trkpt>
   <trkpt lat="19.069884" lon="-99.317575"><ele>2961.6</ele><time>2020-04-05T18:10:18.000Z</time></trkpt>
   <trkpt lat="19.070025" lon="-99.317734"><ele>2963.8</ele><time>2020-04-05T18:10:28.000Z</time></trkpt>
   <trkpt lat="19.070108" lon="-99.318005"><ele>2966.5</ele><time>2020-04-05T18:10:37.000Z</time></trkpt>
   <trkpt lat="19.070522" lon="-99.318508"><ele>2972.2</ele><time>2020-04-05T18:10:57.000Z</time></trkpt>
   <trkpt lat="19.070767" lon="-99.319122"><ele>2976.6</ele><time>2020-04-05T18:11:17.000Z</time></trkpt>
   <trkpt lat="19.071339" lon="-99.319997"><ele>2984.6</ele><time>2020-04-05T18:11:55.000Z</time></trkpt>
   <trkpt lat="19.071016" lon="-99.320448"><ele>2988.5</ele><time>2020-04-05T18:12:06.000Z</time></trkpt>
   <trkpt lat="19.070728" lon="-99.321112"><ele>2992.7</ele><time>2020-04-05T18:12:28.000Z</time></trkpt>
   <trkpt lat="19.070753" lon="-99.321626"><ele>2995.2</ele><time>2020-04-05T18:12:45.000Z</time></trkpt>
   <trkpt lat="19.070901" lon="-99.321699"><ele>2996.1</ele><time>2020-04-05T18:12:55.000Z</time></trkpt>
   <trkpt lat="19.070892" lon="-99.321943"><ele>2997.3</ele><time>2020-04-05T18:13:02.000Z</time></trkpt>
   <trkpt lat="19.071077" lon="-99.322049"><ele>2998.3</ele><time>2020-04-05T18:13:07.000Z</time></trkpt>
   <trkpt lat="19.070896" lon="-99.322739"><ele>3002.1</ele><time>2020-04-05T18:13:22.000Z</time></trkpt>
   <trkpt lat="19.070621" lon="-99.322858"><ele>3003.6</ele><time>2020-04-05T18:13:24.000Z</time></trkpt>
   <trkpt lat="19.070095" lon="-99.322924"><ele>3005.7</ele><time>2020-04-05T18:13:27.000Z</time></trkpt>
   <trkpt lat="19.069601" lon="-99.322868"><ele>3012.1</ele><time>2020-04-05T18:13:31.000Z</time></trkpt>
   <trkpt lat="19.069139" lon="-99.322387"><ele>3020.9</ele><time>2020-04-05T18:13:54.000Z</time></trkpt>
   <trkpt lat="19.069009" lon="-99.322059"><ele>3022.0</ele><time>2020-04-05T18:14:07.000Z</time></trkpt>
   <trkpt lat="19.068687" lon="-99.321859"><ele>3025.5</ele><time>2020-04-05T18:14:18.000Z</time></trkpt>
   <trkpt lat="19.068337" lon="-99.321363"><ele>3032.8</ele><time>2020-04-05T18:14:43.000Z</time></trkpt>
   <trkpt lat="19.067661" lon="-99.320966"><ele>3037.2</ele><time>2020-04-05T18:15:14.000Z</time></trkpt>
   <trkpt lat="19.066144" lon="-99.320900"><ele>3047.3</ele><time>2020-04-05T18:16:17.000Z</time></trkpt>
   <trkpt lat="19.065573" lon="-99.321096"><ele>3055.6</ele><time>2020-04-05T18:16:43.000Z</time></trkpt>
   <trkpt lat="19.065048" lon="-99.321470"><ele>3054.5</ele><time>2020-04-05T18:17:11.000Z</time></trkpt>
   <trkpt lat="19.064768" lon="-99.321890"><ele>3053.7</ele><time>2020-04-05T18:17:32.000Z</time></trkpt>
   <trkpt lat="19.064698" lon="-99.322258"><ele>3054.9</ele><time>2020-04-05T18:17:49.000Z</time></trkpt>
   <trkpt lat="19.064840" lon="-99.323724"><ele>3068.1</ele><time>2020-04-05T18:18:47.000Z</time></trkpt>
   <trkpt lat="19.065013" lon="-99.324554"><ele>3075.1</ele><time>2020-04-05T18:19:25.000Z</time></trkpt>
   <trkpt lat="19.065188" lon="-99.324701"><ele>3076.6</ele><time>2020-04-05T18:19:35.000Z</time></trkpt>
   <trkpt lat="19.065575" lon="-99.325560"><ele>3081.8</ele><time>2020-04-05T18:20:10.000Z</time></trkpt>
   <trkpt lat="19.065790" lon="-99.326929"><ele>3092.6</ele><time>2020-04-05T18:21:10.000Z</time></trkpt>
   <trkpt lat="19.065557" lon="-99.327407"><ele>3093.0</ele><time>2020-04-05T18:21:32.000Z</time></trkpt>
   <trkpt lat="19.064651" lon="-99.328536"><ele>3099.1</ele><time>2020-04-05T18:22:31.000Z</time></trkpt>
   <trkpt lat="19.063765" lon="-99.328802"><ele>3107.3</ele><time>2020-04-05T18:23:11.000Z</time></trkpt>
   <trkpt lat="19.063394" lon="-99.329220"><ele>3114.8</ele><time>2020-04-05T18:23:41.000Z</time></trkpt>
   <trkpt lat="19.063238" lon="-99.330209"><ele>3126.3</ele><time>2020-04-05T18:24:18.000Z</time></trkpt>
   <trkpt lat="19.063201" lon="-99.331080"><ele>3132.3</ele><time>2020-04-05T18:24:47.000Z</time></trkpt>
   <trkpt lat="19.063633" lon="-99.332454"><ele>3135.8</ele><time>2020-04-05T18:25:22.000Z</time></trkpt>
   <trkpt lat="19.064037" lon="-99.332925"><ele>3134.9</ele><time>2020-04-05T18:25:35.000Z</time></trkpt>
   <trkpt lat="19.064082" lon="-99.333153"><ele>3134.2</ele><time>2020-04-05T18:25:41.000Z</time></trkpt>
   <trkpt lat="19.065061" lon="-99.334673"><ele>3129.0</ele><time>2020-04-05T18:26:17.000Z</time></trkpt>
   <trkpt lat="19.065705" lon="-99.334964"><ele>3128.1</ele><time>2020-04-05T18:26:33.000Z</time></trkpt>
   <trkpt lat="19.066683" lon="-99.335690"><ele>3125.4</ele><time>2020-04-05T18:27:03.000Z</time></trkpt>
   <trkpt lat="19.066997" lon="-99.336205"><ele>3123.6</ele><time>2020-04-05T18:27:16.000Z</time></trkpt>
   <trkpt lat="19.067620" lon="-99.336740"><ele>3120.3</ele><time>2020-04-05T18:27:35.000Z</time></trkpt>
   <trkpt lat="19.068324" lon="-99.336960"><ele>3116.2</ele><time>2020-04-05T18:27:49.000Z</time></trkpt>
   <trkpt lat="19.068635" lon="-99.337160"><ele>3114.2</ele><time>2020-04-05T18:27:56.000Z</time></trkpt>
   <trkpt lat="19.068967" lon="-99.337713"><ele>3111.1</ele><time>2020-04-05T18:28:08.000Z</time></trkpt>
   <trkpt lat="19.069386" lon="-99.338827"><ele>3106.9</ele><time>2020-04-05T18:28:28.000Z</time></trkpt>
   <trkpt lat="19.069624" lon="-99.339241"><ele>3108.9</ele><time>2020-04-05T18:28:36.000Z</time></trkpt>
   <trkpt lat="19.070746" lon="-99.340742"><ele>3116.2</ele><time>2020-04-05T18:29:10.000Z</time></trkpt>
   <trkpt lat="19.071677" lon="-99.341526"><ele>3121.4</ele><time>2020-04-05T18:29:37.000Z</time></trkpt>
   <trkpt lat="19.071984" lon="-99.341694"><ele>3123.1</ele><time>2020-04-05T18:29:44.000Z</time></trkpt>
   <trkpt lat="19.072560" lon="-99.341837"><ele>3127.8</ele><time>2020-04-05T18:30:10.000Z</time></trkpt>
   <trkpt lat="19.074721" lon="-99.342012"><ele>3145.6</ele><time>2020-04-05T18:31:12.000Z</time></trkpt>
   <trkpt lat="19.075439" lon="-99.342009"><ele>3150.6</ele><time>2020-04-05T18:31:38.000Z</time></trkpt>
   <trkpt lat="19.077229" lon="-99.341815"><ele>3166.7</ele><time>2020-04-05T18:32:44.000Z</time></trkpt>
   <trkpt lat="19.077568" lon="-99.342007"><ele>3169.3</ele><time>2020-04-05T18:32:59.000Z</time></trkpt>
   <trkpt lat="19.077775" lon="-99.342355"><ele>3171.5</ele><time>2020-04-05T18:33:16.000Z</time></trkpt>
   <trkpt lat="19.077769" lon="-99.343507"><ele>3178.8</ele><time>2020-04-05T18:34:07.000Z</time></trkpt>
   <trkpt lat="19.078064" lon="-99.344587"><ele>3184.9</ele><time>2020-04-05T18:34:45.000Z</time></trkpt>
   <trkpt lat="19.078086" lon="-99.345932"><ele>3180.4</ele><time>2020-04-05T18:35:00.000Z</time></trkpt>
   <trkpt lat="19.078016" lon="-99.346466"><ele>3176.4</ele><time>2020-04-05T18:35:05.000Z</time></trkpt>
   <trkpt lat="19.077712" lon="-99.347199"><ele>3170.7</ele><time>2020-04-05T18:35:12.000Z</time></trkpt>
   <trkpt lat="19.077699" lon="-99.347496"><ele>3168.8</ele><time>2020-04-05T18:35:15.000Z</time></trkpt>
   <trkpt lat="19.077859" lon="-99.347750"><ele>3167.0</ele><time>2020-04-05T18:35:18.000Z</time></trkpt>
   <trkpt lat="19.079101" lon="-99.349004"><ele>3154.3</ele><time>2020-04-05T18:35:35.000Z</time></trkpt>
   <trkpt lat="19.079570" lon="-99.351910"><ele>3139.6</ele><time>2020-04-05T18:36:02.000Z</time></trkpt>
   <trkpt lat="19.079461" lon="-99.352313"><ele>3134.9</ele><time>2020-04-05T18:36:07.000Z</time></trkpt>
   <trkpt lat="19.078703" lon="-99.353644"><ele>3122.6</ele><time>2020-04-05T18:36:25.000Z</time></trkpt>
   <trkpt lat="19.078557" lon="-99.354060"><ele>3118.9</ele><time>2020-04-05T18:36:34.000Z</time></trkpt>
   <trkpt lat="19.079084" lon="-99.356628"><ele>3096.1</ele><time>2020-04-05T18:37:19.000Z</time></trkpt>
   <trkpt lat="19.078804" lon="-99.359726"><ele>3081.2</ele><time>2020-04-05T18:37:58.000Z</time></trkpt>
   <trkpt lat="19.078431" lon="-99.360125"><ele>3078.9</ele><time>2020-04-05T18:38:05.000Z</time></trkpt>
   <trkpt lat="19.076352" lon="-99.361437"><ele>3062.5</ele><time>2020-04-05T18:38:38.000Z</time></trkpt>
   <trkpt lat="19.075973" lon="-99.361762"><ele>3059.9</ele><time>2020-04-05T18:38:45.000Z</time></trkpt>
   <trkpt lat="19.074901" lon="-99.363879"><ele>3050.8</ele><time>2020-04-05T18:39:16.000Z</time></trkpt>
   <trkpt lat="19.074700" lon="-99.364459"><ele>3048.9</ele><time>2020-04-05T18:39:25.000Z</time></trkpt>
   <trkpt lat="19.074729" lon="-99.364706"><ele>3048.2</ele><time>2020-04-05T18:39:29.000Z</time></trkpt>
   <trkpt lat="19.075019" lon="-99.365191"><ele>3046.3</ele><time>2020-04-05T18:39:38.000Z</time></trkpt>
   <trkpt lat="19.075033" lon="-99.365439"><ele>3045.7</ele><time>2020-04-05T18:39:42.000Z</time></trkpt>
   <trkpt lat="19.074901" lon="-99.365916"><ele>3044.5</ele><time>2020-04-05T18:39:50.000Z</time></trkpt>
   <trkpt lat="19.074941" lon="-99.366203"><ele>3044.2</ele><time>2020-04-05T18:39:54.000Z</time></trkpt>
   <trkpt lat="19.075531" lon="-99.367264"><ele>3039.8</ele><time>2020-04-05T18:40:13.000Z</time></trkpt>
   <trkpt lat="19.075519" lon="-99.367996"><ele>3038.9</ele><time>2020-04-05T18:40:24.000Z</time></trkpt>
   <trkpt lat="19.075246" lon="-99.368265"><ele>3038.4</ele><time>2020-04-05T18:40:30.000Z</time></trkpt>
   <trkpt lat="19.074591" lon="-99.368559"><ele>3035.6</ele><time>2020-04-05T18:40:41.000Z</time></trkpt>
   <trkpt lat="19.073739" lon="-99.368774"><ele>3030.0</ele><time>2020-04-05T18:40:55.000Z</time></trkpt>
   <trkpt lat="19.072999" lon="-99.369256"><ele>3021.7</ele><time>2020-04-05T18:41:07.000Z</time></trkpt>
   <trkpt lat="19.072059" lon="-99.371137"><ele>3003.8</ele><time>2020-04-05T18:41:35.000Z</time></trkpt>
   <trkpt lat="19.071734" lon="-99.371534"><ele>2999.9</ele><time>2020-04-05T18:41:42.000Z</time></trkpt>
   <trkpt lat="19.071338" lon="-99.371841"><ele>2997.2</ele><time>2020-04-05T18:41:48.000Z</time></trkpt>
   <trkpt lat="19.068395" lon="-99.373418"><ele>2971.0</ele><time>2020-04-05T18:42:29.000Z</time></trkpt>
   <trkpt lat="19.067659" lon="-99.373475"><ele>2956.8</ele><time>2020-04-05T18:42:39.000Z</time></trkpt>
   <trkpt lat="19.067240" lon="-99.373629"><ele>2951.2</ele><time>2020-04-05T18:42:45.000Z</time></trkpt>
   <trkpt lat="19.066731" lon="-99.374415"><ele>2943.9</ele><time>2020-04-05T18:42:57.000Z</time></trkpt>
   <trkpt lat="19.066440" lon="-99.374640"><ele>2941.7</ele><time>2020-04-05T18:43:02.000Z</time></trkpt>
   <trkpt lat="19.065670" lon="-99.374818"><ele>2931.7</ele><time>2020-04-05T18:43:13.000Z</time></trkpt>
   <trkpt lat="19.064828" lon="-99.374796"><ele>2919.7</ele><time>2020-04-05T18:43:24.000Z</time></trkpt>
   <trkpt lat="19.064167" lon="-99.374895"><ele>2912.7</ele><time>2020-04-05T18:43:32.000Z</time></trkpt>
   <trkpt lat="19.063446" lon="-99.375178"><ele>2906.4</ele><time>2020-04-05T18:43:42.000Z</time></trkpt>
   <trkpt lat="19.062936" lon="-99.375545"><ele>2900.4</ele><time>2020-04-05T18:43:53.000Z</time></trkpt>
   <trkpt lat="19.062684" lon="-99.375982"><ele>2896.8</ele><time>2020-04-05T18:44:04.000Z</time></trkpt>
   <trkpt lat="19.062554" lon="-99.376652"><ele>2894.1</ele><time>2020-04-05T18:44:20.000Z</time></trkpt>
   <trkpt lat="19.062702" lon="-99.377308"><ele>2890.3</ele><time>2020-04-05T18:44:34.000Z</time></trkpt>
   <trkpt lat="19.063078" lon="-99.378114"><ele>2884.1</ele><time>2020-04-05T18:44:51.000Z</time></trkpt>
   <trkpt lat="19.063474" lon="-99.378395"><ele>2880.7</ele><time>2020-04-05T18:45:00.000Z</time></trkpt>
   <trkpt lat="19.064086" lon="-99.378605"><ele>2874.7</ele><time>2020-04-05T18:45:13.000Z</time></trkpt>
   <trkpt lat="19.065052" lon="-99.378705"><ele>2867.9</ele><time>2020-04-05T18:45:33.000Z</time></trkpt>
   <trkpt lat="19.065773" lon="-99.378687"><ele>2863.4</ele><time>2020-04-05T18:45:47.000Z</time></trkpt>
   <trkpt lat="19.065972" lon="-99.378760"><ele>2862.7</ele><time>2020-04-05T18:45:51.000Z</time></trkpt>
   <trkpt lat="19.066146" lon="-99.378951"><ele>2862.1</ele><time>2020-04-05T18:45:55.000Z</time></trkpt>
   <trkpt lat="19.066199" lon="-99.379255"><ele>2861.4</ele><time>2020-04-05T18:46:00.000Z</time></trkpt>
   <trkpt lat="19.066078" lon="-99.379529"><ele>2860.4</ele><time>2020-04-05T18:46:05.000Z</time></trkpt>
   <trkpt lat="19.065935" lon="-99.379640"><ele>2859.6</ele><time>2020-04-05T18:46:08.000Z</time></trkpt>
   <trkpt lat="19.065630" lon="-99.379678"><ele>2857.1</ele><time>2020-04-05T18:46:14.000Z</time></trkpt>
   <trkpt lat="19.064560" lon="-99.379355"><ele>2849.1</ele><time>2020-04-05T18:46:35.000Z</time></trkpt>
   <trkpt lat="19.064121" lon="-99.379354"><ele>2844.9</ele><time>2020-04-05T18:46:42.000Z</time></trkpt>
   <trkpt lat="19.059691" lon="-99.380346"><ele>2835.4</ele><time>2020-04-05T18:48:18.000Z</time></trkpt>
   <trkpt lat="19.059263" lon="-99.380537"><ele>2833.7</ele><time>2020-04-05T18:48:28.000Z</time></trkpt>
   <trkpt lat="19.058517" lon="-99.382081"><ele>2828.1</ele><time>2020-04-05T18:49:04.000Z</time></trkpt>
   <trkpt lat="19.058235" lon="-99.382285"><ele>2826.4</ele><time>2020-04-05T18:49:23.000Z</time></trkpt>
   <trkpt lat="19.057494" lon="-99.382261"><ele>2822.0</ele><time>2020-04-05T18:49:45.000Z</time></trkpt>
   <trkpt lat="19.052580" lon="-99.383762"><ele>2810.3</ele><time>2020-04-05T18:50:58.000Z</time></trkpt>
   <trkpt lat="19.048837" lon="-99.384050"><ele>2801.2</ele><time>2020-04-05T18:51:39.000Z</time></trkpt>
   <trkpt lat="19.047319" lon="-99.384376"><ele>2795.8</ele><time>2020-04-05T18:51:54.000Z</time></trkpt>
   <trkpt lat="19.045809" lon="-99.384889"><ele>2788.0</ele><time>2020-04-05T18:52:10.000Z</time></trkpt>
   <trkpt lat="19.044617" lon="-99.385015"><ele>2781.0</ele><time>2020-04-05T18:52:22.000Z</time></trkpt>
   <trkpt lat="19.044136" lon="-99.384926"><ele>2777.6</ele><time>2020-04-05T18:52:27.000Z</time></trkpt>
   <trkpt lat="19.043785" lon="-99.384311"><ele>2773.8</ele><time>2020-04-05T18:52:33.000Z</time></trkpt>
   <trkpt lat="19.043618" lon="-99.383491"><ele>2769.8</ele><time>2020-04-05T18:52:44.000Z</time></trkpt>
   <trkpt lat="19.043481" lon="-99.383179"><ele>2768.1</ele><time>2020-04-05T18:52:48.000Z</time></trkpt>
   <trkpt lat="19.043226" lon="-99.382955"><ele>2765.9</ele><time>2020-04-05T18:52:52.000Z</time></trkpt>
   <trkpt lat="19.042952" lon="-99.382946"><ele>2763.7</ele><time>2020-04-05T18:52:54.000Z</time></trkpt>
   <trkpt lat="19.042724" lon="-99.383060"><ele>2761.7</ele><time>2020-04-05T18:52:58.000Z</time></trkpt>
   <trkpt lat="19.042304" lon="-99.383679"><ele>2755.6</ele><time>2020-04-05T18:53:04.000Z</time></trkpt>
   <trkpt lat="19.040753" lon="-99.384646"><ele>2746.6</ele><time>2020-04-05T18:53:25.000Z</time></trkpt>
   <trkpt lat="19.039664" lon="-99.385211"><ele>2746.7</ele><time>2020-04-05T18:53:42.000Z</time></trkpt>
   <trkpt lat="19.025201" lon="-99.391207"><ele>2691.3</ele><time>2020-04-05T18:57:16.000Z</time></trkpt>
   <trkpt lat="19.024682" lon="-99.391526"><ele>2687.4</ele><time>2020-04-05T18:57:22.000Z</time></trkpt>
   <trkpt lat="19.023078" lon="-99.392976"><ele>2673.4</ele><time>2020-04-05T18:57:44.000Z</time></trkpt>
   <trkpt lat="19.022787" lon="-99.393157"><ele>2670.0</ele><time>2020-04-05T18:57:47.000Z</time></trkpt>
   <trkpt lat="19.021893" lon="-99.393245"><ele>2663.4</ele><time>2020-04-05T18:57:57.000Z</time></trkpt>
   <trkpt lat="19.020641" lon="-99.392548"><ele>2657.1</ele><time>2020-04-05T18:58:13.000Z</time></trkpt>
   <trkpt lat="19.019805" lon="-99.392334"><ele>2649.7</ele><time>2020-04-05T18:58:22.000Z</time></trkpt>
   <trkpt lat="19.019294" lon="-99.392328"><ele>2645.6</ele><time>2020-04-05T18:58:28.000Z</time></trkpt>
   <trkpt lat="19.018946" lon="-99.392632"><ele>2643.8</ele><time>2020-04-05T18:58:33.000Z</time></trkpt>
   <trkpt lat="19.018571" lon="-99.393833"><ele>2635.3</ele><time>2020-04-05T18:58:46.000Z</time></trkpt>
   <trkpt lat="19.018332" lon="-99.394108"><ele>2632.5</ele><time>2020-04-05T18:58:49.000Z</time></trkpt>
   <trkpt lat="19.017925" lon="-99.394260"><ele>2630.2</ele><time>2020-04-05T18:58:55.000Z</time></trkpt>
   <trkpt lat="19.016806" lon="-99.394389"><ele>2623.5</ele><time>2020-04-05T18:59:13.000Z</time></trkpt>
   <trkpt lat="19.016323" lon="-99.394311"><ele>2621.1</ele><time>2020-04-05T18:59:22.000Z</time></trkpt>
   <trkpt lat="19.014764" lon="-99.393357"><ele>2610.4</ele><time>2020-04-05T18:59:51.000Z</time></trkpt>
   <trkpt lat="19.014456" lon="-99.393344"><ele>2608.4</ele><time>2020-04-05T18:59:55.000Z</time></trkpt>
   <trkpt lat="19.014298" lon="-99.393430"><ele>2607.1</ele><time>2020-04-05T18:59:57.000Z</time></trkpt>
   <trkpt lat="19.014129" lon="-99.393651"><ele>2604.7</ele><time>2020-04-05T19:00:00.000Z</time></trkpt>
   <trkpt lat="19.012422" lon="-99.398943"><ele>2573.1</ele><time>2020-04-05T19:01:13.000Z</time></trkpt>
   <trkpt lat="19.012394" lon="-99.399381"><ele>2571.0</ele><time>2020-04-05T19:01:19.000Z</time></trkpt>
   <trkpt lat="19.012515" lon="-99.400406"><ele>2564.9</ele><time>2020-04-05T19:01:32.000Z</time></trkpt>
   <trkpt lat="19.012458" lon="-99.400707"><ele>2563.7</ele><time>2020-04-05T19:01:36.000Z</time></trkpt>
   <trkpt lat="19.012180" lon="-99.401074"><ele>2559.2</ele><time>2020-04-05T19:01:43.000Z</time></trkpt>
   <trkpt lat="19.010796" lon="-99.402342"><ele>2544.0</ele><time>2020-04-05T19:02:14.000Z</time></trkpt>
   <trkpt lat="19.010397" lon="-99.402903"><ele>2542.1</ele><time>2020-04-05T19:02:22.000Z</time></trkpt>
   <trkpt lat="19.010244" lon="-99.403562"><ele>2540.4</ele><time>2020-04-05T19:02:30.000Z</time></trkpt>
   <trkpt lat="19.009732" lon="-99.407526"><ele>2526.9</ele><time>2020-04-05T19:03:14.000Z</time></trkpt>
   <trkpt lat="19.009526" lon="-99.407854"><ele>2524.6</ele><time>2020-04-05T19:03:18.000Z</time></trkpt>
   <trkpt lat="19.005197" lon="-99.412968"><ele>2488.5</ele><time>2020-04-05T19:04:54.000Z</time></trkpt>
   <trkpt lat="19.004943" lon="-99.413147"><ele>2486.4</ele><time>2020-04-05T19:04:58.000Z</time></trkpt>
   <trkpt lat="19.004154" lon="-99.413333"><ele>2481.9</ele><time>2020-04-05T19:05:15.000Z</time></trkpt>
   <trkpt lat="19.003913" lon="-99.413520"><ele>2480.3</ele><time>2020-04-05T19:05:22.000Z</time></trkpt>
   <trkpt lat="19.003276" lon="-99.414289"><ele>2472.3</ele><time>2020-04-05T19:05:40.000Z</time></trkpt>
   <trkpt lat="19.003192" lon="-99.414587"><ele>2471.2</ele><time>2020-04-05T19:05:45.000Z</time></trkpt>
   <trkpt lat="19.003222" lon="-99.414948"><ele>2469.7</ele><time>2020-04-05T19:05:50.000Z</time></trkpt>
   <trkpt lat="19.003593" lon="-99.415785"><ele>2462.5</ele><time>2020-04-05T19:06:02.000Z</time></trkpt>
   <trkpt lat="19.003612" lon="-99.416097"><ele>2458.9</ele><time>2020-04-05T19:06:06.000Z</time></trkpt>
   <trkpt lat="19.003477" lon="-99.416322"><ele>2455.6</ele><time>2020-04-05T19:06:09.000Z</time></trkpt>
   <trkpt lat="19.002737" lon="-99.416915"><ele>2445.0</ele><time>2020-04-05T19:06:20.000Z</time></trkpt>
   <trkpt lat="19.002469" lon="-99.417417"><ele>2440.3</ele><time>2020-04-05T19:06:27.000Z</time></trkpt>
   <trkpt lat="19.002475" lon="-99.417929"><ele>2436.7</ele><time>2020-04-05T19:06:33.000Z</time></trkpt>
   <trkpt lat="19.002806" lon="-99.419832"><ele>2424.1</ele><time>2020-04-05T19:06:58.000Z</time></trkpt>
   <trkpt lat="19.002732" lon="-99.420267"><ele>2420.4</ele><time>2020-04-05T19:07:05.000Z</time></trkpt>
   <trkpt lat="19.002387" lon="-99.420428"><ele>2417.3</ele><time>2020-04-05T19:07:10.000Z</time></trkpt>
   <trkpt lat="19.001980" lon="-99.420320"><ele>2414.8</ele><time>2020-04-05T19:07:15.000Z</time></trkpt>
   <trkpt lat="18.997483" lon="-99.418410"><ele>2382.9</ele><time>2020-04-05T19:08:14.000Z</time></trkpt>
   <trkpt lat="18.997226" lon="-99.418477"><ele>2381.9</ele><time>2020-04-05T19:08:17.000Z</time></trkpt>
   <trkpt lat="18.997037" lon="-99.418728"><ele>2380.3</ele><time>2020-04-05T19:08:20.000Z</time></trkpt>
   <trkpt lat="18.996692" lon="-99.420695"><ele>2372.6</ele><time>2020-04-05T19:08:47.000Z</time></trkpt>
   <trkpt lat="18.996534" lon="-99.420957"><ele>2370.4</ele><time>2020-04-05T19:08:52.000Z</time></trkpt>
   <trkpt lat="18.996335" lon="-99.421042"><ele>2368.9</ele><time>2020-04-05T19:08:55.000Z</time></trkpt>
   <trkpt lat="18.995965" lon="-99.420926"><ele>2366.8</ele><time>2020-04-05T19:09:00.000Z</time></trkpt>
   <trkpt lat="18.994608" lon="-99.419674"><ele>2355.2</ele><time>2020-04-05T19:09:22.000Z</time></trkpt>
   <trkpt lat="18.994335" lon="-99.419580"><ele>2353.5</ele><time>2020-04-05T19:09:25.000Z</time></trkpt>
   <trkpt lat="18.993034" lon="-99.419498"><ele>2343.5</ele><time>2020-04-05T19:09:44.000Z</time></trkpt>
   <trkpt lat="18.992878" lon="-99.419557"><ele>2342.3</ele><time>2020-04-05T19:09:46.000Z</time></trkpt>
   <trkpt lat="18.992650" lon="-99.419809"><ele>2339.7</ele><time>2020-04-05T19:09:50.000Z</time></trkpt>
   <trkpt lat="18.992064" lon="-99.420988"><ele>2329.6</ele><time>2020-04-05T19:10:05.000Z</time></trkpt>
   <trkpt lat="18.991844" lon="-99.421229"><ele>2326.5</ele><time>2020-04-05T19:10:09.000Z</time></trkpt>
   <trkpt lat="18.991424" lon="-99.421297"><ele>2323.6</ele><time>2020-04-05T19:10:14.000Z</time></trkpt>
   <trkpt lat="18.990174" lon="-99.421178"><ele>2315.2</ele><time>2020-04-05T19:10:39.000Z</time></trkpt>
   <trkpt lat="18.989662" lon="-99.421208"><ele>2310.0</ele><time>2020-04-05T19:10:48.000Z</time></trkpt>
   <trkpt lat="18.988806" lon="-99.422128"><ele>2301.1</ele><time>2020-04-05T19:11:06.000Z</time></trkpt>
   <trkpt lat="18.988102" lon="-99.422680"><ele>2293.3</ele><time>2020-04-05T19:11:19.000Z</time></trkpt>
   <trkpt lat="18.987792" lon="-99.422815"><ele>2290.2</ele><time>2020-04-05T19:11:24.000Z</time></trkpt>
   <trkpt lat="18.986443" lon="-99.422365"><ele>2278.7</ele><time>2020-04-05T19:11:44.000Z</time></trkpt>
   <trkpt lat="18.986318" lon="-99.422190"><ele>2276.5</ele><time>2020-04-05T19:11:47.000Z</time></trkpt>
   <trkpt lat="18.986280" lon="-99.421349"><ele>2272.9</ele><time>2020-04-05T19:11:57.000Z</time></trkpt>
   <trkpt lat="18.986070" lon="-99.421173"><ele>2270.6</ele><time>2020-04-05T19:12:00.000Z</time></trkpt>
   <trkpt lat="18.985797" lon="-99.421211"><ele>2269.6</ele><time>2020-04-05T19:12:03.000Z</time></trkpt>
   <trkpt lat="18.984846" lon="-99.422478"><ele>2267.9</ele><time>2020-04-05T19:12:25.000Z</time></trkpt>
   <trkpt lat="18.983999" lon="-99.423057"><ele>2264.1</ele><time>2020-04-05T19:12:43.000Z</time></trkpt>
   <trkpt lat="18.983815" lon="-99.423722"><ele>2264.7</ele><time>2020-04-05T19:12:58.000Z</time></trkpt>
   <trkpt lat="18.983361" lon="-99.424328"><ele>2259.6</ele><time>2020-04-05T19:13:11.000Z</time></trkpt>
   <trkpt lat="18.983177" lon="-99.425086"><ele>2256.2</ele><time>2020-04-05T19:13:24.000Z</time></trkpt>
   <trkpt lat="18.981731" lon="-99.426429"><ele>2239.2</ele><time>2020-04-05T19:13:49.000Z</time></trkpt>
   <trkpt lat="18.981525" lon="-99.426567"><ele>2238.1</ele><time>2020-04-05T19:13:52.000Z</time></trkpt>
   <trkpt lat="18.981281" lon="-99.426573"><ele>2236.9</ele><time>2020-04-05T19:13:55.000Z</time></trkpt>
   <trkpt lat="18.980749" lon="-99.426287"><ele>2234.4</ele><time>2020-04-05T19:14:02.000Z</time></trkpt>
   <trkpt lat="18.980485" lon="-99.426290"><ele>2233.1</ele><time>2020-04-05T19:14:05.000Z</time></trkpt>
   <trkpt lat="18.979790" lon="-99.426660"><ele>2229.9</ele><time>2020-04-05T19:14:13.000Z</time></trkpt>
   <trkpt lat="18.978781" lon="-99.426958"><ele>2224.9</ele><time>2020-04-05T19:14:24.000Z</time></trkpt>
   <trkpt lat="18.978330" lon="-99.427304"><ele>2219.4</ele><time>2020-04-05T19:14:30.000Z</time></trkpt>
   <trkpt lat="18.977784" lon="-99.428229"><ele>2213.4</ele><time>2020-04-05T19:14:41.000Z</time></trkpt>
   <trkpt lat="18.977646" lon="-99.428912"><ele>2210.1</ele><time>2020-04-05T19:14:48.000Z</time></trkpt>
   <trkpt lat="18.977937" lon="-99.430306"><ele>2204.8</ele><time>2020-04-05T19:15:02.000Z</time></trkpt>
   <trkpt lat="18.978402" lon="-99.431203"><ele>2198.4</ele><time>2020-04-05T19:15:15.000Z</time></trkpt>
   <trkpt lat="18.979431" lon="-99.432273"><ele>2193.3</ele><time>2020-04-05T19:15:31.000Z</time></trkpt>
   <trkpt lat="18.979636" lon="-99.432592"><ele>2191.5</ele><time>2020-04-05T19:15:35.000Z</time></trkpt>
   <trkpt lat="18.979781" lon="-99.435804"><ele>2174.1</ele><time>2020-04-05T19:16:09.000Z</time></trkpt>
   <trkpt lat="18.979694" lon="-99.436089"><ele>2172.5</ele><time>2020-04-05T19:16:12.000Z</time></trkpt>
   <trkpt lat="18.979451" lon="-99.436456"><ele>2169.8</ele><time>2020-04-05T19:16:16.000Z</time></trkpt>
   <trkpt lat="18.979255" lon="-99.437269"><ele>2164.0</ele><time>2020-04-05T19:16:23.000Z</time></trkpt>
   <trkpt lat="18.979087" lon="-99.437429"><ele>2162.7</ele><time>2020-04-05T19:16:25.000Z</time></trkpt>
   <trkpt lat="18.977680" lon="-99.438128"><ele>2153.4</ele><time>2020-04-05T19:16:38.000Z</time></trkpt>
   <trkpt lat="18.975446" lon="-99.438690"><ele>2140.5</ele><time>2020-04-05T19:17:03.000Z</time></trkpt>
   <trkpt lat="18.974345" lon="-99.439217"><ele>2133.8</ele><time>2020-04-05T19:17:15.000Z</time></trkpt>
   <trkpt lat="18.973373" lon="-99.439317"><ele>2129.8</ele><time>2020-04-05T19:17:24.000Z</time></trkpt>
   <trkpt lat="18.972580" lon="-99.439731"><ele>2124.7</ele><time>2020-04-05T19:17:32.000Z</time></trkpt>
   <trkpt lat="18.971968" lon="-99.439512"><ele>2121.6</ele><time>2020-04-05T19:17:38.000Z</time></trkpt>
   <trkpt lat="18.970842" lon="-99.438702"><ele>2112.1</ele><time>2020-04-05T19:17:52.000Z</time></trkpt>
   <trkpt lat="18.970780" lon="-99.438399"><ele>2109.0</ele><time>2020-04-05T19:17:58.000Z</time></trkpt>
   <trkpt lat="18.971014" lon="-99.438121"><ele>2105.6</ele><time>2020-04-05T19:18:20.000Z</time></trkpt>
   <trkpt lat="18.972117" lon="-99.437986"><ele>2100.1</ele><time>2020-04-05T19:18:46.000Z</time></trkpt>
   <trkpt lat="18.972485" lon="-99.437718"><ele>2099.1</ele><time>2020-04-05T19:18:52.000Z</time></trkpt>
   <trkpt lat="18.972992" lon="-99.436823"><ele>2095.9</ele><time>2020-04-05T19:19:07.000Z</time></trkpt>
   <trkpt lat="18.973268" lon="-99.436097"><ele>2093.2</ele><time>2020-04-05T19:19:19.000Z</time></trkpt>
   <trkpt lat="18.973129" lon="-99.435818"><ele>2091.5</ele><time>2020-04-05T19:19:23.000Z</time></trkpt>
   <trkpt lat="18.972959" lon="-99.435745"><ele>2090.1</ele><time>2020-04-05T19:19:25.000Z</time></trkpt>
   <trkpt lat="18.971899" lon="-99.435699"><ele>2082.2</ele><time>2020-04-05T19:19:36.000Z</time></trkpt>
   <trkpt lat="18.971596" lon="-99.435392"><ele>2079.2</ele><time>2020-04-05T19:19:41.000Z</time></trkpt>
   <trkpt lat="18.971579" lon="-99.435139"><ele>2076.3</ele><time>2020-04-05T19:19:44.000Z</time></trkpt>
   <trkpt lat="18.971678" lon="-99.434900"><ele>2073.3</ele><time>2020-04-05T19:19:46.000Z</time></trkpt>
   <trkpt lat="18.972619" lon="-99.433841"><ele>2066.7</ele><time>2020-04-05T19:20:01.000Z</time></trkpt>
   <trkpt lat="18.972732" lon="-99.433503"><ele>2065.2</ele><time>2020-04-05T19:20:05.000Z</time></trkpt>
   <trkpt lat="18.971865" lon="-99.430392"><ele>2048.0</ele><time>2020-04-05T19:20:56.000Z</time></trkpt>
   <trkpt lat="18.971537" lon="-99.430064"><ele>2045.7</ele><time>2020-04-05T19:21:09.000Z</time></trkpt>
   <trkpt lat="18.970040" lon="-99.429626"><ele>2031.7</ele><time>2020-04-05T19:21:44.000Z</time></trkpt>
   <trkpt lat="18.969193" lon="-99.429258"><ele>2024.4</ele><time>2020-04-05T19:22:16.000Z</time></trkpt>
   <trkpt lat="18.968852" lon="-99.429275"><ele>2021.5</ele><time>2020-04-05T19:22:20.000Z</time></trkpt>
   <trkpt lat="18.968051" lon="-99.429541"><ele>2013.3</ele><time>2020-04-05T19:22:33.000Z</time></trkpt>
   <trkpt lat="18.967254" lon="-99.429101"><ele>2005.3</ele><time>2020-04-05T19:22:46.000Z</time></trkpt>
   <trkpt lat="18.966741" lon="-99.428539"><ele>2002.0</ele><time>2020-04-05T19:22:55.000Z</time></trkpt>
   <trkpt lat="18.965650" lon="-99.426859"><ele>1992.3</ele><time>2020-04-05T19:23:24.000Z</time></trkpt>
   <trkpt lat="18.965536" lon="-99.426364"><ele>1989.9</ele><time>2020-04-05T19:23:30.000Z</time></trkpt>
   <trkpt lat="18.965516" lon="-99.425583"><ele>1987.4</ele><time>2020-04-05T19:23:38.000Z</time></trkpt>
   <trkpt lat="18.965463" lon="-99.425370"><ele>1985.9</ele><time>2020-04-05T19:23:40.000Z</time></trkpt>
   <trkpt lat="18.965252" lon="-99.425117"><ele>1983.9</ele><time>2020-04-05T19:23:43.000Z</time></trkpt>
   <trkpt lat="18.963815" lon="-99.424932"><ele>1976.5</ele><time>2020-04-05T19:23:57.000Z</time></trkpt>
   <trkpt lat="18.962832" lon="-99.425082"><ele>1970.2</ele><time>2020-04-05T19:24:07.000Z</time></trkpt>
   <trkpt lat="18.961271" lon="-99.425558"><ele>1959.2</ele><time>2020-04-05T19:24:22.000Z</time></trkpt>
   <trkpt lat="18.960708" lon="-99.425954"><ele>1952.0</ele><time>2020-04-05T19:24:29.000Z</time></trkpt>
   <trkpt lat="18.960438" lon="-99.426025"><ele>1949.2</ele><time>2020-04-05T19:24:32.000Z</time></trkpt>
   <trkpt lat="18.958912" lon="-99.425850"><ele>1933.9</ele><time>2020-04-05T19:24:47.000Z</time></trkpt>
   <trkpt lat="18.957938" lon="-99.425626"><ele>1924.1</ele><time>2020-04-05T19:24:58.000Z</time></trkpt>
   <trkpt lat="18.956063" lon="-99.425462"><ele>1904.5</ele><time>2020-04-05T19:25:18.000Z</time></trkpt>
   <trkpt lat="18.955744" lon="-99.425268"><ele>1900.7</ele><time>2020-04-05T19:25:22.000Z</time></trkpt>
   <trkpt lat="18.955569" lon="-99.425038"><ele>1897.8</ele><time>2020-04-05T19:25:25.000Z</time></trkpt>
   <trkpt lat="18.954934" lon="-99.423876"><ele>1884.3</ele><time>2020-04-05T19:25:39.000Z</time></trkpt>
   <trkpt lat="18.954323" lon="-99.423325"><ele>1876.4</ele><time>2020-04-05T19:25:47.000Z</time></trkpt>
   <trkpt lat="18.953669" lon="-99.422899"><ele>1868.3</ele><time>2020-04-05T19:25:56.000Z</time></trkpt>
   <trkpt lat="18.953577" lon="-99.422583"><ele>1864.9</ele><time>2020-04-05T19:26:00.000Z</time></trkpt>
   <trkpt lat="18.953647" lon="-99.422427"><ele>1863.9</ele><time>2020-04-05T19:26:02.000Z</time></trkpt>
   <trkpt lat="18.954180" lon="-99.422057"><ele>1860.4</ele><time>2020-04-05T19:26:10.000Z</time></trkpt>
   <trkpt lat="18.954366" lon="-99.421793"><ele>1858.8</ele><time>2020-04-05T19:26:14.000Z</time></trkpt>
   <trkpt lat="18.954397" lon="-99.421518"><ele>1856.7</ele><time>2020-04-05T19:26:17.000Z</time></trkpt>
   <trkpt lat="18.954133" lon="-99.421354"><ele>1854.2</ele><time>2020-04-05T19:26:20.000Z</time></trkpt>
   <trkpt lat="18.953592" lon="-99.421463"><ele>1852.2</ele><time>2020-04-05T19:26:26.000Z</time></trkpt>
   <trkpt lat="18.951324" lon="-99.422490"><ele>1838.5</ele><time>2020-04-05T19:26:52.000Z</time></trkpt>
   <trkpt lat="18.949939" lon="-99.422768"><ele>1829.6</ele><time>2020-04-05T19:27:13.000Z</time></trkpt>
   <trkpt lat="18.949252" lon="-99.423264"><ele>1823.2</ele><time>2020-04-05T19:27:23.000Z</time></trkpt>
   <trkpt lat="18.948360" lon="-99.423671"><ele>1816.7</ele><time>2020-04-05T19:27:36.000Z</time></trkpt>
   <trkpt lat="18.947629" lon="-99.424656"><ele>1807.0</ele><time>2020-04-05T19:27:50.000Z</time></trkpt>
   <trkpt lat="18.947425" lon="-99.424798"><ele>1805.2</ele><time>2020-04-05T19:27:53.000Z</time></trkpt>
   <trkpt lat="18.947115" lon="-99.424873"><ele>1803.5</ele><time>2020-04-05T19:27:57.000Z</time></trkpt>
   <trkpt lat="18.946689" lon="-99.424806"><ele>1800.9</ele><time>2020-04-05T19:28:02.000Z</time></trkpt>
   <trkpt lat="18.945967" lon="-99.424533"><ele>1794.5</ele><time>2020-04-05T19:28:11.000Z</time></trkpt>
   <trkpt lat="18.944757" lon="-99.424424"><ele>1786.1</ele><time>2020-04-05T19:28:25.000Z</time></trkpt>
   <trkpt lat="18.942229" lon="-99.423220"><ele>1773.3</ele><time>2020-04-05T19:29:02.000Z</time></trkpt>
   <trkpt lat="18.941513" lon="-99.423292"><ele>1772.7</ele><time>2020-04-05T19:29:12.000Z</time></trkpt>
   <trkpt lat="18.940772" lon="-99.423852"><ele>1773.9</ele><time>2020-04-05T19:29:26.000Z</time></trkpt>
   <trkpt lat="18.940466" lon="-99.423963"><ele>1769.2</ele><time>2020-04-05T19:29:31.000Z</time></trkpt>
   <trkpt lat="18.939133" lon="-99.423710"><ele>1771.9</ele><time>2020-04-05T19:29:52.000Z</time></trkpt>
   <trkpt lat="18.938243" lon="-99.423959"><ele>1768.5</ele><time>2020-04-05T19:30:06.000Z</time></trkpt>
   <trkpt lat="18.937425" lon="-99.423635"><ele>1773.3</ele><time>2020-04-05T19:30:19.000Z</time></trkpt>
   <trkpt lat="18.937093" lon="-99.423684"><ele>1772.8</ele><time>2020-04-05T19:30:22.000Z</time></trkpt>
   <trkpt lat="18.936989" lon="-99.423849"><ele>1772.5</ele><time>2020-04-05T19:30:25.000Z</time></trkpt>
   <trkpt lat="18.936985" lon="-99.424045"><ele>1772.1</ele><time>2020-04-05T19:30:27.000Z</time></trkpt>
   <trkpt lat="18.937107" lon="-99.424596"><ele>1771.0</ele><time>2020-04-05T19:30:34.000Z</time></trkpt>
   <trkpt lat="18.937082" lon="-99.424966"><ele>1770.4</ele><time>2020-04-05T19:30:43.000Z</time></trkpt>
   <trkpt lat="18.935578" lon="-99.426540"><ele>1766.7</ele><time>2020-04-05T19:31:47.000Z</time></trkpt>
   <trkpt lat="18.934984" lon="-99.426986"><ele>1765.8</ele><time>2020-04-05T19:31:59.000Z</time></trkpt>
   <trkpt lat="18.932409" lon="-99.430868"><ele>1741.4</ele><time>2020-04-05T19:32:59.000Z</time></trkpt>
   <trkpt lat="18.932067" lon="-99.431067"><ele>1739.4</ele><time>2020-04-05T19:33:04.000Z</time></trkpt>
   <trkpt lat="18.931459" lon="-99.430959"><ele>1734.4</ele><time>2020-04-05T19:33:11.000Z</time></trkpt>
   <trkpt lat="18.931148" lon="-99.431091"><ele>1729.5</ele><time>2020-04-05T19:33:15.000Z</time></trkpt>
   <trkpt lat="18.931088" lon="-99.431385"><ele>1726.0</ele><time>2020-04-05T19:33:18.000Z</time></trkpt>
   <trkpt lat="18.931928" lon="-99.432439"><ele>1717.1</ele><time>2020-04-05T19:33:31.000Z</time></trkpt>
   <trkpt lat="18.932078" lon="-99.432690"><ele>1715.6</ele><time>2020-04-05T19:33:33.000Z</time></trkpt>
   <trkpt lat="18.932061" lon="-99.432936"><ele>1714.7</ele><time>2020-04-05T19:33:37.000Z</time></trkpt>
   <trkpt lat="18.931749" lon="-99.433187"><ele>1710.0</ele><time>2020-04-05T19:33:42.000Z</time></trkpt>
   <trkpt lat="18.931078" lon="-99.432997"><ele>1704.7</ele><time>2020-04-05T19:33:51.000Z</time></trkpt>
   <trkpt lat="18.930907" lon="-99.433034"><ele>1703.6</ele><time>2020-04-05T19:33:53.000Z</time></trkpt>
   <trkpt lat="18.929969" lon="-99.433578"><ele>1697.0</ele><time>2020-04-05T19:34:08.000Z</time></trkpt>
   <trkpt lat="18.929923" lon="-99.433728"><ele>1695.6</ele><time>2020-04-05T19:34:12.000Z</time></trkpt>
   <trkpt lat="18.930008" lon="-99.434407"><ele>1689.3</ele><time>2020-04-05T19:34:28.000Z</time></trkpt>
   <trkpt lat="18.929853" lon="-99.434799"><ele>1689.0</ele><time>2020-04-05T19:34:41.000Z</time></trkpt>
   <trkpt lat="18.929552" lon="-99.435184"><ele>1686.7</ele><time>2020-04-05T19:34:56.000Z</time></trkpt>
   <trkpt lat="18.929788" lon="-99.436118"><ele>1674.5</ele><time>2020-04-05T19:35:19.000Z</time></trkpt>
   <trkpt lat="18.929755" lon="-99.436344"><ele>1671.3</ele><time>2020-04-05T19:35:24.000Z</time></trkpt>
   <trkpt lat="18.929076" lon="-99.436746"><ele>1662.3</ele><time>2020-04-05T19:35:39.000Z</time></trkpt>
   <trkpt lat="18.928391" lon="-99.436691"><ele>1654.1</ele><time>2020-04-05T19:35:52.000Z</time></trkpt>
   <trkpt lat="18.928197" lon="-99.436744"><ele>1650.8</ele><time>2020-04-05T19:35:56.000Z</time></trkpt>
   <trkpt lat="18.927546" lon="-99.438116"><ele>1633.8</ele><time>2020-04-05T19:36:16.000Z</time></trkpt>
   <trkpt lat="18.927393" lon="-99.438867"><ele>1626.6</ele><time>2020-04-05T19:36:26.000Z</time></trkpt>
   <trkpt lat="18.926880" lon="-99.439308"><ele>1609.0</ele><time>2020-04-05T19:36:36.000Z</time></trkpt>
   <trkpt lat="18.926986" lon="-99.439490"><ele>1607.3</ele><time>2020-04-05T19:36:39.000Z</time></trkpt>
   <trkpt lat="18.927506" lon="-99.439478"><ele>1604.9</ele><time>2020-04-05T19:36:46.000Z</time></trkpt>
   <trkpt lat="18.927612" lon="-99.439747"><ele>1605.0</ele><time>2020-04-05T19:36:50.000Z</time></trkpt>
   <trkpt lat="18.927562" lon="-99.439908"><ele>1605.8</ele><time>2020-04-05T19:36:53.000Z</time></trkpt>
   <trkpt lat="18.926053" lon="-99.440898"><ele>1608.7</ele><time>2020-04-05T19:37:30.000Z</time></trkpt>
   <trkpt lat="18.925609" lon="-99.441274"><ele>1605.4</ele><time>2020-04-05T19:37:41.000Z</time></trkpt>
   <trkpt lat="18.916648" lon="-99.450914"><ele>1534.2</ele><time>2020-04-05T19:39:58.000Z</time></trkpt>
   <trkpt lat="18.916371" lon="-99.451523"><ele>1530.7</ele><time>2020-04-05T19:40:05.000Z</time></trkpt>
   <trkpt lat="18.912961" lon="-99.462847"><ele>1540.9</ele><time>2020-04-05T19:44:04.000Z</time></trkpt>
   <trkpt lat="18.912842" lon="-99.463677"><ele>1545.4</ele><time>2020-04-05T19:44:32.000Z</time></trkpt>
   <trkpt lat="18.912973" lon="-99.464599"><ele>1551.6</ele><time>2020-04-05T19:45:02.000Z</time></trkpt>
   <trkpt lat="18.915444" lon="-99.476390"><ele>1576.1</ele><time>2020-04-05T19:49:30.000Z</time></trkpt>
   <trkpt lat="18.915875" lon="-99.478298"><ele>1575.0</ele><time>2020-04-05T19:50:06.000Z</time></trkpt>
   <trkpt lat="18.916230" lon="-99.479112"><ele>1573.5</ele><time>2020-04-05T19:50:22.000Z</time></trkpt>
   <trkpt lat="18.916528" lon="-99.479510"><ele>1572.5</ele><time>2020-04-05T19:50:30.000Z</time></trkpt>
   <trkpt lat="18.917007" lon="-99.479915"><ele>1571.9</ele><time>2020-04-05T19:50:41.000Z</time></trkpt>
   <trkpt lat="18.926498" lon="-99.484796"><ele>1597.0</ele><time>2020-04-05T19:54:33.000Z</time></trkpt>
   <trkpt lat="18.926775" lon="-99.484962"><ele>1599.0</ele><time>2020-04-05T19:54:45.000Z</time></trkpt>
   <trkpt lat="18.926913" lon="-99.485149"><ele>1600.5</ele><time>2020-04-05T19:54:58.000Z</time></trkpt>
   <trkpt lat="18.926879" lon="-99.485300"><ele>1601.1</ele><time>2020-04-05T19:55:07.000Z</time></trkpt>
   <trkpt lat="18.924780" lon="-99.486051"><ele>1590.7</ele><time>2020-04-05T19:57:21.000Z</time></trkpt>
   <trkpt lat="18.923712" lon="-99.486337"><ele>1585.4</ele><time>2020-04-05T19:58:07.000Z</time></trkpt>
   <trkpt lat="18.922827" lon="-99.486674"><ele>1584.5</ele><time>2020-04-05T19:58:43.000Z</time></trkpt>
   <trkpt lat="18.922793" lon="-99.486746"><ele>1585.3</ele><time>2020-04-05T19:59:04.000Z</time></trkpt>
  </trkseg>
 </trk>
</gpx>
