"Course","Term","FileName","Asset","Url","Bytes","Hash"
"EcoIV","","Notas.pdf","EcoIV_Notas.pdf","https://github.com/mauricioromero86/mauricioromero86.github.io/releases/download/teaching-archive/EcoIV_Notas.pdf","1224228","C7740AF718EEB790008B9FB651ADF8D9"
"EcoIV","","Resumen_ParcialFinal.pdf","EcoIV_Resumen_ParcialFinal.pdf","https://github.com/mauricioromero86/mauricioromero86.github.io/releases/download/teaching-archive/EcoIV_Resumen_ParcialFinal.pdf","252918","6FA6DEFD2274627448C4E36D4AE4CAC9"
"EcoIV","","Taller_EqGeneral.pdf","EcoIV_Taller_EqGeneral.pdf","https://github.com/mauricioromero86/mauricioromero86.github.io/releases/download/teaching-archive/EcoIV_Taller_EqGeneral.pdf","166699","95098618D47C266994DC1B79879D4ABC"
"EcoIV","","Temario.pdf","EcoIV_Temario.pdf","https://github.com/mauricioromero86/mauricioromero86.github.io/releases/download/teaching-archive/EcoIV_Temario.pdf","73317","7A3AB83BFD93334F334C6866D153E800"
"EcoIV","20191","Lecture1.pdf","EcoIV_20191_Lecture1.pdf","https://github.com/mauricioromero86/mauricioromero86.github.io/releases/download/teaching-archive/EcoIV_20191_Lecture1.pdf","417867","268456B34C3AA3B83230304E8DE41B0F"
"EcoIV","20191","Lecture10.pdf","EcoIV_20191_Lecture10.pdf","https://github.com/mauricioromero86/mauricioromero86.github.io/releases/download/teaching-archive/EcoIV_20191_Lecture10.pdf","1100438","984415C962BBA65B3454B18958D89803"
"EcoIV","20191","Lecture11.pdf","EcoIV_20191_Lecture11.pdf","https://github.com/mauricioromero86/mauricioromero86.github.io/releases/download/teaching-archive/EcoIV_20191_Lecture11.pdf","972783","9893BF36C5E5F268A491C9DC99616535"
"EcoIV","20191","Lecture12.pdf","EcoIV_20191_Lecture12.pdf","https://github.com/mauricioromero86/mauricioromero86.github.io/releases/download/teaching-archive/EcoIV_20191_Lecture12.pdf","974127","9D97F7D96044497E6202FE629B4A9F12"
"EcoIV","20191","Lecture13.pdf","EcoIV_20191_Lecture13.pdf","https://github.com/mauricioromero86/mauricioromero86.github.io/releases/download/teaching-archive/EcoIV_20191_Lecture13.pdf","856497","726B643CA116A0A9D7165969AB5CEAAB"
"EcoIV","20191","Lecture14.pdf","EcoIV_20191_Lecture14.pdf","https://github.com/mauricioromero86/mauricioromero86.github.io/releases/download/teaching-archive/EcoIV_20191_Lecture14.pdf","710912","6C9607E5347B00BD625D87B16100FA61"
"EcoIV","20191","Lecture15.pdf","EcoIV_20191_Lecture15.pdf","https://github.com/mauricioromero86/mauricioromero86.github.io/releases/download/teaching-archive/EcoIV_20191_Lecture15.pdf","755072","4C038F893F21292165F9D0549AF6B566"
"EcoIV","20191","Lecture16.pdf","EcoIV_20191_Lecture16.pdf","https://github.com/mauricioromero86/mauricioromero86.github.io/releases/download/teaching-archive/EcoIV_20191_Lecture16.pdf","1039349","82ECADC381ECECA3C4565B50C5D80ECF"
"EcoIV","20191","Lecture17.pdf","EcoIV_20191_Lecture17.pdf","https://github.com/mauricioromero86/mauricioromero86.github.io/releases/download/teaching-archive/EcoIV_20191_Lecture17.pdf","800400","85F22B1779BB75997044477C87A0A5C9"
"EcoIV","20191","Lecture18.pdf","EcoIV_20191_Lecture18.pdf","https://github.com/mauricioromero86/mauricioromero86.github.io/releases/download/teaching-archive/EcoIV_20191_Lecture18.pdf","1242260","39A14802F4791BC3195935E75CCA7B92"
"EcoIV","20191","Lecture19.pdf","EcoIV_20191_Lecture19.pdf","https://github.com/mauricioromero86/mauricioromero86.github.io/releases/download/teaching-archive/EcoIV_20191_Lecture19.pdf","907256","106FD96F7D88A2B4A1AE6B56DD094422"
"EcoIV","20191","Lecture2.pdf","EcoIV_20191_Lecture2.pdf","https://github.com/mauricioromero86/mauricioromero86.github.io/releases/download/teaching-archive/EcoIV_20191_Lecture2.pdf","443820","7939D39E790A16315E47EEDC0D385BBF"
"EcoIV","20191","Lecture20.pdf","EcoIV_20191_Lecture20.pdf","https://github.com/mauricioromero86/mauricioromero86.github.io/releases/download/teaching-archive/EcoIV_20191_Lecture20.pdf","452225","DAF7003115DA2C597D8599890155AD06"
"EcoIV","20191","Lecture3.pdf","EcoIV_20191_Lecture3.pdf","https://github.com/mauricioromero86/mauricioromero86.github.io/releases/download/teaching-archive/EcoIV_20191_Lecture3.pdf","538882","3CFD2BBC2137D17AFF3CEB44CD20A218"
"EcoIV","20191","Lecture4.pdf","EcoIV_20191_Lecture4.pdf","https://github.com/mauricioromero86/mauricioromero86.github.io/releases/download/teaching-archive/EcoIV_20191_Lecture4.pdf","544027","0B3D1DC91B99092FE9607ECA55A97F7A"
"EcoIV","20191","Lecture5.pdf","EcoIV_20191_Lecture5.pdf","https://github.com/mauricioromero86/mauricioromero86.github.io/releases/download/teaching-archive/EcoIV_20191_Lecture5.pdf","559909","8D290B88E8A8FF6A73645070D9446645"
"EcoIV","20191","Lecture6.pdf","EcoIV_20191_Lecture6.pdf","https://github.com/mauricioromero86/mauricioromero86.github.io/releases/download/teaching-archive/EcoIV_20191_Lecture6.pdf","630481","0DA0D9ACBA04B09DFE6B77F5E616BCB1"
"EcoIV","20191","Lecture7.pdf","EcoIV_20191_Lecture7.pdf","https://github.com/mauricioromero86/mauricioromero86.github.io/releases/download/teaching-archive/EcoIV_20191_Lecture7.pdf","439885","8D7CA534131261C35489DEBE28536D25"
"EcoIV","20191","Lecture8.pdf","EcoIV_20191_Lecture8.pdf","https://github.com/mauricioromero86/mauricioromero86.github.io/releases/download/teaching-archive/EcoIV_20191_Lecture8.pdf","963293","EA4EAA0A7552BBFBC0476A39E62EF053"
"EcoIV","20191","Lecture9.pdf","EcoIV_20191_Lecture9.pdf","https://github.com/mauricioromero86/mauricioromero86.github.io/releases/download/teaching-archive/EcoIV_20191_Lecture9.pdf","487672","3B09CA728D7F6BB719E44AD4F54E9FD7"
"EcoIV","20191","Temario.pdf","EcoIV_Temario.pdf","https://github.com/mauricioromero86/mauricioromero86.github.io/releases/download/teaching-archive/EcoIV_Temario.pdf","73317","7A3AB83BFD93334F334C6866D153E800"
"EcoIV","20192","Lecture1.pdf","EcoIV_20192_Lecture1.pdf","https://github.com/mauricioromero86/mauricioromero86.github.io/releases/download/teaching-archive/EcoIV_20192_Lecture1.pdf","413739","9ECE71C320B6D3B43928267314F2B903"
"EcoIV","20192","Lecture10.pdf","EcoIV_20192_Lecture10.pdf","https://github.com/mauricioromero86/mauricioromero86.github.io/releases/download/teaching-archive/EcoIV_20192_Lecture10.pdf","557903","9E9976156F33707D08B56325F26D9664"
"EcoIV","20192","Lecture11.pdf","EcoIV_20192_Lecture11.pdf","https://github.com/mauricioromero86/mauricioromero86.github.io/releases/download/teaching-archive/EcoIV_20192_Lecture11.pdf","807637","C020CA758533F1105BDEFF33D797B401"
"EcoIV","20192","Lecture12.pdf","EcoIV_20192_Lecture12.pdf","https://github.com/mauricioromero86/mauricioromero86.github.io/releases/download/teaching-archive/EcoIV_20192_Lecture12.pdf","969158","129036ECFB0C5EDFEE4F8B8BC2C5423A"
"EcoIV","20192","Lecture13.pdf","EcoIV_20192_Lecture13.pdf","https://github.com/mauricioromero86/mauricioromero86.github.io/releases/download/teaching-archive/EcoIV_20192_Lecture13.pdf","602732","7CB2F511934B53EE309078DDFD27905B"
"EcoIV","20192","Lecture14.pdf","EcoIV_20192_Lecture14.pdf","https://github.com/mauricioromero86/mauricioromero86.github.io/releases/download/teaching-archive/EcoIV_20192_Lecture14.pdf","576426","28579AF4CFC9322EE00CBF8379FE9E5F"
"EcoIV","20192","Lecture15.pdf","EcoIV_20192_Lecture15.pdf","https://github.com/mauricioromero86/mauricioromero86.github.io/releases/download/teaching-archive/EcoIV_20192_Lecture15.pdf","758392","69E02695A8F7A8A939D1D4A83F079625"
"EcoIV","20192","Lecture16.pdf","EcoIV_20192_Lecture16.pdf","https://github.com/mauricioromero86/mauricioromero86.github.io/releases/download/teaching-archive/EcoIV_20192_Lecture16.pdf","783365","D2B07781C76B2698E11832D1BDF8CC6B"
"EcoIV","20192","Lecture17.pdf","EcoIV_20192_Lecture17.pdf","https://github.com/mauricioromero86/mauricioromero86.github.io/releases/download/teaching-archive/EcoIV_20192_Lecture17.pdf","541724","87EC6D975E05B0012C090F481C1175AB"
"EcoIV","20192","Lecture18.pdf","EcoIV_20192_Lecture18.pdf","https://github.com/mauricioromero86/mauricioromero86.github.io/releases/download/teaching-archive/EcoIV_20192_Lecture18.pdf","1242748","BA4AC6E2752D15337A41E9FF7D1ECACC"
"EcoIV","20192","Lecture19.pdf","EcoIV_20191_Lecture19.pdf","https://github.com/mauricioromero86/mauricioromero86.github.io/releases/download/teaching-archive/EcoIV_20191_Lecture19.pdf","907256","106FD96F7D88A2B4A1AE6B56DD094422"
"EcoIV","20192","Lecture2.pdf","EcoIV_20192_Lecture2.pdf","https://github.com/mauricioromero86/mauricioromero86.github.io/releases/download/teaching-archive/EcoIV_20192_Lecture2.pdf","465196","7EAF3F418E0A7A594D1943396A7B7B60"
"EcoIV","20192","Lecture20.pdf","EcoIV_20191_Lecture20.pdf","https://github.com/mauricioromero86/mauricioromero86.github.io/releases/download/teaching-archive/EcoIV_20191_Lecture20.pdf","452225","DAF7003115DA2C597D8599890155AD06"
"EcoIV","20192","Lecture3.pdf","EcoIV_20192_Lecture3.pdf","https://github.com/mauricioromero86/mauricioromero86.github.io/releases/download/teaching-archive/EcoIV_20192_Lecture3.pdf","634666","01D15008A1774997ABD02D9A372FB9A0"
"EcoIV","20192","Lecture4.pdf","EcoIV_20192_Lecture4.pdf","https://github.com/mauricioromero86/mauricioromero86.github.io/releases/download/teaching-archive/EcoIV_20192_Lecture4.pdf","554869","476754B763FEB8B87A80342CE4C818EB"
"EcoIV","20192","Lecture5.pdf","EcoIV_20192_Lecture5.pdf","https://github.com/mauricioromero86/mauricioromero86.github.io/releases/download/teaching-archive/EcoIV_20192_Lecture5.pdf","531119","C8F51FDF7CC1AFD45693F7B389919683"
"EcoIV","20192","Lecture6.pdf","EcoIV_20192_Lecture6.pdf","https://github.com/mauricioromero86/mauricioromero86.github.io/releases/download/teaching-archive/EcoIV_20192_Lecture6.pdf","654612","9F236D2C311532DE4D1A39308A67B1BE"
"EcoIV","20192","Lecture7.pdf","EcoIV_20192_Lecture7.pdf","https://github.com/mauricioromero86/mauricioromero86.github.io/releases/download/teaching-archive/EcoIV_20192_Lecture7.pdf","445372","96AB69BAF3DD0147C657285A1679AD89"
"EcoIV","20192","Lecture8.pdf","EcoIV_20192_Lecture8.pdf","https://github.com/mauricioromero86/mauricioromero86.github.io/releases/download/teaching-archive/EcoIV_20192_Lecture8.pdf","585226","D8302FF4B0D2CB938C463B9F605674E2"
"EcoIV","20192","Lecture9.pdf","EcoIV_20192_Lecture9.pdf","https://github.com/mauricioromero86/mauricioromero86.github.io/releases/download/teaching-archive/EcoIV_20192_Lecture9.pdf","496932","134F17E305E137EAFBAD726CDA7B91DB"
"EcoIV","20192","Repaso_1_Final_4pm.pdf","EcoIV_20192_Repaso_1_Final_4pm.pdf","https://github.com/mauricioromero86/mauricioromero86.github.io/releases/download/teaching-archive/EcoIV_20192_Repaso_1_Final_4pm.pdf","10155689","DFA6EAA1A555B50F0E191D4716CB8EC6"
"EcoIV","20192","Repaso_1_Final_530pm.pdf","EcoIV_20192_Repaso_1_Final_530pm.pdf","https://github.com/mauricioromero86/mauricioromero86.github.io/releases/download/teaching-archive/EcoIV_20192_Repaso_1_Final_530pm.pdf","12052073","6D4930C4F664E4C86B4D288E0B2DFA30"
"EcoIV","20192","Repaso_1_Parcial1_4pm.pdf","EcoIV_20192_Repaso_1_Parcial1_4pm.pdf","https://github.com/mauricioromero86/mauricioromero86.github.io/releases/download/teaching-archive/EcoIV_20192_Repaso_1_Parcial1_4pm.pdf","4850288","7478DD6A3381186337F6C962E3705BC4"
"EcoIV","20192","Repaso_1_Parcial1_530pm.pdf","EcoIV_20192_Repaso_1_Parcial1_530pm.pdf","https://github.com/mauricioromero86/mauricioromero86.github.io/releases/download/teaching-archive/EcoIV_20192_Repaso_1_Parcial1_530pm.pdf","7796140","DFB738F7B2515E92BF3D501DA7DCC7D7"
"EcoIV","20192","Repaso_1_Parcial2_4pm.pdf","EcoIV_20192_Repaso_1_Parcial2_4pm.pdf","https://github.com/mauricioromero86/mauricioromero86.github.io/releases/download/teaching-archive/EcoIV_20192_Repaso_1_Parcial2_4pm.pdf","6003872","B97B992B5971086F57010D3395FDAB9E"
"EcoIV","20192","Repaso_1_Parcial2_530pm.pdf","EcoIV_20192_Repaso_1_Parcial2_530pm.pdf","https://github.com/mauricioromero86/mauricioromero86.github.io/releases/download/teaching-archive/EcoIV_20192_Repaso_1_Parcial2_530pm.pdf","5137025","24CE51974450E7AF7B09179AAEF3AA31"
"EcoIV","20192","Repaso_2_Final_4pm.pdf","EcoIV_20192_Repaso_2_Final_4pm.pdf","https://github.com/mauricioromero86/mauricioromero86.github.io/releases/download/teaching-archive/EcoIV_20192_Repaso_2_Final_4pm.pdf","6058323","7BE8F6A42B2951FC2494BEFB1D6FE06F"
"EcoIV","20192","Repaso_2_Final_530pm.pdf","EcoIV_20192_Repaso_2_Final_530pm.pdf","https://github.com/mauricioromero86/mauricioromero86.github.io/releases/download/teaching-archive/EcoIV_20192_Repaso_2_Final_530pm.pdf","9481888","4EAD592920C20CC7277EB0943463EB97"
"EcoIV","20192","Repaso_2_Parcial1_4pm.pdf","EcoIV_20192_Repaso_2_Parcial1_4pm.pdf","https://github.com/mauricioromero86/mauricioromero86.github.io/releases/download/teaching-archive/EcoIV_20192_Repaso_2_Parcial1_4pm.pdf","9279923","0746D45B99CCBCBCD17BA33861992C80"
"EcoIV","20192","Repaso_2_Parcial1_530pm.pdf","EcoIV_20192_Repaso_2_Parcial1_530pm.pdf","https://github.com/mauricioromero86/mauricioromero86.github.io/releases/download/teaching-archive/EcoIV_20192_Repaso_2_Parcial1_530pm.pdf","2832312","7C9201C2B83E47A160748D504C36D474"
"EcoIV","20192","Repaso_2_Parcial2_4pm.pdf","EcoIV_20192_Repaso_2_Parcial2_4pm.pdf","https://github.com/mauricioromero86/mauricioromero86.github.io/releases/download/teaching-archive/EcoIV_20192_Repaso_2_Parcial2_4pm.pdf","8212749","2DA3942E1A058E5B4EA5416E0899BA78"
"EcoIV","20192","Repaso_2_Parcial2_530pm.pdf","EcoIV_20192_Repaso_2_Parcial2_530pm.pdf","https://github.com/mauricioromero86/mauricioromero86.github.io/releases/download/teaching-archive/EcoIV_20192_Repaso_2_Parcial2_530pm.pdf","7918586","C07C25DBDF1C458230CDEB16BDBE17F6"
"EcoIV","20192","Repaso_3_Final_4pm.pdf","EcoIV_20192_Repaso_3_Final_4pm.pdf","https://github.com/mauricioromero86/mauricioromero86.github.io/releases/download/teaching-archive/EcoIV_20192_Repaso_3_Final_4pm.pdf","8876358","ACF2C862BAC77E9E9A21E0FE200AB4DA"
"EcoIV","20192","Repaso_3_Final_530pm.pdf","EcoIV_20192_Repaso_3_Final_530pm.pdf","https://github.com/mauricioromero86/mauricioromero86.github.io/releases/download/teaching-archive/EcoIV_20192_Repaso_3_Final_530pm.pdf","6220320","4E8F902CBBF70A728B888E78540801B8"
"EcoIV","20192","Repaso_3_Parcial2_4pm.pdf","EcoIV_20192_Repaso_3_Parcial2_4pm.pdf","https://github.com/mauricioromero86/mauricioromero86.github.io/releases/download/teaching-archive/EcoIV_20192_Repaso_3_Parcial2_4pm.pdf","5099052","E9A6ABC75155C5CC83A03253B121A626"
"EcoIV","20192","Repaso_3_Parcial2_530pm.pdf","EcoIV_20192_Repaso_3_Parcial2_530pm.pdf","https://github.com/mauricioromero86/mauricioromero86.github.io/releases/download/teaching-archive/EcoIV_20192_Repaso_3_Parcial2_530pm.pdf","5413450","214A589B73886F65F7B30F9CA83C51ED"
"EcoIV","20192","Repaso_4_Final_4pm.pdf","EcoIV_20192_Repaso_4_Final_4pm.pdf","https://github.com/mauricioromero86/mauricioromero86.github.io/releases/download/teaching-archive/EcoIV_20192_Repaso_4_Final_4pm.pdf","3818790","BA1405786B393F298FC6DFFADA73F95F"
"EcoIV","20192","Repaso_4_Final_530pm.pdf","EcoIV_20192_Repaso_4_Final_530pm.pdf","https://github.com/mauricioromero86/mauricioromero86.github.io/releases/download/teaching-archive/EcoIV_20192_Repaso_4_Final_530pm.pdf","6735362","4778B7808AF5FAD35D228CA69BDA12DD"
"EcoIV","20192","Solucion_Parcial2_4pm.pdf","EcoIV_20192_Solucion_Parcial2_4pm.pdf","https://github.com/mauricioromero86/mauricioromero86.github.io/releases/download/teaching-archive/EcoIV_20192_Solucion_Parcial2_4pm.pdf","13540388","DAEFAD44A50B4CA77828DE960B45A4A6"
"EcoIV","20192","Solucion_Parcial2_530pm.pdf","EcoIV_20192_Solucion_Parcial2_530pm.pdf","https://github.com/mauricioromero86/mauricioromero86.github.io/releases/download/teaching-archive/EcoIV_20192_Solucion_Parcial2_530pm.pdf","11997719","6E9AEC5D05CDCB10265169150305A634"
"EcoIV","20192","Temario.pdf","EcoIV_20192_Temario.pdf","https://github.com/mauricioromero86/mauricioromero86.github.io/releases/download/teaching-archive/EcoIV_20192_Temario.pdf","69463","411D08D38C145A1DA66BADF229019EA9"
"EcoIV","20201","Lecture1.pdf","EcoIV_20192_Lecture1.pdf","https://github.com/mauricioromero86/mauricioromero86.github.io/releases/download/teaching-archive/EcoIV_20192_Lecture1.pdf","413739","9ECE71C320B6D3B43928267314F2B903"
"EcoIV","20201","Lecture10.pdf","EcoIV_20201_Lecture10.pdf","https://github.com/mauricioromero86/mauricioromero86.github.io/releases/download/teaching-archive/EcoIV_20201_Lecture10.pdf","557126","895F6F62A6B81C4B28901B0C66C86D49"
"EcoIV","20201","Lecture11.pdf","EcoIV_20201_Lecture11.pdf","https://github.com/mauricioromero86/mauricioromero86.github.io/releases/download/teaching-archive/EcoIV_20201_Lecture11.pdf","807233","2345DA1AE2AAD3E4CA148A226C18377A"
"EcoIV","20201","Lecture11_Notas.pdf","EcoIV_20201_Lecture11_Notas.pdf","https://github.com/mauricioromero86/mauricioromero86.github.io/releases/download/teaching-archive/EcoIV_20201_Lecture11_Notas.pdf","16796373","7BFC91B529478CCE050932E6BE54A138"
"EcoIV","20201","Lecture12.pdf","EcoIV_20201_Lecture12.pdf","https://github.com/mauricioromero86/mauricioromero86.github.io/releases/download/teaching-archive/EcoIV_20201_Lecture12.pdf","967734","76D3DED3B6ACCA5001BEDE7A8777CD14"
"EcoIV","20201","Lecture12_Notas.pdf","EcoIV_20201_Lecture12_Notas.pdf","https://github.com/mauricioromero86/mauricioromero86.github.io/releases/download/teaching-archive/EcoIV_20201_Lecture12_Notas.pdf","15389446","8053C84AB72495684A8BA52DACBB816D"
"EcoIV","20201","Lecture13.pdf","EcoIV_20201_Lecture13.pdf","https://github.com/mauricioromero86/mauricioromero86.github.io/releases/download/teaching-archive/EcoIV_20201_Lecture13.pdf","602681","88A123AF343DB76EB27207A2332D3FD0"
"EcoIV","20201","Lecture13_Notas.pdf","EcoIV_20201_Lecture13_Notas.pdf","https://github.com/mauricioromero86/mauricioromero86.github.io/releases/download/teaching-archive/EcoIV_20201_Lecture13_Notas.pdf","9437809","E5CD2C0CA3EE9B9B762376A6BD869CA3"
"EcoIV","20201","Lecture13_Notas2.pdf","EcoIV_20201_Lecture13_Notas2.pdf","https://github.com/mauricioromero86/mauricioromero86.github.io/releases/download/teaching-archive/EcoIV_20201_Lecture13_Notas2.pdf","11254258","944E024CA44CDC66A52E568238AAA56C"
"EcoIV","20201","Lecture14.pdf","EcoIV_20201_Lecture14.pdf","https://github.com/mauricioromero86/mauricioromero86.github.io/releases/download/teaching-archive/EcoIV_20201_Lecture14.pdf","575556","AE13A03A33875DB1AB8FB751BEF12590"
"EcoIV","20201","Lecture14_Notas.pdf","EcoIV_20201_Lecture14_Notas.pdf","https://github.com/mauricioromero86/mauricioromero86.github.io/releases/download/teaching-archive/EcoIV_20201_Lecture14_Notas.pdf","8121604","05E637CEE8863B588BD30BCC7E672CA4"
"EcoIV","20201","Lecture15.pdf","EcoIV_20201_Lecture15.pdf","https://github.com/mauricioromero86/mauricioromero86.github.io/releases/download/teaching-archive/EcoIV_20201_Lecture15.pdf","758101","5F45394AA9039A288CC02A7AED2E5B1A"
"EcoIV","20201","Lecture15_Notas.pdf","EcoIV_20201_Lecture15_Notas.pdf","https://github.com/mauricioromero86/mauricioromero86.github.io/releases/download/teaching-archive/EcoIV_20201_Lecture15_Notas.pdf","20956378","51030C5FCB6C9C13855428FA4A1CD086"
"EcoIV","20201","Lecture16.pdf","EcoIV_20201_Lecture16.pdf","https://github.com/mauricioromero86/mauricioromero86.github.io/releases/download/teaching-archive/EcoIV_20201_Lecture16.pdf","782352","FD65CD6FB31FDB70F8983D238B0766C4"
"EcoIV","20201","Lecture16_Notas.pdf","EcoIV_20201_Lecture16_Notas.pdf","https://github.com/mauricioromero86/mauricioromero86.github.io/releases/download/teaching-archive/EcoIV_20201_Lecture16_Notas.pdf","21847359","710FFD902368FC1C1E74D2A938E762A5"
"EcoIV","20201","Lecture17.pdf","EcoIV_20201_Lecture17.pdf","https://github.com/mauricioromero86/mauricioromero86.github.io/releases/download/teaching-archive/EcoIV_20201_Lecture17.pdf","541226","65ACD982EE4B7A77D7C77148C9DC9A52"
"EcoIV","20201","Lecture17_Notas.pdf","EcoIV_20201_Lecture17_Notas.pdf","https://github.com/mauricioromero86/mauricioromero86.github.io/releases/download/teaching-archive/EcoIV_20201_Lecture17_Notas.pdf","6437228","E41036A3A61A10F141D471CEBE4CEDFD"
"EcoIV","20201","Lecture18.pdf","EcoIV_20201_Lecture18.pdf","https://github.com/mauricioromero86/mauricioromero86.github.io/releases/download/teaching-archive/EcoIV_20201_Lecture18.pdf","1240592","028B02B65EAF10F19633ECA30BA08E1E"
"EcoIV","20201","Lecture18_Notas.pdf","EcoIV_20201_Lecture18_Notas.pdf","https://github.com/mauricioromero86/mauricioromero86.github.io/releases/download/teaching-archive/EcoIV_20201_Lecture18_Notas.pdf","14880568","76D3A07A1C4E07B67A71EAD180420623"
"EcoIV","20201","Lecture19.pdf","EcoIV_20201_Lecture19.pdf","https://github.com/mauricioromero86/mauricioromero86.github.io/releases/download/teaching-archive/EcoIV_20201_Lecture19.pdf","906282","F4FA816360F3A36EE9BF13C4BD7E25EE"
"EcoIV","20201","Lecture19_Notas.pdf","EcoIV_20201_Lecture19_Notas.pdf","https://github.com/mauricioromero86/mauricioromero86.github.io/releases/download/teaching-archive/EcoIV_20201_Lecture19_Notas.pdf","14673282","1856A821BF9ACE4570D9C4E836DE1734"
"EcoIV","20201","Lecture19_short.pdf","EcoIV_20201_Lecture19_short.pdf","https://github.com/mauricioromero86/mauricioromero86.github.io/releases/download/teaching-archive/EcoIV_20201_Lecture19_short.pdf","613200","2DC224B1FE8A5C6707AC6EE76EA637EE"
"EcoIV","20201","Lecture2.pdf","EcoIV_20192_Lecture2.pdf","https://github.com/mauricioromero86/mauricioromero86.github.io/releases/download/teaching-archive/EcoIV_20192_Lecture2.pdf","465196","7EAF3F418E0A7A594D1943396A7B7B60"
"EcoIV","20201","Lecture20.pdf","EcoIV_20201_Lecture20.pdf","https://github.com/mauricioromero86/mauricioromero86.github.io/releases/download/teaching-archive/EcoIV_20201_Lecture20.pdf","452171","BA51D60A76DC007F43EBC81039B3EFF8"
"EcoIV","20201","Lecture3.pdf","EcoIV_20192_Lecture3.pdf","https://github.com/mauricioromero86/mauricioromero86.github.io/releases/download/teaching-archive/EcoIV_20192_Lecture3.pdf","634666","01D15008A1774997ABD02D9A372FB9A0"
"EcoIV","20201","Lecture4.pdf","EcoIV_20201_Lecture4.pdf","https://github.com/mauricioromero86/mauricioromero86.github.io/releases/download/teaching-archive/EcoIV_20201_Lecture4.pdf","554798","5C991262F65615AB87C4F8397574B954"
"EcoIV","20201","Lecture5.pdf","EcoIV_20201_Lecture5.pdf","https://github.com/mauricioromero86/mauricioromero86.github.io/releases/download/teaching-archive/EcoIV_20201_Lecture5.pdf","534126","412BA573E193FBFA6A68F4CFF7C2CE68"
"EcoIV","20201","Lecture6.pdf","EcoIV_20201_Lecture6.pdf","https://github.com/mauricioromero86/mauricioromero86.github.io/releases/download/teaching-archive/EcoIV_20201_Lecture6.pdf","643989","CCC5A01EE8FEBCFE694DA288C67B3B38"
"EcoIV","20201","Lecture7.pdf","EcoIV_20201_Lecture7.pdf","https://github.com/mauricioromero86/mauricioromero86.github.io/releases/download/teaching-archive/EcoIV_20201_Lecture7.pdf","444988","10E42F973A044ABFDF6E5EF14D0BD0E2"
"EcoIV","20201","Lecture8.pdf","EcoIV_20201_Lecture8.pdf","https://github.com/mauricioromero86/mauricioromero86.github.io/releases/download/teaching-archive/EcoIV_20201_Lecture8.pdf","584181","262B2BD9B717565F202CEEE285873568"
"EcoIV","20201","Lecture9.pdf","EcoIV_20201_Lecture9.pdf","https://github.com/mauricioromero86/mauricioromero86.github.io/releases/download/teaching-archive/EcoIV_20201_Lecture9.pdf","496406","DA40560777239D3E9FF37D86195309EA"
"EcoIV","20201","Repaso_1_Finalv3.pdf","EcoIV_20201_Repaso_1_Finalv3.pdf","https://github.com/mauricioromero86/mauricioromero86.github.io/releases/download/teaching-archive/EcoIV_20201_Repaso_1_Finalv3.pdf","25504724","22E1F77ECD31B1171F88FACF9E893194"
"EcoIV","20201","Repaso_1_Parcial1.pdf","EcoIV_20201_Repaso_1_Parcial1.pdf","https://github.com/mauricioromero86/mauricioromero86.github.io/releases/download/teaching-archive/EcoIV_20201_Repaso_1_Parcial1.pdf","15746798","BFA6F4EB8FEA9F8BEC2722CB850D900A"
"EcoIV","20201","Repaso_1_Parcial2.pdf","EcoIV_20201_Repaso_1_Parcial2.pdf","https://github.com/mauricioromero86/mauricioromero86.github.io/releases/download/teaching-archive/EcoIV_20201_Repaso_1_Parcial2.pdf","18846477","59EB5A09F33410064FA91228B86A9D0B"
"EcoIV","20201","Repaso_2_Final.pdf","EcoIV_20201_Repaso_2_Final.pdf","https://github.com/mauricioromero86/mauricioromero86.github.io/releases/download/teaching-archive/EcoIV_20201_Repaso_2_Final.pdf","22297208","6118923DC59FB3747323F7474F16EF46"
"EcoIV","20201","Repaso_2_Parcial1.pdf","EcoIV_20201_Repaso_2_Parcial1.pdf","https://github.com/mauricioromero86/mauricioromero86.github.io/releases/download/teaching-archive/EcoIV_20201_Repaso_2_Parcial1.pdf","4846942","92301E32B511CA2AEC2A169331F4EDE4"
"EcoIV","20201","Repaso_2_Parcial2.pdf","EcoIV_20201_Repaso_2_Parcial2.pdf","https://github.com/mauricioromero86/mauricioromero86.github.io/releases/download/teaching-archive/EcoIV_20201_Repaso_2_Parcial2.pdf","10386866","4E9EEDA15585F2688A71D1D84B09E0AB"
"EcoIV","20201","Repaso_3_Final.pdf","EcoIV_20201_Repaso_3_Final.pdf","https://github.com/mauricioromero86/mauricioromero86.github.io/releases/download/teaching-archive/EcoIV_20201_Repaso_3_Final.pdf","16777216","E5DA9868D78E288AA6F64C6BD801D7D7"
"EcoIV","20201","Repaso_3_Parcial1.pdf","EcoIV_20201_Repaso_3_Parcial1.pdf","https://github.com/mauricioromero86/mauricioromero86.github.io/releases/download/teaching-archive/EcoIV_20201_Repaso_3_Parcial1.pdf","8041904","0A9B7FB6C701493EC28551AA4AC32345"
"EcoIV","20201","Repaso_3_Parcial2.pdf","EcoIV_20201_Repaso_3_Parcial2.pdf","https://github.com/mauricioromero86/mauricioromero86.github.io/releases/download/teaching-archive/EcoIV_20201_Repaso_3_Parcial2.pdf","18975966","26B207A5C1FD29F00A4AEA6CB0BB31BF"
"EcoIV","20201","Repaso_4_Parcial1.pdf","EcoIV_20201_Repaso_4_Parcial1.pdf","https://github.com/mauricioromero86/mauricioromero86.github.io/releases/download/teaching-archive/EcoIV_20201_Repaso_4_Parcial1.pdf","13631488","044F53C6E8A425C5FC05DD323E7C63EC"
"EcoIV","20201","Sept_2011_XI.pdf","EcoIV_20201_Sept_2011_XI.pdf","https://github.com/mauricioromero86/mauricioromero86.github.io/releases/download/teaching-archive/EcoIV_20201_Sept_2011_XI.pdf","654626","02025B21BAFA2454943592890D098041"
"EcoIV","20201","Solucion Parcial 1.pdf","EcoIV_20201_Solucion_Parcial_1.pdf","https://github.com/mauricioromero86/mauricioromero86.github.io/releases/download/teaching-archive/EcoIV_20201_Solucion_Parcial_1.pdf","6640808","607A69A577E77D2E4B27471837B43FD2"
"EcoIV","20201","SolucionParcial1.pdf","EcoIV_20201_SolucionParcial1.pdf","https://github.com/mauricioromero86/mauricioromero86.github.io/releases/download/teaching-archive/EcoIV_20201_SolucionParcial1.pdf","19249500","6EB73BD38AF2A52F0CC2A1E050B88D65"
"EcoIV","20201","SolucionParcial2.pdf","EcoIV_20201_SolucionParcial2.pdf","https://github.com/mauricioromero86/mauricioromero86.github.io/releases/download/teaching-archive/EcoIV_20201_SolucionParcial2.pdf","14963524","81C726FDFA601145A06DFCD5B0CAB7D5"
"EcoIV","20201","Solucion_Parcial_2_20192.pdf","EcoIV_20201_Solucion_Parcial_2_20192.pdf","https://github.com/mauricioromero86/mauricioromero86.github.io/releases/download/teaching-archive/EcoIV_20201_Solucion_Parcial_2_20192.pdf","15001482","1BF089F34E8F8F9F09D2F7A05C86164A"
"EcoIV","20201","Solucion_Parcial_2_20201.pdf","EcoIV_20201_Solucion_Parcial_2_20201.pdf","https://github.com/mauricioromero86/mauricioromero86.github.io/releases/download/teaching-archive/EcoIV_20201_Solucion_Parcial_2_20201.pdf","15013417","73118A3F6A59D2533CAFDD1FF3D4EE21"
"EcoIV","20201","Temario.pdf","EcoIV_20201_Temario.pdf","https://github.com/mauricioromero86/mauricioromero86.github.io/releases/download/teaching-archive/EcoIV_20201_Temario.pdf","69455","0FE9C88707F3CD9BD73474B106CC7160"
"EcoIV","20211","Lecture1.pdf","EcoIV_20192_Lecture1.pdf","https://github.com/mauricioromero86/mauricioromero86.github.io/releases/download/teaching-archive/EcoIV_20192_Lecture1.pdf","413739","9ECE71C320B6D3B43928267314F2B903"
"EcoIV","20211","Lecture10.pdf","EcoIV_20201_Lecture10.pdf","https://github.com/mauricioromero86/mauricioromero86.github.io/releases/download/teaching-archive/EcoIV_20201_Lecture10.pdf","557126","895F6F62A6B81C4B28901B0C66C86D49"
"EcoIV","20211","Lecture10_1.pdf","EcoIV_20211_Lecture10_1.pdf","https://github.com/mauricioromero86/mauricioromero86.github.io/releases/download/teaching-archive/EcoIV_20211_Lecture10_1.pdf","4507697","344A13B84220D480229F51A3210B31C5"
"EcoIV","20211","Lecture10_2.pdf","EcoIV_20211_Lecture10_2.pdf","https://github.com/mauricioromero86/mauricioromero86.github.io/releases/download/teaching-archive/EcoIV_20211_Lecture10_2.pdf","8170735","5C8EB764BB4C527098F27C28C38A734E"
"EcoIV","20211","Lecture11.pdf","EcoIV_20201_Lecture11.pdf","https://github.com/mauricioromero86/mauricioromero86.github.io/releases/download/teaching-archive/EcoIV_20201_Lecture11.pdf","807233","2345DA1AE2AAD3E4CA148A226C18377A"
"EcoIV","20211","Lecture11_1.pdf","EcoIV_20211_Lecture11_1.pdf","https://github.com/mauricioromero86/mauricioromero86.github.io/releases/download/teaching-archive/EcoIV_20211_Lecture11_1.pdf","9988185","8834248EFBD3161650DBB91C213FAE7F"
"EcoIV","20211","Lecture11_2.pdf","EcoIV_20211_Lecture11_2.pdf","https://github.com/mauricioromero86/mauricioromero86.github.io/releases/download/teaching-archive/EcoIV_20211_Lecture11_2.pdf","8137009","877AED9D41C47D46AD0B0684D3C24097"
"EcoIV","20211","Lecture12.pdf","EcoIV_20201_Lecture12.pdf","https://github.com/mauricioromero86/mauricioromero86.github.io/releases/download/teaching-archive/EcoIV_20201_Lecture12.pdf","967734","76D3DED3B6ACCA5001BEDE7A8777CD14"
"EcoIV","20211","Lecture12_1.pdf","EcoIV_20211_Lecture12_1.pdf","https://github.com/mauricioromero86/mauricioromero86.github.io/releases/download/teaching-archive/EcoIV_20211_Lecture12_1.pdf","11978585","FDD0DAC912834E40830A13EF6080FB93"
"EcoIV","20211","Lecture12_2.pdf","EcoIV_20211_Lecture12_2.pdf","https://github.com/mauricioromero86/mauricioromero86.github.io/releases/download/teaching-archive/EcoIV_20211_Lecture12_2.pdf","10406064","242B7FF702A67454AE5107ED08FDC0D7"
"EcoIV","20211","Lecture13.pdf","EcoIV_20201_Lecture13.pdf","https://github.com/mauricioromero86/mauricioromero86.github.io/releases/download/teaching-archive/EcoIV_20201_Lecture13.pdf","602681","88A123AF343DB76EB27207A2332D3FD0"
"EcoIV","20211","Lecture13_1.pdf","EcoIV_20211_Lecture13_1.pdf","https://github.com/mauricioromero86/mauricioromero86.github.io/releases/download/teaching-archive/EcoIV_20211_Lecture13_1.pdf","7291213","92D8359E27BE47E6623350BF8DBCDAB5"
"EcoIV","20211","Lecture13_2.pdf","EcoIV_20211_Lecture13_2.pdf","https://github.com/mauricioromero86/mauricioromero86.github.io/releases/download/teaching-archive/EcoIV_20211_Lecture13_2.pdf","8849365","BAB5123D657845B608AA943DC4C12F1D"
"EcoIV","20211","Lecture14.pdf","EcoIV_20201_Lecture14.pdf","https://github.com/mauricioromero86/mauricioromero86.github.io/releases/download/teaching-archive/EcoIV_20201_Lecture14.pdf","575556","AE13A03A33875DB1AB8FB751BEF12590"
"EcoIV","20211","Lecture14_1.pdf","EcoIV_20211_Lecture14_1.pdf","https://github.com/mauricioromero86/mauricioromero86.github.io/releases/download/teaching-archive/EcoIV_20211_Lecture14_1.pdf","7797997","D36ABC5E73173418AA62E14DCF6CC678"
"EcoIV","20211","Lecture14_2.pdf","EcoIV_20211_Lecture14_2.pdf","https://github.com/mauricioromero86/mauricioromero86.github.io/releases/download/teaching-archive/EcoIV_20211_Lecture14_2.pdf","7736000","D094FB0C36C7D11C920742356D76E561"
"EcoIV","20211","Lecture15.pdf","EcoIV_20201_Lecture15.pdf","https://github.com/mauricioromero86/mauricioromero86.github.io/releases/download/teaching-archive/EcoIV_20201_Lecture15.pdf","758101","5F45394AA9039A288CC02A7AED2E5B1A"
"EcoIV","20211","Lecture15_1.pdf","EcoIV_20211_Lecture15_1.pdf","https://github.com/mauricioromero86/mauricioromero86.github.io/releases/download/teaching-archive/EcoIV_20211_Lecture15_1.pdf","8132869","D76CB3741E3B498DA04B6235FE9E821D"
"EcoIV","20211","Lecture15_2.pdf","EcoIV_20211_Lecture15_2.pdf","https://github.com/mauricioromero86/mauricioromero86.github.io/releases/download/teaching-archive/EcoIV_20211_Lecture15_2.pdf","4844400","14B03C15B5404ADA9A16FF100B6660CC"
"EcoIV","20211","Lecture16.pdf","EcoIV_20201_Lecture16.pdf","https://github.com/mauricioromero86/mauricioromero86.github.io/releases/download/teaching-archive/EcoIV_20201_Lecture16.pdf","782352","FD65CD6FB31FDB70F8983D238B0766C4"
"EcoIV","20211","Lecture16_1.pdf","EcoIV_20211_Lecture16_1.pdf","https://github.com/mauricioromero86/mauricioromero86.github.io/releases/download/teaching-archive/EcoIV_20211_Lecture16_1.pdf","9590002","62E607DCB8D0E9F6F2050BDDBD6AA445"
"EcoIV","20211","Lecture16_2.pdf","EcoIV_20211_Lecture16_2.pdf","https://github.com/mauricioromero86/mauricioromero86.github.io/releases/download/teaching-archive/EcoIV_20211_Lecture16_2.pdf","14132459","EEC94047038F6E8812B3F39CF396B142"
"EcoIV","20211","Lecture17.pdf","EcoIV_20201_Lecture17.pdf","https://github.com/mauricioromero86/mauricioromero86.github.io/releases/download/teaching-archive/EcoIV_20201_Lecture17.pdf","541226","65ACD982EE4B7A77D7C77148C9DC9A52"
"EcoIV","20211","Lecture17_1.pdf","EcoIV_20211_Lecture17_1.pdf","https://github.com/mauricioromero86/mauricioromero86.github.io/releases/download/teaching-archive/EcoIV_20211_Lecture17_1.pdf","7341877","1D6CF29231E35F8B76FAAD2D35E85588"
"EcoIV","20211","Lecture18.pdf","EcoIV_20201_Lecture18.pdf","https://github.com/mauricioromero86/mauricioromero86.github.io/releases/download/teaching-archive/EcoIV_20201_Lecture18.pdf","1240592","028B02B65EAF10F19633ECA30BA08E1E"
"EcoIV","20211","Lecture18_1.pdf","EcoIV_20211_Lecture18_1.pdf","https://github.com/mauricioromero86/mauricioromero86.github.io/releases/download/teaching-archive/EcoIV_20211_Lecture18_1.pdf","12475771","8B0084A57AA37AB08520B36FF0E88EE5"
"EcoIV","20211","Lecture18_2.pdf","EcoIV_20211_Lecture18_2.pdf","https://github.com/mauricioromero86/mauricioromero86.github.io/releases/download/teaching-archive/EcoIV_20211_Lecture18_2.pdf","9427135","F4C3418BBA4929E35137BD23789E083D"
"EcoIV","20211","Lecture19.pdf","EcoIV_20201_Lecture19.pdf","https://github.com/mauricioromero86/mauricioromero86.github.io/releases/download/teaching-archive/EcoIV_20201_Lecture19.pdf","906282","F4FA816360F3A36EE9BF13C4BD7E25EE"
"EcoIV","20211","Lecture19_1.pdf","EcoIV_20211_Lecture19_1.pdf","https://github.com/mauricioromero86/mauricioromero86.github.io/releases/download/teaching-archive/EcoIV_20211_Lecture19_1.pdf","11189159","74CD67D18E91B71FE8C350C7214E3D19"
"EcoIV","20211","Lecture19_2.pdf","EcoIV_20211_Lecture19_2.pdf","https://github.com/mauricioromero86/mauricioromero86.github.io/releases/download/teaching-archive/EcoIV_20211_Lecture19_2.pdf","6849399","8B0D167D11BBBC24803DA50F46FE3874"
"EcoIV","20211","Lecture1_1.pdf","EcoIV_20211_Lecture1_1.pdf","https://github.com/mauricioromero86/mauricioromero86.github.io/releases/download/teaching-archive/EcoIV_20211_Lecture1_1.pdf","8281316","632F40BFEFB62FA7E50536E20430C740"
"EcoIV","20211","Lecture1_2.pdf","EcoIV_20211_Lecture1_2.pdf","https://github.com/mauricioromero86/mauricioromero86.github.io/releases/download/teaching-archive/EcoIV_20211_Lecture1_2.pdf","7208403","C315BBB239A7A56CE18CEA7561DDCFD3"
"EcoIV","20211","Lecture2.pdf","EcoIV_20192_Lecture2.pdf","https://github.com/mauricioromero86/mauricioromero86.github.io/releases/download/teaching-archive/EcoIV_20192_Lecture2.pdf","465196","7EAF3F418E0A7A594D1943396A7B7B60"
"EcoIV","20211","Lecture20.pdf","EcoIV_20201_Lecture20.pdf","https://github.com/mauricioromero86/mauricioromero86.github.io/releases/download/teaching-archive/EcoIV_20201_Lecture20.pdf","452171","BA51D60A76DC007F43EBC81039B3EFF8"
"EcoIV","20211","Lecture20_1.pdf","EcoIV_20211_Lecture20_1.pdf","https://github.com/mauricioromero86/mauricioromero86.github.io/releases/download/teaching-archive/EcoIV_20211_Lecture20_1.pdf","4177303","B9C4F8B64F02C272E03842BCE9AEBA54"
"EcoIV","20211","Lecture20_2.pdf","EcoIV_20211_Lecture20_2.pdf","https://github.com/mauricioromero86/mauricioromero86.github.io/releases/download/teaching-archive/EcoIV_20211_Lecture20_2.pdf","5101516","332BF04413B52945345441E8C64E8C23"
"EcoIV","20211","Lecture2_1.pdf","EcoIV_20211_Lecture2_1.pdf","https://github.com/mauricioromero86/mauricioromero86.github.io/releases/download/teaching-archive/EcoIV_20211_Lecture2_1.pdf","7371174","E7524DC66BBE105AF7C58B9AC5596008"
"EcoIV","20211","Lecture2_2.pdf","EcoIV_20211_Lecture2_2.pdf","https://github.com/mauricioromero86/mauricioromero86.github.io/releases/download/teaching-archive/EcoIV_20211_Lecture2_2.pdf","7650469","CCB3426F5BBA55E463295C4A581BD23E"
"EcoIV","20211","Lecture3.pdf","EcoIV_20192_Lecture3.pdf","https://github.com/mauricioromero86/mauricioromero86.github.io/releases/download/teaching-archive/EcoIV_20192_Lecture3.pdf","634666","01D15008A1774997ABD02D9A372FB9A0"
"EcoIV","20211","Lecture3_1.pdf","EcoIV_20211_Lecture3_1.pdf","https://github.com/mauricioromero86/mauricioromero86.github.io/releases/download/teaching-archive/EcoIV_20211_Lecture3_1.pdf","9430531","3ED69173C4683C1BFD956967BE86B45E"
"EcoIV","20211","Lecture3_2.pdf","EcoIV_20211_Lecture3_2.pdf","https://github.com/mauricioromero86/mauricioromero86.github.io/releases/download/teaching-archive/EcoIV_20211_Lecture3_2.pdf","7838162","1C4CAFA85E89D5D211B87471A3B56864"
"EcoIV","20211","Lecture4.pdf","EcoIV_20211_Lecture4.pdf","https://github.com/mauricioromero86/mauricioromero86.github.io/releases/download/teaching-archive/EcoIV_20211_Lecture4.pdf","554678","E7D1B87FA7B5B2C35C600B27F4749CA8"
"EcoIV","20211","Lecture4_1.pdf","EcoIV_20211_Lecture4_1.pdf","https://github.com/mauricioromero86/mauricioromero86.github.io/releases/download/teaching-archive/EcoIV_20211_Lecture4_1.pdf","6180524","88E60EF22C34E7316550924E5F60D71D"
"EcoIV","20211","Lecture4_2.pdf","EcoIV_20211_Lecture4_2.pdf","https://github.com/mauricioromero86/mauricioromero86.github.io/releases/download/teaching-archive/EcoIV_20211_Lecture4_2.pdf","8597511","712DDC9902A4490529ED1A7CAA621DBB"
"EcoIV","20211","Lecture5.pdf","EcoIV_20211_Lecture5.pdf","https://github.com/mauricioromero86/mauricioromero86.github.io/releases/download/teaching-archive/EcoIV_20211_Lecture5.pdf","534249","4447C8741576490AC48DE5D9E9DAC3EF"
"EcoIV","20211","Lecture5_1.pdf","EcoIV_20211_Lecture5_1.pdf","https://github.com/mauricioromero86/mauricioromero86.github.io/releases/download/teaching-archive/EcoIV_20211_Lecture5_1.pdf","9465716","108246CA6FF52C11B12DE1CA8DC2A5B5"
"EcoIV","20211","Lecture5_2.pdf","EcoIV_20211_Lecture5_2.pdf","https://github.com/mauricioromero86/mauricioromero86.github.io/releases/download/teaching-archive/EcoIV_20211_Lecture5_2.pdf","8854838","88D5071A84E9F163E9C1E6203CB1A0CC"
"EcoIV","20211","Lecture6.pdf","EcoIV_20211_Lecture6.pdf","https://github.com/mauricioromero86/mauricioromero86.github.io/releases/download/teaching-archive/EcoIV_20211_Lecture6.pdf","603191","0927AEF8B0A1C3EF53FB27DCE2935896"
"EcoIV","20211","Lecture6_1.pdf","EcoIV_20211_Lecture6_1.pdf","https://github.com/mauricioromero86/mauricioromero86.github.io/releases/download/teaching-archive/EcoIV_20211_Lecture6_1.pdf","6306565","BE89DADC4EF9D045D40E095D9F17D492"
"EcoIV","20211","Lecture6_2.pdf","EcoIV_20211_Lecture6_2.pdf","https://github.com/mauricioromero86/mauricioromero86.github.io/releases/download/teaching-archive/EcoIV_20211_Lecture6_2.pdf","5575654","6A3491DD2E56BA5DB5D7351623BC8928"
"EcoIV","20211","Lecture7.pdf","EcoIV_20201_Lecture7.pdf","https://github.com/mauricioromero86/mauricioromero86.github.io/releases/download/teaching-archive/EcoIV_20201_Lecture7.pdf","444988","10E42F973A044ABFDF6E5EF14D0BD0E2"
"EcoIV","20211","Lecture7_1.pdf","EcoIV_20211_Lecture7_1.pdf","https://github.com/mauricioromero86/mauricioromero86.github.io/releases/download/teaching-archive/EcoIV_20211_Lecture7_1.pdf","4047222","3440A01D20C3F548937132CD1DFF8F44"
"EcoIV","20211","Lecture7_2.pdf","EcoIV_20211_Lecture7_2.pdf","https://github.com/mauricioromero86/mauricioromero86.github.io/releases/download/teaching-archive/EcoIV_20211_Lecture7_2.pdf","5638367","D9BC79E1DA1F78278207DECAE5EB83A7"
"EcoIV","20211","Lecture8-9.pdf","EcoIV_20211_Lecture8-9.pdf","https://github.com/mauricioromero86/mauricioromero86.github.io/releases/download/teaching-archive/EcoIV_20211_Lecture8-9.pdf","581283","3D3ECB666D1C73C65EB2300D3D48E677"
"EcoIV","20211","Lecture8.pdf","EcoIV_20201_Lecture8.pdf","https://github.com/mauricioromero86/mauricioromero86.github.io/releases/download/teaching-archive/EcoIV_20201_Lecture8.pdf","584181","262B2BD9B717565F202CEEE285873568"
"EcoIV","20211","Lecture8_1.pdf","EcoIV_20211_Lecture8_1.pdf","https://github.com/mauricioromero86/mauricioromero86.github.io/releases/download/teaching-archive/EcoIV_20211_Lecture8_1.pdf","9242609","49E7D6AA10A34A8333B6E1DD3BDAB1EE"
"EcoIV","20211","Lecture8_2.pdf","EcoIV_20211_Lecture8_2.pdf","https://github.com/mauricioromero86/mauricioromero86.github.io/releases/download/teaching-archive/EcoIV_20211_Lecture8_2.pdf","8925092","F048D11E4E8F95884B16E950C17DFFF6"
"EcoIV","20211","Lecture9.pdf","EcoIV_20201_Lecture9.pdf","https://github.com/mauricioromero86/mauricioromero86.github.io/releases/download/teaching-archive/EcoIV_20201_Lecture9.pdf","496406","DA40560777239D3E9FF37D86195309EA"
"EcoIV","20211","RepasoFinalA_1.pdf","EcoIV_20211_RepasoFinalA_1.pdf","https://github.com/mauricioromero86/mauricioromero86.github.io/releases/download/teaching-archive/EcoIV_20211_RepasoFinalA_1.pdf","12681909","4CB6E511E8402B9A8D3617C7041665B3"
"EcoIV","20211","RepasoFinalA_2.pdf","EcoIV_20211_RepasoFinalA_2.pdf","https://github.com/mauricioromero86/mauricioromero86.github.io/releases/download/teaching-archive/EcoIV_20211_RepasoFinalA_2.pdf","5702217","D3689FB1E410647F6A9D547D0095C4CE"
"EcoIV","20211","RepasoFinalB_1.pdf","EcoIV_20211_RepasoFinalB_1.pdf","https://github.com/mauricioromero86/mauricioromero86.github.io/releases/download/teaching-archive/EcoIV_20211_RepasoFinalB_1.pdf","10119507","EC4792C022969A02D888C63CF687610A"
"EcoIV","20211","RepasoFinalB_2.pdf","EcoIV_20211_RepasoFinalB_2.pdf","https://github.com/mauricioromero86/mauricioromero86.github.io/releases/download/teaching-archive/EcoIV_20211_RepasoFinalB_2.pdf","2611248","A22B6BB6474981F0D85596161AC4C87B"
"EcoIV","20211","RepasoParcial_1A_1.pdf","EcoIV_20211_RepasoParcial_1A_1.pdf","https://github.com/mauricioromero86/mauricioromero86.github.io/releases/download/teaching-archive/EcoIV_20211_RepasoParcial_1A_1.pdf","4238537","BB4BB77140309AD0627421B822258875"
"EcoIV","20211","RepasoParcial_1A_2.pdf","EcoIV_20211_RepasoParcial_1A_2.pdf","https://github.com/mauricioromero86/mauricioromero86.github.io/releases/download/teaching-archive/EcoIV_20211_RepasoParcial_1A_2.pdf","3239497","872C01FB824E07167DB8AA4483C89BD6"
"EcoIV","20211","RepasoParcial_1B_1.pdf","EcoIV_20211_RepasoParcial_1B_1.pdf","https://github.com/mauricioromero86/mauricioromero86.github.io/releases/download/teaching-archive/EcoIV_20211_RepasoParcial_1B_1.pdf","8137570","BA1439500AE2D9EFA4C1F2002E821CF3"
"EcoIV","20211","RepasoParcial_1B_2.pdf","EcoIV_20211_RepasoParcial_1B_2.pdf","https://github.com/mauricioromero86/mauricioromero86.github.io/releases/download/teaching-archive/EcoIV_20211_RepasoParcial_1B_2.pdf","6019513","A188C4181A515E210D9A6D2229CB6487"
"EcoIV","20211","RepasoParcial_1C_1.pdf","EcoIV_20211_RepasoParcial_1C_1.pdf","https://github.com/mauricioromero86/mauricioromero86.github.io/releases/download/teaching-archive/EcoIV_20211_RepasoParcial_1C_1.pdf","8154469","9C2A35259EAF827C234913D3012BF83F"
"EcoIV","20211","RepasoParcial_1C_2.pdf","EcoIV_20211_RepasoParcial_1C_2.pdf","https://github.com/mauricioromero86/mauricioromero86.github.io/releases/download/teaching-archive/EcoIV_20211_RepasoParcial_1C_2.pdf","20711716","536D0C293DA09257DB3D690106F4CDFE"
"EcoIV","20211","RepasoParcial_1D_1.pdf","EcoIV_20211_RepasoParcial_1D_1.pdf","https://github.com/mauricioromero86/mauricioromero86.github.io/releases/download/teaching-archive/EcoIV_20211_RepasoParcial_1D_1.pdf","14926035","F34C00CA213A5FDF3479B526BE0123BB"
"EcoIV","20211","RepasoParcial_1D_2.pdf","EcoIV_20211_RepasoParcial_1D_2.pdf","https://github.com/mauricioromero86/mauricioromero86.github.io/releases/download/teaching-archive/EcoIV_20211_RepasoParcial_1D_2.pdf","1299041","2CE8D4A19E1FB156370800D9A52A5FD6"
"EcoIV","20211","RepasoParcial_2A_1.pdf","EcoIV_20211_RepasoParcial_2A_1.pdf","https://github.com/mauricioromero86/mauricioromero86.github.io/releases/download/teaching-archive/EcoIV_20211_RepasoParcial_2A_1.pdf","5558087","72130B8294CA90CEFB99ECAA40947161"
"EcoIV","20211","RepasoParcial_2A_2.pdf","EcoIV_20211_RepasoParcial_2A_2.pdf","https://github.com/mauricioromero86/mauricioromero86.github.io/releases/download/teaching-archive/EcoIV_20211_RepasoParcial_2A_2.pdf","4589936","E3A0E2677BBBD28C7E23385520E3BDB0"
"EcoIV","20211","RepasoParcial_2B_1.pdf","EcoIV_20211_RepasoParcial_2B_1.pdf","https://github.com/mauricioromero86/mauricioromero86.github.io/releases/download/teaching-archive/EcoIV_20211_RepasoParcial_2B_1.pdf","5121381","CE5EA511376C86153CBD825F545E90F6"
"EcoIV","20211","RepasoParcial_2B_2.pdf","EcoIV_20211_RepasoParcial_2B_2.pdf","https://github.com/mauricioromero86/mauricioromero86.github.io/releases/download/teaching-archive/EcoIV_20211_RepasoParcial_2B_2.pdf","3221945","A75C71914DE21CE5488EB4A36EE5A59F"
"EcoIV","20211","RepasoParcial_2C_1.pdf","EcoIV_20211_RepasoParcial_2C_1.pdf","https://github.com/mauricioromero86/mauricioromero86.github.io/releases/download/teaching-archive/EcoIV_20211_RepasoParcial_2C_1.pdf","10114166","31B31E40E9E76BDA4B4177842521B921"
"EcoIV","20211","RepasoParcial_2C_2.pdf","EcoIV_20211_RepasoParcial_2C_2.pdf","https://github.com/mauricioromero86/mauricioromero86.github.io/releases/download/teaching-archive/EcoIV_20211_RepasoParcial_2C_2.pdf","3562153","C9B60D428C629BF8A2D0AFE5B920C10B"
"EcoIV","20211","SolucionParcial2.pdf","EcoIV_20211_SolucionParcial2.pdf","https://github.com/mauricioromero86/mauricioromero86.github.io/releases/download/teaching-archive/EcoIV_20211_SolucionParcial2.pdf","4691824","0412F53DFE5CD55EA23DD25D182FF2A1"
"EcoIV","20211","SolucionParcialFeb2020_1.pdf","EcoIV_20211_SolucionParcialFeb2020_1.pdf","https://github.com/mauricioromero86/mauricioromero86.github.io/releases/download/teaching-archive/EcoIV_20211_SolucionParcialFeb2020_1.pdf","11405344","FB72DF20CA99A65C16AB6867A1EBCB15"
"EcoIV","20211","SolucionParcialFeb2020_2.pdf","EcoIV_20211_SolucionParcialFeb2020_2.pdf","https://github.com/mauricioromero86/mauricioromero86.github.io/releases/download/teaching-archive/EcoIV_20211_SolucionParcialFeb2020_2.pdf","12437702","CAD670717855A81B2B40F9DD4369490C"
"EcoIV","20211","Temario.pdf","EcoIV_20211_Temario.pdf","https://github.com/mauricioromero86/mauricioromero86.github.io/releases/download/teaching-archive/EcoIV_20211_Temario.pdf","69641","39DB291466F8664B4D14CB7B0ED1C78E"
"EcoIV","20221","Dic2021.pdf","EcoIV_20221_Dic2021.pdf","https://github.com/mauricioromero86/mauricioromero86.github.io/releases/download/teaching-archive/EcoIV_20221_Dic2021.pdf","11306073","13F12E53DB256F87820BD44C1D8617B4"
"EcoIV","20221","Lecture1.pdf","EcoIV_20221_Lecture1.pdf","https://github.com/mauricioromero86/mauricioromero86.github.io/releases/download/teaching-archive/EcoIV_20221_Lecture1.pdf","419118","E1C49296D4472572DD60E6BE342B1659"
"EcoIV","20221","Lecture10.pdf","EcoIV_20201_Lecture10.pdf","https://github.com/mauricioromero86/mauricioromero86.github.io/releases/download/teaching-archive/EcoIV_20201_Lecture10.pdf","557126","895F6F62A6B81C4B28901B0C66C86D49"
"EcoIV","20221","Lecture10_1.pdf","EcoIV_20221_Lecture10_1.pdf","https://github.com/mauricioromero86/mauricioromero86.github.io/releases/download/teaching-archive/EcoIV_20221_Lecture10_1.pdf","6694737","1F33C17B9766C5222D82DC18AC73E77B"
"EcoIV","20221","Lecture10_2.pdf","EcoIV_20221_Lecture10_2.pdf","https://github.com/mauricioromero86/mauricioromero86.github.io/releases/download/teaching-archive/EcoIV_20221_Lecture10_2.pdf","4304103","D9241B5B3F8B86F624F3EB467EA7ED89"
"EcoIV","20221","Lecture11.pdf","EcoIV_20221_Lecture11.pdf","https://github.com/mauricioromero86/mauricioromero86.github.io/releases/download/teaching-archive/EcoIV_20221_Lecture11.pdf","819032","5E297E46422CEDC1A76C1C0CC8DDF788"
"EcoIV","20221","Lecture11_1.pdf","EcoIV_20221_Lecture11_1.pdf","https://github.com/mauricioromero86/mauricioromero86.github.io/releases/download/teaching-archive/EcoIV_20221_Lecture11_1.pdf","7327994","45436DE3135A411017CCD797ECFD340C"
"EcoIV","20221","Lecture11_2.pdf","EcoIV_20221_Lecture11_2.pdf","https://github.com/mauricioromero86/mauricioromero86.github.io/releases/download/teaching-archive/EcoIV_20221_Lecture11_2.pdf","7025913","FD086089FA237E27F0684017397320FE"
"EcoIV","20221","Lecture12.pdf","EcoIV_20221_Lecture12.pdf","https://github.com/mauricioromero86/mauricioromero86.github.io/releases/download/teaching-archive/EcoIV_20221_Lecture12.pdf","883062","0320B6F242244480AD878628DDFEA60A"
"EcoIV","20221","Lecture12_1.pdf","EcoIV_20221_Lecture12_1.pdf","https://github.com/mauricioromero86/mauricioromero86.github.io/releases/download/teaching-archive/EcoIV_20221_Lecture12_1.pdf","6224084","8D8CDEBA02A4C46142A88B8093D916A1"
"EcoIV","20221","Lecture12_2.pdf","EcoIV_20221_Lecture12_2.pdf","https://github.com/mauricioromero86/mauricioromero86.github.io/releases/download/teaching-archive/EcoIV_20221_Lecture12_2.pdf","7112785","BF4ACDFC59434D10B10033AC9D7387F8"
"EcoIV","20221","Lecture13.pdf","EcoIV_20201_Lecture13.pdf","https://github.com/mauricioromero86/mauricioromero86.github.io/releases/download/teaching-archive/EcoIV_20201_Lecture13.pdf","602681","88A123AF343DB76EB27207A2332D3FD0"
"EcoIV","20221","Lecture13_1.pdf","EcoIV_20221_Lecture13_1.pdf","https://github.com/mauricioromero86/mauricioromero86.github.io/releases/download/teaching-archive/EcoIV_20221_Lecture13_1.pdf","6496315","1E4B34CBBE4D9498A3E16EF7F255DD63"
"EcoIV","20221","Lecture13_2.pdf","EcoIV_20221_Lecture13_2.pdf","https://github.com/mauricioromero86/mauricioromero86.github.io/releases/download/teaching-archive/EcoIV_20221_Lecture13_2.pdf","6796838","51A9407EFF849B67B0C3071F8753B4FA"
"EcoIV","20221","Lecture14.pdf","EcoIV_20201_Lecture14.pdf","https://github.com/mauricioromero86/mauricioromero86.github.io/releases/download/teaching-archive/EcoIV_20201_Lecture14.pdf","575556","AE13A03A33875DB1AB8FB751BEF12590"
"EcoIV","20221","Lecture14_1.pdf","EcoIV_20221_Lecture14_1.pdf","https://github.com/mauricioromero86/mauricioromero86.github.io/releases/download/teaching-archive/EcoIV_20221_Lecture14_1.pdf","3346771","96BD806F2434B64B56EBFEB7D006DCDC"
"EcoIV","20221","Lecture14_2.pdf","EcoIV_20221_Lecture14_2.pdf","https://github.com/mauricioromero86/mauricioromero86.github.io/releases/download/teaching-archive/EcoIV_20221_Lecture14_2.pdf","3364636","1C10A12F3AF70F681FF81BFF02961220"
"EcoIV","20221","Lecture15.pdf","EcoIV_20201_Lecture15.pdf","https://github.com/mauricioromero86/mauricioromero86.github.io/releases/download/teaching-archive/EcoIV_20201_Lecture15.pdf","758101","5F45394AA9039A288CC02A7AED2E5B1A"
"EcoIV","20221","Lecture15_1.pdf","EcoIV_20221_Lecture15_1.pdf","https://github.com/mauricioromero86/mauricioromero86.github.io/releases/download/teaching-archive/EcoIV_20221_Lecture15_1.pdf","5177950","030F9823E616264EEE9E987D652441F8"
"EcoIV","20221","Lecture15_2.pdf","EcoIV_20221_Lecture15_2.pdf","https://github.com/mauricioromero86/mauricioromero86.github.io/releases/download/teaching-archive/EcoIV_20221_Lecture15_2.pdf","4547561","CDD2725550F6BE5CB467A7593EB45EAF"
"EcoIV","20221","Lecture16.pdf","EcoIV_20201_Lecture16.pdf","https://github.com/mauricioromero86/mauricioromero86.github.io/releases/download/teaching-archive/EcoIV_20201_Lecture16.pdf","782352","FD65CD6FB31FDB70F8983D238B0766C4"
"EcoIV","20221","Lecture16_1.pdf","EcoIV_20221_Lecture16_1.pdf","https://github.com/mauricioromero86/mauricioromero86.github.io/releases/download/teaching-archive/EcoIV_20221_Lecture16_1.pdf","10546427","12344F536D7DE089A2A83F7B33FDFE15"
"EcoIV","20221","Lecture16_2.pdf","EcoIV_20221_Lecture16_2.pdf","https://github.com/mauricioromero86/mauricioromero86.github.io/releases/download/teaching-archive/EcoIV_20221_Lecture16_2.pdf","12278114","7095F3C54E0CFD1A42F85B1644A6224A"
"EcoIV","20221","Lecture17.pdf","EcoIV_20201_Lecture17.pdf","https://github.com/mauricioromero86/mauricioromero86.github.io/releases/download/teaching-archive/EcoIV_20201_Lecture17.pdf","541226","65ACD982EE4B7A77D7C77148C9DC9A52"
"EcoIV","20221","Lecture17_1.pdf","EcoIV_20221_Lecture17_1.pdf","https://github.com/mauricioromero86/mauricioromero86.github.io/releases/download/teaching-archive/EcoIV_20221_Lecture17_1.pdf","6531336","4C8C535FA2255A557F89789285B3B905"
"EcoIV","20221","Lecture17_2.pdf","EcoIV_20221_Lecture17_2.pdf","https://github.com/mauricioromero86/mauricioromero86.github.io/releases/download/teaching-archive/EcoIV_20221_Lecture17_2.pdf","4627029","C3FC90E30666D60B0BB5CA178B105D10"
"EcoIV","20221","Lecture18.pdf","EcoIV_20201_Lecture18.pdf","https://github.com/mauricioromero86/mauricioromero86.github.io/releases/download/teaching-archive/EcoIV_20201_Lecture18.pdf","1240592","028B02B65EAF10F19633ECA30BA08E1E"
"EcoIV","20221","Lecture18_1.pdf","EcoIV_20221_Lecture18_1.pdf","https://github.com/mauricioromero86/mauricioromero86.github.io/releases/download/teaching-archive/EcoIV_20221_Lecture18_1.pdf","9357591","679CFE0D272D3650F1B27D42170A22A0"
"EcoIV","20221","Lecture18_2.pdf","EcoIV_20221_Lecture18_2.pdf","https://github.com/mauricioromero86/mauricioromero86.github.io/releases/download/teaching-archive/EcoIV_20221_Lecture18_2.pdf","12980502","D652AD26EBA3B7097E5FF993A362CB9E"
"EcoIV","20221","Lecture19.pdf","EcoIV_20201_Lecture19.pdf","https://github.com/mauricioromero86/mauricioromero86.github.io/releases/download/teaching-archive/EcoIV_20201_Lecture19.pdf","906282","F4FA816360F3A36EE9BF13C4BD7E25EE"
"EcoIV","20221","Lecture19_1.pdf","EcoIV_20221_Lecture19_1.pdf","https://github.com/mauricioromero86/mauricioromero86.github.io/releases/download/teaching-archive/EcoIV_20221_Lecture19_1.pdf","9919081","DC4B26995260250399D9DD1D8E567CC1"
"EcoIV","20221","Lecture19_2.pdf","EcoIV_20221_Lecture19_2.pdf","https://github.com/mauricioromero86/mauricioromero86.github.io/releases/download/teaching-archive/EcoIV_20221_Lecture19_2.pdf","9096542","DF2C97CD988E270D9C8AC9AFEE3FBB8E"
"EcoIV","20221","Lecture19_short.pdf","EcoIV_20201_Lecture19_short.pdf","https://github.com/mauricioromero86/mauricioromero86.github.io/releases/download/teaching-archive/EcoIV_20201_Lecture19_short.pdf","613200","2DC224B1FE8A5C6707AC6EE76EA637EE"
"EcoIV","20221","Lecture1_1.pdf","EcoIV_20221_Lecture1_1.pdf","https://github.com/mauricioromero86/mauricioromero86.github.io/releases/download/teaching-archive/EcoIV_20221_Lecture1_1.pdf","9228954","1DEAE969FA02FBC3D0BC3A5789058510"
"EcoIV","20221","Lecture1_2.pdf","EcoIV_20221_Lecture1_2.pdf","https://github.com/mauricioromero86/mauricioromero86.github.io/releases/download/teaching-archive/EcoIV_20221_Lecture1_2.pdf","6836877","40DC3E5F11EEDCB0600C6707A731DB5A"
"EcoIV","20221","Lecture2.pdf","EcoIV_20221_Lecture2.pdf","https://github.com/mauricioromero86/mauricioromero86.github.io/releases/download/teaching-archive/EcoIV_20221_Lecture2.pdf","479586","9FDE844CA9A96DFD82150317B1A7AFBC"
"EcoIV","20221","Lecture20.pdf","EcoIV_20201_Lecture20.pdf","https://github.com/mauricioromero86/mauricioromero86.github.io/releases/download/teaching-archive/EcoIV_20201_Lecture20.pdf","452171","BA51D60A76DC007F43EBC81039B3EFF8"
"EcoIV","20221","Lecture20_1.pdf","EcoIV_20221_Lecture20_1.pdf","https://github.com/mauricioromero86/mauricioromero86.github.io/releases/download/teaching-archive/EcoIV_20221_Lecture20_1.pdf","6419416","009C853F34C4D5D6BF5A2FFAAB9C1623"
"EcoIV","20221","Lecture20_2.pdf","EcoIV_20221_Lecture20_2.pdf","https://github.com/mauricioromero86/mauricioromero86.github.io/releases/download/teaching-archive/EcoIV_20221_Lecture20_2.pdf","6281443","A64ED35EE13027E60738821A11939EAE"
"EcoIV","20221","Lecture2_1.pdf","EcoIV_20221_Lecture2_1.pdf","https://github.com/mauricioromero86/mauricioromero86.github.io/releases/download/teaching-archive/EcoIV_20221_Lecture2_1.pdf","5349499","16A009EA567FC5A7E59CC507FA529CF7"
"EcoIV","20221","Lecture2_2.pdf","EcoIV_20221_Lecture2_2.pdf","https://github.com/mauricioromero86/mauricioromero86.github.io/releases/download/teaching-archive/EcoIV_20221_Lecture2_2.pdf","6752020","665D54C2B969F376C534FE2BFB34BE9A"
"EcoIV","20221","Lecture3.pdf","EcoIV_20221_Lecture3.pdf","https://github.com/mauricioromero86/mauricioromero86.github.io/releases/download/teaching-archive/EcoIV_20221_Lecture3.pdf","650388","9E6A4BDCE6B5E7BA6FD5DAAF7BF9955B"
"EcoIV","20221","Lecture3_1.pdf","EcoIV_20221_Lecture3_1.pdf","https://github.com/mauricioromero86/mauricioromero86.github.io/releases/download/teaching-archive/EcoIV_20221_Lecture3_1.pdf","16523633","964BAC10C2FF61EFBF57465AEB59A9C9"
"EcoIV","20221","Lecture3_2.pdf","EcoIV_20221_Lecture3_2.pdf","https://github.com/mauricioromero86/mauricioromero86.github.io/releases/download/teaching-archive/EcoIV_20221_Lecture3_2.pdf","16789212","9991BC21256854E30FF5954110106795"
"EcoIV","20221","Lecture4.pdf","EcoIV_20211_Lecture4.pdf","https://github.com/mauricioromero86/mauricioromero86.github.io/releases/download/teaching-archive/EcoIV_20211_Lecture4.pdf","554678","E7D1B87FA7B5B2C35C600B27F4749CA8"
"EcoIV","20221","Lecture4_1.pdf","EcoIV_20221_Lecture4_1.pdf","https://github.com/mauricioromero86/mauricioromero86.github.io/releases/download/teaching-archive/EcoIV_20221_Lecture4_1.pdf","3281623","70BF050ED0ADA1E1D1347D3648F4C8CE"
"EcoIV","20221","Lecture4_2.pdf","EcoIV_20221_Lecture4_2.pdf","https://github.com/mauricioromero86/mauricioromero86.github.io/releases/download/teaching-archive/EcoIV_20221_Lecture4_2.pdf","3314798","2718EDAED7D22F05EBAF393384B1ED60"
"EcoIV","20221","Lecture5.pdf","EcoIV_20211_Lecture5.pdf","https://github.com/mauricioromero86/mauricioromero86.github.io/releases/download/teaching-archive/EcoIV_20211_Lecture5.pdf","534249","4447C8741576490AC48DE5D9E9DAC3EF"
"EcoIV","20221","Lecture5_1.pdf","EcoIV_20221_Lecture5_1.pdf","https://github.com/mauricioromero86/mauricioromero86.github.io/releases/download/teaching-archive/EcoIV_20221_Lecture5_1.pdf","6029817","6D5EE0CC626DC2B6AD890BD3C1B43D05"
"EcoIV","20221","Lecture5_2.pdf","EcoIV_20221_Lecture5_2.pdf","https://github.com/mauricioromero86/mauricioromero86.github.io/releases/download/teaching-archive/EcoIV_20221_Lecture5_2.pdf","3768757","43BBDABE38A4C59AD4A57F0E5C936E34"
"EcoIV","20221","Lecture6.pdf","EcoIV_20211_Lecture6.pdf","https://github.com/mauricioromero86/mauricioromero86.github.io/releases/download/teaching-archive/EcoIV_20211_Lecture6.pdf","603191","0927AEF8B0A1C3EF53FB27DCE2935896"
"EcoIV","20221","Lecture6_1.pdf","EcoIV_20221_Lecture6_1.pdf","https://github.com/mauricioromero86/mauricioromero86.github.io/releases/download/teaching-archive/EcoIV_20221_Lecture6_1.pdf","1504818","7312BD325BABF1B5C063D6AF1618EEB2"
"EcoIV","20221","Lecture6_2.pdf","EcoIV_20221_Lecture6_2.pdf","https://github.com/mauricioromero86/mauricioromero86.github.io/releases/download/teaching-archive/EcoIV_20221_Lecture6_2.pdf","1421133","4FC3643EDF6A81312D507C33ACC70EFF"
"EcoIV","20221","Lecture7.pdf","EcoIV_20201_Lecture7.pdf","https://github.com/mauricioromero86/mauricioromero86.github.io/releases/download/teaching-archive/EcoIV_20201_Lecture7.pdf","444988","10E42F973A044ABFDF6E5EF14D0BD0E2"
"EcoIV","20221","Lecture7_1.pdf","EcoIV_20221_Lecture7_1.pdf","https://github.com/mauricioromero86/mauricioromero86.github.io/releases/download/teaching-archive/EcoIV_20221_Lecture7_1.pdf","1291670","F332C4A94C95BCC5B2ED6A7996AFD8B1"
"EcoIV","20221","Lecture7_2.pdf","EcoIV_20221_Lecture7_2.pdf","https://github.com/mauricioromero86/mauricioromero86.github.io/releases/download/teaching-archive/EcoIV_20221_Lecture7_2.pdf","940974","D970804472C66AA21FF81492CD35D336"
"EcoIV","20221","Lecture8-9.pdf","EcoIV_20211_Lecture8-9.pdf","https://github.com/mauricioromero86/mauricioromero86.github.io/releases/download/teaching-archive/EcoIV_20211_Lecture8-9.pdf","581283","3D3ECB666D1C73C65EB2300D3D48E677"
"EcoIV","20221","Lecture8-9_1.pdf","EcoIV_20221_Lecture8-9_1.pdf","https://github.com/mauricioromero86/mauricioromero86.github.io/releases/download/teaching-archive/EcoIV_20221_Lecture8-9_1.pdf","8202442","A42EE0C720BC2887ED7EF9A49A2F35A6"
"EcoIV","20221","Lecture8-9_2.pdf","EcoIV_20221_Lecture8-9_2.pdf","https://github.com/mauricioromero86/mauricioromero86.github.io/releases/download/teaching-archive/EcoIV_20221_Lecture8-9_2.pdf","6603822","6262200F69BC2A50826FCB160C61A20F"
"EcoIV","20221","RepasoParcial_1A_1.pdf","EcoIV_20221_RepasoParcial_1A_1.pdf","https://github.com/mauricioromero86/mauricioromero86.github.io/releases/download/teaching-archive/EcoIV_20221_RepasoParcial_1A_1.pdf","8678870","C26B3AB3D033008406B2B7DB5EEB7DDD"
"EcoIV","20221","RepasoParcial_1A_2.pdf","EcoIV_20221_RepasoParcial_1A_2.pdf","https://github.com/mauricioromero86/mauricioromero86.github.io/releases/download/teaching-archive/EcoIV_20221_RepasoParcial_1A_2.pdf","4674222","DC6E70CF118B3BC91E723378D51D6497"
"EcoIV","20221","RepasoParcial_1B_1.pdf","EcoIV_20221_RepasoParcial_1B_1.pdf","https://github.com/mauricioromero86/mauricioromero86.github.io/releases/download/teaching-archive/EcoIV_20221_RepasoParcial_1B_1.pdf","10197768","CDE61FBCB5161DECA76064A9BF542BA9"
"EcoIV","20221","RepasoParcial_1B_2.pdf","EcoIV_20221_RepasoParcial_1B_2.pdf","https://github.com/mauricioromero86/mauricioromero86.github.io/releases/download/teaching-archive/EcoIV_20221_RepasoParcial_1B_2.pdf","8580999","7E327E8C828CCB83638997DA52C844B5"
"EcoIV","20221","RepasoParcial_2A_1.pdf","EcoIV_20221_RepasoParcial_2A_1.pdf","https://github.com/mauricioromero86/mauricioromero86.github.io/releases/download/teaching-archive/EcoIV_20221_RepasoParcial_2A_1.pdf","11409158","6246D969C79806625D62DB6F836BFD38"
"EcoIV","20221","RepasoParcial_2A_2.pdf","EcoIV_20221_RepasoParcial_2A_2.pdf","https://github.com/mauricioromero86/mauricioromero86.github.io/releases/download/teaching-archive/EcoIV_20221_RepasoParcial_2A_2.pdf","2087948","8912322F00E1359D5765AB831F057067"
"EcoIV","20221","RepasoParcial_2B_1.pdf","EcoIV_20221_RepasoParcial_2B_1.pdf","https://github.com/mauricioromero86/mauricioromero86.github.io/releases/download/teaching-archive/EcoIV_20221_RepasoParcial_2B_1.pdf","7623544","0D197C2AB57D623F3A964D27682BFAFF"
"EcoIV","20221","RepasoParcial_2B_2.pdf","EcoIV_20221_RepasoParcial_2B_2.pdf","https://github.com/mauricioromero86/mauricioromero86.github.io/releases/download/teaching-archive/EcoIV_20221_RepasoParcial_2B_2.pdf","3212449","42F846E2BE4AC092A5F0878FCCB52417"
"EcoIV","20221","RepasoParcial_2C_1.pdf","EcoIV_20221_RepasoParcial_2C_1.pdf","https://github.com/mauricioromero86/mauricioromero86.github.io/releases/download/teaching-archive/EcoIV_20221_RepasoParcial_2C_1.pdf","7524623","31B9AB74D0A1BE699DA25E85D693E153"
"EcoIV","20221","RepasoParcial_2C_2.pdf","EcoIV_20221_RepasoParcial_2C_2.pdf","https://github.com/mauricioromero86/mauricioromero86.github.io/releases/download/teaching-archive/EcoIV_20221_RepasoParcial_2C_2.pdf","5202981","72C4477133C2ADE38A9760647F82519A"
"EcoIV","20221","SolucionDic2021.pdf","EcoIV_20221_SolucionDic2021.pdf","https://github.com/mauricioromero86/mauricioromero86.github.io/releases/download/teaching-archive/EcoIV_20221_SolucionDic2021.pdf","11236401","6C8FDB3CB21C7BE237D9E953BEC346B7"
"EcoIV","20221","Temario.pdf","EcoIV_20221_Temario.pdf","https://github.com/mauricioromero86/mauricioromero86.github.io/releases/download/teaching-archive/EcoIV_20221_Temario.pdf","68094","597A8D265FFA000167026DF0C6EA0F13"
"EcoIV","20231","Lecture1.pdf","EcoIV_20221_Lecture1.pdf","https://github.com/mauricioromero86/mauricioromero86.github.io/releases/download/teaching-archive/EcoIV_20221_Lecture1.pdf","419118","E1C49296D4472572DD60E6BE342B1659"
"EcoIV","20231","Lecture10.pdf","EcoIV_20201_Lecture10.pdf","https://github.com/mauricioromero86/mauricioromero86.github.io/releases/download/teaching-archive/EcoIV_20201_Lecture10.pdf","557126","895F6F62A6B81C4B28901B0C66C86D49"
"EcoIV","20231","Lecture10_1.pdf","EcoIV_20231_Lecture10_1.pdf","https://github.com/mauricioromero86/mauricioromero86.github.io/releases/download/teaching-archive/EcoIV_20231_Lecture10_1.pdf","10308038","D90A659AF79ACCF81DCF4591333141F1"
"EcoIV","20231","Lecture11.pdf","EcoIV_20221_Lecture11.pdf","https://github.com/mauricioromero86/mauricioromero86.github.io/releases/download/teaching-archive/EcoIV_20221_Lecture11.pdf","819032","5E297E46422CEDC1A76C1C0CC8DDF788"
"EcoIV","20231","Lecture11_1.pdf","EcoIV_20231_Lecture11_1.pdf","https://github.com/mauricioromero86/mauricioromero86.github.io/releases/download/teaching-archive/EcoIV_20231_Lecture11_1.pdf","11871918","47D3FC4A9425C38398EC906A57FBBC17"
"EcoIV","20231","Lecture12.pdf","EcoIV_20221_Lecture12.pdf","https://github.com/mauricioromero86/mauricioromero86.github.io/releases/download/teaching-archive/EcoIV_20221_Lecture12.pdf","883062","0320B6F242244480AD878628DDFEA60A"
"EcoIV","20231","Lecture12_1.pdf","EcoIV_20231_Lecture12_1.pdf","https://github.com/mauricioromero86/mauricioromero86.github.io/releases/download/teaching-archive/EcoIV_20231_Lecture12_1.pdf","13241902","7E36263E3B96FFA4A7A05EFEE9E511C2"
"EcoIV","20231","Lecture13.pdf","EcoIV_20201_Lecture13.pdf","https://github.com/mauricioromero86/mauricioromero86.github.io/releases/download/teaching-archive/EcoIV_20201_Lecture13.pdf","602681","88A123AF343DB76EB27207A2332D3FD0"
"EcoIV","20231","Lecture13_1.pdf","EcoIV_20231_Lecture13_1.pdf","https://github.com/mauricioromero86/mauricioromero86.github.io/releases/download/teaching-archive/EcoIV_20231_Lecture13_1.pdf","15135274","2EB16E262B0770F7E99771E4A383DAE4"
"EcoIV","20231","Lecture14.pdf","EcoIV_20201_Lecture14.pdf","https://github.com/mauricioromero86/mauricioromero86.github.io/releases/download/teaching-archive/EcoIV_20201_Lecture14.pdf","575556","AE13A03A33875DB1AB8FB751BEF12590"
"EcoIV","20231","Lecture14_1.pdf","EcoIV_20231_Lecture14_1.pdf","https://github.com/mauricioromero86/mauricioromero86.github.io/releases/download/teaching-archive/EcoIV_20231_Lecture14_1.pdf","3270188","7195CBB3C9BFDD4EF2D108738ACF3EC6"
"EcoIV","20231","Lecture15.pdf","EcoIV_20201_Lecture15.pdf","https://github.com/mauricioromero86/mauricioromero86.github.io/releases/download/teaching-archive/EcoIV_20201_Lecture15.pdf","758101","5F45394AA9039A288CC02A7AED2E5B1A"
"EcoIV","20231","Lecture15_1.pdf","EcoIV_20231_Lecture15_1.pdf","https://github.com/mauricioromero86/mauricioromero86.github.io/releases/download/teaching-archive/EcoIV_20231_Lecture15_1.pdf","6168342","14C75767E02C0250A977CB1E00D2E08E"
"EcoIV","20231","Lecture16.pdf","EcoIV_20201_Lecture16.pdf","https://github.com/mauricioromero86/mauricioromero86.github.io/releases/download/teaching-archive/EcoIV_20201_Lecture16.pdf","782352","FD65CD6FB31FDB70F8983D238B0766C4"
"EcoIV","20231","Lecture16_1.pdf","EcoIV_20231_Lecture16_1.pdf","https://github.com/mauricioromero86/mauricioromero86.github.io/releases/download/teaching-archive/EcoIV_20231_Lecture16_1.pdf","6037175","C0637EA6AE624332AB0AB8A0B926F4ED"
"EcoIV","20231","Lecture17.pdf","EcoIV_20201_Lecture17.pdf","https://github.com/mauricioromero86/mauricioromero86.github.io/releases/download/teaching-archive/EcoIV_20201_Lecture17.pdf","541226","65ACD982EE4B7A77D7C77148C9DC9A52"
"EcoIV","20231","Lecture18.pdf","EcoIV_20201_Lecture18.pdf","https://github.com/mauricioromero86/mauricioromero86.github.io/releases/download/teaching-archive/EcoIV_20201_Lecture18.pdf","1240592","028B02B65EAF10F19633ECA30BA08E1E"
"EcoIV","20231","Lecture19.pdf","EcoIV_20201_Lecture19.pdf","https://github.com/mauricioromero86/mauricioromero86.github.io/releases/download/teaching-archive/EcoIV_20201_Lecture19.pdf","906282","F4FA816360F3A36EE9BF13C4BD7E25EE"
"EcoIV","20231","Lecture19_short.pdf","EcoIV_20201_Lecture19_short.pdf","https://github.com/mauricioromero86/mauricioromero86.github.io/releases/download/teaching-archive/EcoIV_20201_Lecture19_short.pdf","613200","2DC224B1FE8A5C6707AC6EE76EA637EE"
"EcoIV","20231","Lecture1_1.pdf","EcoIV_20231_Lecture1_1.pdf","https://github.com/mauricioromero86/mauricioromero86.github.io/releases/download/teaching-archive/EcoIV_20231_Lecture1_1.pdf","7395931","6F5FC6D2F3E678E27BD1A86E6BD62641"
"EcoIV","20231","Lecture2.pdf","EcoIV_20221_Lecture2.pdf","https://github.com/mauricioromero86/mauricioromero86.github.io/releases/download/teaching-archive/EcoIV_20221_Lecture2.pdf","479586","9FDE844CA9A96DFD82150317B1A7AFBC"
"EcoIV","20231","Lecture20.pdf","EcoIV_20201_Lecture20.pdf","https://github.com/mauricioromero86/mauricioromero86.github.io/releases/download/teaching-archive/EcoIV_20201_Lecture20.pdf","452171","BA51D60A76DC007F43EBC81039B3EFF8"
"EcoIV","20231","Lecture2_1.pdf","EcoIV_20231_Lecture2_1.pdf","https://github.com/mauricioromero86/mauricioromero86.github.io/releases/download/teaching-archive/EcoIV_20231_Lecture2_1.pdf","13590653","11EA75740BE05A1BF5EE064BD66CD892"
"EcoIV","20231","Lecture3.pdf","EcoIV_20221_Lecture3.pdf","https://github.com/mauricioromero86/mauricioromero86.github.io/releases/download/teaching-archive/EcoIV_20221_Lecture3.pdf","650388","9E6A4BDCE6B5E7BA6FD5DAAF7BF9955B"
"EcoIV","20231","Lecture3_1.pdf","EcoIV_20231_Lecture3_1.pdf","https://github.com/mauricioromero86/mauricioromero86.github.io/releases/download/teaching-archive/EcoIV_20231_Lecture3_1.pdf","20006174","21A6344295B1C84A938F55E639E13274"
"EcoIV","20231","Lecture4.pdf","EcoIV_20211_Lecture4.pdf","https://github.com/mauricioromero86/mauricioromero86.github.io/releases/download/teaching-archive/EcoIV_20211_Lecture4.pdf","554678","E7D1B87FA7B5B2C35C600B27F4749CA8"
"EcoIV","20231","Lecture4_1.pdf","EcoIV_20231_Lecture4_1.pdf","https://github.com/mauricioromero86/mauricioromero86.github.io/releases/download/teaching-archive/EcoIV_20231_Lecture4_1.pdf","14506718","FB954679FD7649E7EC5422A4816B30EF"
"EcoIV","20231","Lecture5.pdf","EcoIV_20211_Lecture5.pdf","https://github.com/mauricioromero86/mauricioromero86.github.io/releases/download/teaching-archive/EcoIV_20211_Lecture5.pdf","534249","4447C8741576490AC48DE5D9E9DAC3EF"
"EcoIV","20231","Lecture5_1.pdf","EcoIV_20231_Lecture5_1.pdf","https://github.com/mauricioromero86/mauricioromero86.github.io/releases/download/teaching-archive/EcoIV_20231_Lecture5_1.pdf","16981560","A6877B492EBA01D8D0EC89F642D86E51"
"EcoIV","20231","Lecture6.pdf","EcoIV_20211_Lecture6.pdf","https://github.com/mauricioromero86/mauricioromero86.github.io/releases/download/teaching-archive/EcoIV_20211_Lecture6.pdf","603191","0927AEF8B0A1C3EF53FB27DCE2935896"
"EcoIV","20231","Lecture6_1.pdf","EcoIV_20231_Lecture6_1.pdf","https://github.com/mauricioromero86/mauricioromero86.github.io/releases/download/teaching-archive/EcoIV_20231_Lecture6_1.pdf","12598759","A08879542BF43A263186360AFF84B9C0"
"EcoIV","20231","Lecture7.pdf","EcoIV_20201_Lecture7.pdf","https://github.com/mauricioromero86/mauricioromero86.github.io/releases/download/teaching-archive/EcoIV_20201_Lecture7.pdf","444988","10E42F973A044ABFDF6E5EF14D0BD0E2"
"EcoIV","20231","Lecture7_1.pdf","EcoIV_20231_Lecture7_1.pdf","https://github.com/mauricioromero86/mauricioromero86.github.io/releases/download/teaching-archive/EcoIV_20231_Lecture7_1.pdf","10888707","E29C97181799CCAC63B3A6C9C1008E63"
"EcoIV","20231","Lecture8-9.pdf","EcoIV_20211_Lecture8-9.pdf","https://github.com/mauricioromero86/mauricioromero86.github.io/releases/download/teaching-archive/EcoIV_20211_Lecture8-9.pdf","581283","3D3ECB666D1C73C65EB2300D3D48E677"
"EcoIV","20231","Lecture8.pdf","EcoIV_20201_Lecture8.pdf","https://github.com/mauricioromero86/mauricioromero86.github.io/releases/download/teaching-archive/EcoIV_20201_Lecture8.pdf","584181","262B2BD9B717565F202CEEE285873568"
"EcoIV","20231","Lecture8_9_1.pdf","EcoIV_20231_Lecture8_9_1.pdf","https://github.com/mauricioromero86/mauricioromero86.github.io/releases/download/teaching-archive/EcoIV_20231_Lecture8_9_1.pdf","12895191","E632A3CD563C7E437AA26BACBA9D0D43"
"EcoIV","20231","Lecture9.pdf","EcoIV_20201_Lecture9.pdf","https://github.com/mauricioromero86/mauricioromero86.github.io/releases/download/teaching-archive/EcoIV_20201_Lecture9.pdf","496406","DA40560777239D3E9FF37D86195309EA"
"EcoIV","20231","Quiz1_2022.pdf","EcoIV_20231_Quiz1_2022.pdf","https://github.com/mauricioromero86/mauricioromero86.github.io/releases/download/teaching-archive/EcoIV_20231_Quiz1_2022.pdf","8931096","5DB0A06FCD765F740725A5438A07AB7A"
"EcoIV","20231","Repaso_Parcial2_1.pdf","EcoIV_20231_Repaso_Parcial2_1.pdf","https://github.com/mauricioromero86/mauricioromero86.github.io/releases/download/teaching-archive/EcoIV_20231_Repaso_Parcial2_1.pdf","13443001","0797453404B70E59B918060AAA5CF999"
"EcoIV","20231","Repaso_Parcial2_2.pdf","EcoIV_20231_Repaso_Parcial2_2.pdf","https://github.com/mauricioromero86/mauricioromero86.github.io/releases/download/teaching-archive/EcoIV_20231_Repaso_Parcial2_2.pdf","8962580","A1EA4B9C8B76C950793E5F6BBA532357"
"EcoIV","20231","Repaso_Parcial3_1.pdf","EcoIV_20231_Repaso_Parcial3_1.pdf","https://github.com/mauricioromero86/mauricioromero86.github.io/releases/download/teaching-archive/EcoIV_20231_Repaso_Parcial3_1.pdf","16762886","C29B5C400AF8A1B3FE76320B2495B9B0"
"EcoIV","20231","Repaso_Parcial4_1.pdf","EcoIV_20231_Repaso_Parcial4_1.pdf","https://github.com/mauricioromero86/mauricioromero86.github.io/releases/download/teaching-archive/EcoIV_20231_Repaso_Parcial4_1.pdf","25267070","B197DC5A19A46C3721B43C9F8DEED304"
"EcoIV","20231","Repaso_Parcial5_1.pdf","EcoIV_20231_Repaso_Parcial5_1.pdf","https://github.com/mauricioromero86/mauricioromero86.github.io/releases/download/teaching-archive/EcoIV_20231_Repaso_Parcial5_1.pdf","2341974","99F183575630F54939A335D3404ED890"
"EcoIV","20231","Solucion_Parcial_1_2022_Otono_Parte2.pdf","EcoIV_20231_Solucion_Parcial_1_2022_Otono_Parte2.pdf","https://github.com/mauricioromero86/mauricioromero86.github.io/releases/download/teaching-archive/EcoIV_20231_Solucion_Parcial_1_2022_Otono_Parte2.pdf","11974383","1834431C61C81AC2C8B080D6A20699D1"
"EcoIV","20231","Solucion_Parcial_1_2022_Primavera_Parte2.pdf","EcoIV_20231_Solucion_Parcial_1_2022_Primavera_Parte2.pdf","https://github.com/mauricioromero86/mauricioromero86.github.io/releases/download/teaching-archive/EcoIV_20231_Solucion_Parcial_1_2022_Primavera_Parte2.pdf","692567","20AE65DD009F8D42BD79821BF95038B4"
"EcoIV","20232","Lecture1.pdf","EcoIV_20221_Lecture1.pdf","https://github.com/mauricioromero86/mauricioromero86.github.io/releases/download/teaching-archive/EcoIV_20221_Lecture1.pdf","419118","E1C49296D4472572DD60E6BE342B1659"
"EcoIV","20232","Lecture10.pdf","EcoIV_20201_Lecture10.pdf","https://github.com/mauricioromero86/mauricioromero86.github.io/releases/download/teaching-archive/EcoIV_20201_Lecture10.pdf","557126","895F6F62A6B81C4B28901B0C66C86D49"
"EcoIV","20232","Lecture11.pdf","EcoIV_20221_Lecture11.pdf","https://github.com/mauricioromero86/mauricioromero86.github.io/releases/download/teaching-archive/EcoIV_20221_Lecture11.pdf","819032","5E297E46422CEDC1A76C1C0CC8DDF788"
"EcoIV","20232","Lecture12.pdf","EcoIV_20221_Lecture12.pdf","https://github.com/mauricioromero86/mauricioromero86.github.io/releases/download/teaching-archive/EcoIV_20221_Lecture12.pdf","883062","0320B6F242244480AD878628DDFEA60A"
"EcoIV","20232","Lecture13.pdf","EcoIV_20201_Lecture13.pdf","https://github.com/mauricioromero86/mauricioromero86.github.io/releases/download/teaching-archive/EcoIV_20201_Lecture13.pdf","602681","88A123AF343DB76EB27207A2332D3FD0"
"EcoIV","20232","Lecture14.pdf","EcoIV_20201_Lecture14.pdf","https://github.com/mauricioromero86/mauricioromero86.github.io/releases/download/teaching-archive/EcoIV_20201_Lecture14.pdf","575556","AE13A03A33875DB1AB8FB751BEF12590"
"EcoIV","20232","Lecture15.pdf","EcoIV_20201_Lecture15.pdf","https://github.com/mauricioromero86/mauricioromero86.github.io/releases/download/teaching-archive/EcoIV_20201_Lecture15.pdf","758101","5F45394AA9039A288CC02A7AED2E5B1A"
"EcoIV","20232","Lecture16.pdf","EcoIV_20201_Lecture16.pdf","https://github.com/mauricioromero86/mauricioromero86.github.io/releases/download/teaching-archive/EcoIV_20201_Lecture16.pdf","782352","FD65CD6FB31FDB70F8983D238B0766C4"
"EcoIV","20232","Lecture17.pdf","EcoIV_20201_Lecture17.pdf","https://github.com/mauricioromero86/mauricioromero86.github.io/releases/download/teaching-archive/EcoIV_20201_Lecture17.pdf","541226","65ACD982EE4B7A77D7C77148C9DC9A52"
"EcoIV","20232","Lecture18.pdf","EcoIV_20201_Lecture18.pdf","https://github.com/mauricioromero86/mauricioromero86.github.io/releases/download/teaching-archive/EcoIV_20201_Lecture18.pdf","1240592","028B02B65EAF10F19633ECA30BA08E1E"
"EcoIV","20232","Lecture19.pdf","EcoIV_20201_Lecture19.pdf","https://github.com/mauricioromero86/mauricioromero86.github.io/releases/download/teaching-archive/EcoIV_20201_Lecture19.pdf","906282","F4FA816360F3A36EE9BF13C4BD7E25EE"
"EcoIV","20232","Lecture19_short.pdf","EcoIV_20201_Lecture19_short.pdf","https://github.com/mauricioromero86/mauricioromero86.github.io/releases/download/teaching-archive/EcoIV_20201_Lecture19_short.pdf","613200","2DC224B1FE8A5C6707AC6EE76EA637EE"
"EcoIV","20232","Lecture2.pdf","EcoIV_20221_Lecture2.pdf","https://github.com/mauricioromero86/mauricioromero86.github.io/releases/download/teaching-archive/EcoIV_20221_Lecture2.pdf","479586","9FDE844CA9A96DFD82150317B1A7AFBC"
"EcoIV","20232","Lecture20.pdf","EcoIV_20201_Lecture20.pdf","https://github.com/mauricioromero86/mauricioromero86.github.io/releases/download/teaching-archive/EcoIV_20201_Lecture20.pdf","452171","BA51D60A76DC007F43EBC81039B3EFF8"
"EcoIV","20232","Lecture3.pdf","EcoIV_20221_Lecture3.pdf","https://github.com/mauricioromero86/mauricioromero86.github.io/releases/download/teaching-archive/EcoIV_20221_Lecture3.pdf","650388","9E6A4BDCE6B5E7BA6FD5DAAF7BF9955B"
"EcoIV","20232","Lecture4.pdf","EcoIV_20211_Lecture4.pdf","https://github.com/mauricioromero86/mauricioromero86.github.io/releases/download/teaching-archive/EcoIV_20211_Lecture4.pdf","554678","E7D1B87FA7B5B2C35C600B27F4749CA8"
"EcoIV","20232","Lecture5.pdf","EcoIV_20211_Lecture5.pdf","https://github.com/mauricioromero86/mauricioromero86.github.io/releases/download/teaching-archive/EcoIV_20211_Lecture5.pdf","534249","4447C8741576490AC48DE5D9E9DAC3EF"
"EcoIV","20232","Lecture6.pdf","EcoIV_20211_Lecture6.pdf","https://github.com/mauricioromero86/mauricioromero86.github.io/releases/download/teaching-archive/EcoIV_20211_Lecture6.pdf","603191","0927AEF8B0A1C3EF53FB27DCE2935896"
"EcoIV","20232","Lecture7.pdf","EcoIV_20201_Lecture7.pdf","https://github.com/mauricioromero86/mauricioromero86.github.io/releases/download/teaching-archive/EcoIV_20201_Lecture7.pdf","444988","10E42F973A044ABFDF6E5EF14D0BD0E2"
"EcoIV","20232","Lecture8-9.pdf","EcoIV_20211_Lecture8-9.pdf","https://github.com/mauricioromero86/mauricioromero86.github.io/releases/download/teaching-archive/EcoIV_20211_Lecture8-9.pdf","581283","3D3ECB666D1C73C65EB2300D3D48E677"
"EcoIV","20232","Lecture8.pdf","EcoIV_20201_Lecture8.pdf","https://github.com/mauricioromero86/mauricioromero86.github.io/releases/download/teaching-archive/EcoIV_20201_Lecture8.pdf","584181","262B2BD9B717565F202CEEE285873568"
"EcoIV","20232","Lecture9.pdf","EcoIV_20201_Lecture9.pdf","https://github.com/mauricioromero86/mauricioromero86.github.io/releases/download/teaching-archive/EcoIV_20201_Lecture9.pdf","496406","DA40560777239D3E9FF37D86195309EA"
"EcoIV","20232","RepasoParcial1.pdf","EcoIV_20232_RepasoParcial1.pdf","https://github.com/mauricioromero86/mauricioromero86.github.io/releases/download/teaching-archive/EcoIV_20232_RepasoParcial1.pdf","2377198","1AC5E64A1075B4AEC364E2F7647F8719"
"EcoIV","20232","Temario.pdf","EcoIV_20232_Temario.pdf","https://github.com/mauricioromero86/mauricioromero86.github.io/releases/download/teaching-archive/EcoIV_20232_Temario.pdf","65652","1956627649BC2201C63464C3F73ADA95"
"EcoIV","20252","Lecture1.pdf","EcoIV_20221_Lecture1.pdf","https://github.com/mauricioromero86/mauricioromero86.github.io/releases/download/teaching-archive/EcoIV_20221_Lecture1.pdf","419118","E1C49296D4472572DD60E6BE342B1659"
"EcoIV","20252","Lecture10.pdf","EcoIV_20201_Lecture10.pdf","https://github.com/mauricioromero86/mauricioromero86.github.io/releases/download/teaching-archive/EcoIV_20201_Lecture10.pdf","557126","895F6F62A6B81C4B28901B0C66C86D49"
"EcoIV","20252","Lecture11.pdf","EcoIV_20221_Lecture11.pdf","https://github.com/mauricioromero86/mauricioromero86.github.io/releases/download/teaching-archive/EcoIV_20221_Lecture11.pdf","819032","5E297E46422CEDC1A76C1C0CC8DDF788"
"EcoIV","20252","Lecture12.pdf","EcoIV_20221_Lecture12.pdf","https://github.com/mauricioromero86/mauricioromero86.github.io/releases/download/teaching-archive/EcoIV_20221_Lecture12.pdf","883062","0320B6F242244480AD878628DDFEA60A"
"EcoIV","20252","Lecture13.pdf","EcoIV_20201_Lecture13.pdf","https://github.com/mauricioromero86/mauricioromero86.github.io/releases/download/teaching-archive/EcoIV_20201_Lecture13.pdf","602681","88A123AF343DB76EB27207A2332D3FD0"
"EcoIV","20252","Lecture14.pdf","EcoIV_20201_Lecture14.pdf","https://github.com/mauricioromero86/mauricioromero86.github.io/releases/download/teaching-archive/EcoIV_20201_Lecture14.pdf","575556","AE13A03A33875DB1AB8FB751BEF12590"
"EcoIV","20252","Lecture15.pdf","EcoIV_20201_Lecture15.pdf","https://github.com/mauricioromero86/mauricioromero86.github.io/releases/download/teaching-archive/EcoIV_20201_Lecture15.pdf","758101","5F45394AA9039A288CC02A7AED2E5B1A"
"EcoIV","20252","Lecture16.pdf","EcoIV_20201_Lecture16.pdf","https://github.com/mauricioromero86/mauricioromero86.github.io/releases/download/teaching-archive/EcoIV_20201_Lecture16.pdf","782352","FD65CD6FB31FDB70F8983D238B0766C4"
"EcoIV","20252","Lecture17.pdf","EcoIV_20201_Lecture17.pdf","https://github.com/mauricioromero86/mauricioromero86.github.io/releases/download/teaching-archive/EcoIV_20201_Lecture17.pdf","541226","65ACD982EE4B7A77D7C77148C9DC9A52"
"EcoIV","20252","Lecture18.pdf","EcoIV_20201_Lecture18.pdf","https://github.com/mauricioromero86/mauricioromero86.github.io/releases/download/teaching-archive/EcoIV_20201_Lecture18.pdf","1240592","028B02B65EAF10F19633ECA30BA08E1E"
"EcoIV","20252","Lecture19.pdf","EcoIV_20201_Lecture19.pdf","https://github.com/mauricioromero86/mauricioromero86.github.io/releases/download/teaching-archive/EcoIV_20201_Lecture19.pdf","906282","F4FA816360F3A36EE9BF13C4BD7E25EE"
"EcoIV","20252","Lecture19_short.pdf","EcoIV_20201_Lecture19_short.pdf","https://github.com/mauricioromero86/mauricioromero86.github.io/releases/download/teaching-archive/EcoIV_20201_Lecture19_short.pdf","613200","2DC224B1FE8A5C6707AC6EE76EA637EE"
"EcoIV","20252","Lecture2.pdf","EcoIV_20221_Lecture2.pdf","https://github.com/mauricioromero86/mauricioromero86.github.io/releases/download/teaching-archive/EcoIV_20221_Lecture2.pdf","479586","9FDE844CA9A96DFD82150317B1A7AFBC"
"EcoIV","20252","Lecture20.pdf","EcoIV_20201_Lecture20.pdf","https://github.com/mauricioromero86/mauricioromero86.github.io/releases/download/teaching-archive/EcoIV_20201_Lecture20.pdf","452171","BA51D60A76DC007F43EBC81039B3EFF8"
"EcoIV","20252","Lecture3.pdf","EcoIV_20221_Lecture3.pdf","https://github.com/mauricioromero86/mauricioromero86.github.io/releases/download/teaching-archive/EcoIV_20221_Lecture3.pdf","650388","9E6A4BDCE6B5E7BA6FD5DAAF7BF9955B"
"EcoIV","20252","Lecture4.pdf","EcoIV_20211_Lecture4.pdf","https://github.com/mauricioromero86/mauricioromero86.github.io/releases/download/teaching-archive/EcoIV_20211_Lecture4.pdf","554678","E7D1B87FA7B5B2C35C600B27F4749CA8"
"EcoIV","20252","Lecture5.pdf","EcoIV_20211_Lecture5.pdf","https://github.com/mauricioromero86/mauricioromero86.github.io/releases/download/teaching-archive/EcoIV_20211_Lecture5.pdf","534249","4447C8741576490AC48DE5D9E9DAC3EF"
"EcoIV","20252","Lecture6.pdf","EcoIV_20211_Lecture6.pdf","https://github.com/mauricioromero86/mauricioromero86.github.io/releases/download/teaching-archive/EcoIV_20211_Lecture6.pdf","603191","0927AEF8B0A1C3EF53FB27DCE2935896"
"EcoIV","20252","Lecture7.pdf","EcoIV_20201_Lecture7.pdf","https://github.com/mauricioromero86/mauricioromero86.github.io/releases/download/teaching-archive/EcoIV_20201_Lecture7.pdf","444988","10E42F973A044ABFDF6E5EF14D0BD0E2"
"EcoIV","20252","Lecture8-9.pdf","EcoIV_20211_Lecture8-9.pdf","https://github.com/mauricioromero86/mauricioromero86.github.io/releases/download/teaching-archive/EcoIV_20211_Lecture8-9.pdf","581283","3D3ECB666D1C73C65EB2300D3D48E677"
"EcoIV","20252","Lecture8.pdf","EcoIV_20201_Lecture8.pdf","https://github.com/mauricioromero86/mauricioromero86.github.io/releases/download/teaching-archive/EcoIV_20201_Lecture8.pdf","584181","262B2BD9B717565F202CEEE285873568"
"EcoIV","20252","Lecture9.pdf","EcoIV_20201_Lecture9.pdf","https://github.com/mauricioromero86/mauricioromero86.github.io/releases/download/teaching-archive/EcoIV_20201_Lecture9.pdf","496406","DA40560777239D3E9FF37D86195309EA"
"EcoIV","20252","Temario.pdf","EcoIV_20232_Temario.pdf","https://github.com/mauricioromero86/mauricioromero86.github.io/releases/download/teaching-archive/EcoIV_20232_Temario.pdf","65652","1956627649BC2201C63464C3F73ADA95"
"EcoIV","PastExams","10dic2018.pdf","EcoIV_PastExams_FinalExams_10dic2018.pdf","https://github.com/mauricioromero86/mauricioromero86.github.io/releases/download/teaching-archive/EcoIV_PastExams_FinalExams_10dic2018.pdf","343140","A242F24A1A58208BF30D30C8DBA5C24E"
"EcoIV","PastExams","16dic2019.pdf","EcoIV_PastExams_FinalExams_16dic2019.pdf","https://github.com/mauricioromero86/mauricioromero86.github.io/releases/download/teaching-archive/EcoIV_PastExams_FinalExams_16dic2019.pdf","346854","A092FF2A59B0E1E525703A6C763BA515"
"EcoIV","PastExams","18dic2017.pdf","EcoIV_PastExams_FinalExams_18dic2017.pdf","https://github.com/mauricioromero86/mauricioromero86.github.io/releases/download/teaching-archive/EcoIV_PastExams_FinalExams_18dic2017.pdf","238838","DB8CF2CF1E8FCD78CE2954B25D60A3FC"
"EcoIV","PastExams","21may2018.pdf","EcoIV_PastExams_FinalExams_21may2018.pdf","https://github.com/mauricioromero86/mauricioromero86.github.io/releases/download/teaching-archive/EcoIV_PastExams_FinalExams_21may2018.pdf","336907","CC51AF9AB12B6599F6EE25732FC56560"
"EcoIV","PastExams","27mayo2019.pdf","EcoIV_PastExams_FinalExams_27mayo2019.pdf","https://github.com/mauricioromero86/mauricioromero86.github.io/releases/download/teaching-archive/EcoIV_PastExams_FinalExams_27mayo2019.pdf","298941","B5DC924D7DCD365D3897EA4533DBE95F"
"EcoIV","PastExams","29mayo2017.pdf","EcoIV_PastExams_FinalExams_29mayo2017.pdf","https://github.com/mauricioromero86/mauricioromero86.github.io/releases/download/teaching-archive/EcoIV_PastExams_FinalExams_29mayo2017.pdf","103810","C63066DB3CDA80708BB7F9FF8029D8D4"
"EcoIV","PastExams","5dic2016A.pdf","EcoIV_PastExams_FinalExams_5dic2016A.pdf","https://github.com/mauricioromero86/mauricioromero86.github.io/releases/download/teaching-archive/EcoIV_PastExams_FinalExams_5dic2016A.pdf","146634","38061711369BF3102F25906F13A4ADF5"
"EcoIV","PastExams","Dic2020.pdf","EcoIV_PastExams_FinalExams_Dic2020.pdf","https://github.com/mauricioromero86/mauricioromero86.github.io/releases/download/teaching-archive/EcoIV_PastExams_FinalExams_Dic2020.pdf","4272417","974111B00D4F9191CD0630D8F11960A3"
"EcoIV","PastExams","Dic2021.pdf","EcoIV_20221_Dic2021.pdf","https://github.com/mauricioromero86/mauricioromero86.github.io/releases/download/teaching-archive/EcoIV_20221_Dic2021.pdf","11306073","13F12E53DB256F87820BD44C1D8617B4"
"EcoIV","PastExams","Mayo2020.pdf","EcoIV_PastExams_FinalExams_Mayo2020.pdf","https://github.com/mauricioromero86/mauricioromero86.github.io/releases/download/teaching-archive/EcoIV_PastExams_FinalExams_Mayo2020.pdf","5303134","C96C0AA2CE2DBA0D9561D4EC1D85C800"
"EcoIV","PastExams","Mayo2021.pdf","EcoIV_PastExams_FinalExams_Mayo2021.pdf","https://github.com/mauricioromero86/mauricioromero86.github.io/releases/download/teaching-archive/EcoIV_PastExams_FinalExams_Mayo2021.pdf","9546813","73B8359962CF3B1BF96CB5836021A255"
"EcoIV","PastExams","SolucionDic2019.pdf","EcoIV_PastExams_FinalExams_SolucionDic2019.pdf","https://github.com/mauricioromero86/mauricioromero86.github.io/releases/download/teaching-archive/EcoIV_PastExams_FinalExams_SolucionDic2019.pdf","21817322","8B9EE21F5FFB1C15DC4A15200BF46040"
"EcoIV","PastExams","SolucionDic2021.pdf","EcoIV_20221_SolucionDic2021.pdf","https://github.com/mauricioromero86/mauricioromero86.github.io/releases/download/teaching-archive/EcoIV_20221_SolucionDic2021.pdf","11236401","6C8FDB3CB21C7BE237D9E953BEC346B7"
"EcoIV","PastExams","1oct2016A.pdf","EcoIV_PastExams_FirstMidterm_1oct2016A.pdf","https://github.com/mauricioromero86/mauricioromero86.github.io/releases/download/teaching-archive/EcoIV_PastExams_FirstMidterm_1oct2016A.pdf","52753","8FC9EBD11CC7EEA9CC0EE3DE0778AC6B"
"EcoIV","PastExams","1oct2016AOPCION2.pdf","EcoIV_PastExams_FirstMidterm_1oct2016AOPCION2.pdf","https://github.com/mauricioromero86/mauricioromero86.github.io/releases/download/teaching-archive/EcoIV_PastExams_FirstMidterm_1oct2016AOPCION2.pdf","38079","B9012AE7C0609C062035E076B76C779F"
"EcoIV","PastExams","28sep2019.pdf","EcoIV_PastExams_FirstMidterm_28sep2019.pdf","https://github.com/mauricioromero86/mauricioromero86.github.io/releases/download/teaching-archive/EcoIV_PastExams_FirstMidterm_28sep2019.pdf","187592","6CB48BA371A44FD7FE088D367BE98BF5"
"EcoIV","PastExams","29sep2018.pdf","EcoIV_PastExams_FirstMidterm_29sep2018.pdf","https://github.com/mauricioromero86/mauricioromero86.github.io/releases/download/teaching-archive/EcoIV_PastExams_FirstMidterm_29sep2018.pdf","192191","C0ADBA7CE5467603646FADA7DCF162B5"
"EcoIV","PastExams","2mar2019.pdf","EcoIV_PastExams_FirstMidterm_2mar2019.pdf","https://github.com/mauricioromero86/mauricioromero86.github.io/releases/download/teaching-archive/EcoIV_PastExams_FirstMidterm_2mar2019.pdf","190615","5DBD131760A92C1F3B0E3AA09D2D2ECE"
"EcoIV","PastExams","30sept2017.pdf","EcoIV_PastExams_FirstMidterm_30sept2017.pdf","https://github.com/mauricioromero86/mauricioromero86.github.io/releases/download/teaching-archive/EcoIV_PastExams_FirstMidterm_30sept2017.pdf","108517","DA854A8DB29EE9534A7EC1EA5DB15F52"
"EcoIV","PastExams","3mar2018-2.pdf","EcoIV_PastExams_FirstMidterm_3mar2018-2.pdf","https://github.com/mauricioromero86/mauricioromero86.github.io/releases/download/teaching-archive/EcoIV_PastExams_FirstMidterm_3mar2018-2.pdf","112670","D596D32F1D0D9BC7FEEFC9A6189963DD"
"EcoIV","PastExams","3mar2018.pdf","EcoIV_PastExams_FirstMidterm_3mar2018-2.pdf","https://github.com/mauricioromero86/mauricioromero86.github.io/releases/download/teaching-archive/EcoIV_PastExams_FirstMidterm_3mar2018-2.pdf","112670","D596D32F1D0D9BC7FEEFC9A6189963DD"
"EcoIV","PastExams","4mar2017.pdf","EcoIV_PastExams_FirstMidterm_4mar2017.pdf","https://github.com/mauricioromero86/mauricioromero86.github.io/releases/download/teaching-archive/EcoIV_PastExams_FirstMidterm_4mar2017.pdf","114590","7707FB67D63DF596B926A6B2B0393D5F"
"EcoIV","PastExams","7mar2020.pdf","EcoIV_PastExams_FirstMidterm_7mar2020.pdf","https://github.com/mauricioromero86/mauricioromero86.github.io/releases/download/teaching-archive/EcoIV_PastExams_FirstMidterm_7mar2020.pdf","189431","35580B8CD016805589E0BEC67D4DDBD2"
"EcoIV","PastExams","Feb2021.pdf","EcoIV_PastExams_FirstMidterm_Feb2021.pdf","https://github.com/mauricioromero86/mauricioromero86.github.io/releases/download/teaching-archive/EcoIV_PastExams_FirstMidterm_Feb2021.pdf","4558231","26E82ED43787F0B3C12FD3582977D2F4"
"EcoIV","PastExams","Sep2020.pdf","EcoIV_PastExams_FirstMidterm_Sep2020.pdf","https://github.com/mauricioromero86/mauricioromero86.github.io/releases/download/teaching-archive/EcoIV_PastExams_FirstMidterm_Sep2020.pdf","5138433","76314A9295C314C2BC4C393C2037F70F"
"EcoIV","PastExams","Sep2021.pdf","EcoIV_PastExams_FirstMidterm_Sep2021.pdf","https://github.com/mauricioromero86/mauricioromero86.github.io/releases/download/teaching-archive/EcoIV_PastExams_FirstMidterm_Sep2021.pdf","4343042","9CC43CE4119CED7CEC0746398A56181F"
"EcoIV","PastExams","SolucionFeb2020_1.pdf","EcoIV_PastExams_FirstMidterm_SolucionFeb2020_1.pdf","https://github.com/mauricioromero86/mauricioromero86.github.io/releases/download/teaching-archive/EcoIV_PastExams_FirstMidterm_SolucionFeb2020_1.pdf","11399252","257CD6377E5853FBB83112EBA6C4FF43"
"EcoIV","PastExams","SolucionFeb2020_2.pdf","EcoIV_20211_SolucionParcialFeb2020_2.pdf","https://github.com/mauricioromero86/mauricioromero86.github.io/releases/download/teaching-archive/EcoIV_20211_SolucionParcialFeb2020_2.pdf","12437702","CAD670717855A81B2B40F9DD4369490C"
"EcoIV","PastExams","SolucionMarzo2020.pdf","EcoIV_20201_Solucion_Parcial_1.pdf","https://github.com/mauricioromero86/mauricioromero86.github.io/releases/download/teaching-archive/EcoIV_20201_Solucion_Parcial_1.pdf","6640808","607A69A577E77D2E4B27471837B43FD2"
"EcoIV","PastExams","Solucion_Parcial_1_2022_Otono.pdf","EcoIV_PastExams_FirstMidterm_Solucion_Parcial_1_2022_Otono.pdf","https://github.com/mauricioromero86/mauricioromero86.github.io/releases/download/teaching-archive/EcoIV_PastExams_FirstMidterm_Solucion_Parcial_1_2022_Otono.pdf","8387355","3B546358EE52B5836C2368A356450208"
"EcoIV","PastExams","Solucion_Parcial_1_2022_Primavera.pdf","EcoIV_PastExams_FirstMidterm_Solucion_Parcial_1_2022_Primavera.pdf","https://github.com/mauricioromero86/mauricioromero86.github.io/releases/download/teaching-archive/EcoIV_PastExams_FirstMidterm_Solucion_Parcial_1_2022_Primavera.pdf","15416494","528ECE8C1E7FD6943EFA31B8A3079ED1"
"EcoIV","PastExams","Solucion_Sep2021.pdf","EcoIV_PastExams_FirstMidterm_Solucion_Sep2021.pdf","https://github.com/mauricioromero86/mauricioromero86.github.io/releases/download/teaching-archive/EcoIV_PastExams_FirstMidterm_Solucion_Sep2021.pdf","7171502","5CADD3F0B0BDA02644E2C11BE47D19F0"
"EcoIV","PastExams","10nov2018.pdf","EcoIV_PastExams_SecondMidterm_10nov2018.pdf","https://github.com/mauricioromero86/mauricioromero86.github.io/releases/download/teaching-archive/EcoIV_PastExams_SecondMidterm_10nov2018.pdf","275078","908E65D38FE8453680946C8C2AB4C33A"
"EcoIV","PastExams","11nov2017.pdf","EcoIV_PastExams_SecondMidterm_11nov2017.pdf","https://github.com/mauricioromero86/mauricioromero86.github.io/releases/download/teaching-archive/EcoIV_PastExams_SecondMidterm_11nov2017.pdf","103474","EFC4AAE22D7A9A3ACDB1964819C5E837"
"EcoIV","PastExams","12nov2016A.pdf","EcoIV_PastExams_SecondMidterm_12nov2016A.pdf","https://github.com/mauricioromero86/mauricioromero86.github.io/releases/download/teaching-archive/EcoIV_PastExams_SecondMidterm_12nov2016A.pdf","81134","10C7033CCE2978D6399621F2DAD60FC9"
"EcoIV","PastExams","18abr2020.pdf","EcoIV_PastExams_SecondMidterm_18abr2020.pdf","https://github.com/mauricioromero86/mauricioromero86.github.io/releases/download/teaching-archive/EcoIV_PastExams_SecondMidterm_18abr2020.pdf","208505","0A1A9123601F595E9A6F5E249C41D5DE"
"EcoIV","PastExams","21abr2018.pdf","EcoIV_PastExams_SecondMidterm_21abr2018.pdf","https://github.com/mauricioromero86/mauricioromero86.github.io/releases/download/teaching-archive/EcoIV_PastExams_SecondMidterm_21abr2018.pdf","361854","47C8F9DB23F17EDB89204B46AB49FF9F"
"EcoIV","PastExams","22abr2017.pdf","EcoIV_PastExams_SecondMidterm_22abr2017.pdf","https://github.com/mauricioromero86/mauricioromero86.github.io/releases/download/teaching-archive/EcoIV_PastExams_SecondMidterm_22abr2017.pdf","211865","9E15BA349D5083066826ADE0BA60B90A"
"EcoIV","PastExams","27abr2019.pdf","EcoIV_PastExams_SecondMidterm_27abr2019.pdf","https://github.com/mauricioromero86/mauricioromero86.github.io/releases/download/teaching-archive/EcoIV_PastExams_SecondMidterm_27abr2019.pdf","173653","22CE4D955C358CC021CCB6BC36D065E2"
"EcoIV","PastExams","9nov2019.pdf","EcoIV_PastExams_SecondMidterm_9nov2019.pdf","https://github.com/mauricioromero86/mauricioromero86.github.io/releases/download/teaching-archive/EcoIV_PastExams_SecondMidterm_9nov2019.pdf","340358","62281C71D87A0686101F796F5236857C"
"EcoIV","PastExams","Nov2020.pdf","EcoIV_PastExams_SecondMidterm_Nov2020.pdf","https://github.com/mauricioromero86/mauricioromero86.github.io/releases/download/teaching-archive/EcoIV_PastExams_SecondMidterm_Nov2020.pdf","4303513","AD8F27763015E0977F0E3CA19E1D395A"
"EcoIV","PastExams","SolucionAbril2021.pdf","EcoIV_20211_SolucionParcial2.pdf","https://github.com/mauricioromero86/mauricioromero86.github.io/releases/download/teaching-archive/EcoIV_20211_SolucionParcial2.pdf","4691824","0412F53DFE5CD55EA23DD25D182FF2A1"
"EcoIV","PastExams","Solucion_Nov2021_2.pdf","EcoIV_PastExams_SecondMidterm_Solucion_Nov2021_2.pdf","https://github.com/mauricioromero86/mauricioromero86.github.io/releases/download/teaching-archive/EcoIV_PastExams_SecondMidterm_Solucion_Nov2021_2.pdf","9530666","CA0A262AA24DEFDF7A8C66CA870F3CF1"
"EcoIV","PastExams","Solucion_Parcial_2_20192.pdf","EcoIV_20201_Solucion_Parcial_2_20192.pdf","https://github.com/mauricioromero86/mauricioromero86.github.io/releases/download/teaching-archive/EcoIV_20201_Solucion_Parcial_2_20192.pdf","15001482","1BF089F34E8F8F9F09D2F7A05C86164A"
"EcoIV","PastExams","Solucion_Parcial_2_20201.pdf","EcoIV_20201_Solucion_Parcial_2_20201.pdf","https://github.com/mauricioromero86/mauricioromero86.github.io/releases/download/teaching-archive/EcoIV_20201_Solucion_Parcial_2_20201.pdf","15013417","73118A3F6A59D2533CAFDD1FF3D4EE21"
"Microeconometria","","CV-ENG.pdf","Microeconometria_CV-ENG.pdf","https://github.com/mauricioromero86/mauricioromero86.github.io/releases/download/teaching-archive/Microeconometria_CV-ENG.pdf","98591","4E9C5D1BDB5ED9BA042167E07940E53A"
"Microeconometria","20202","Examen1.pdf","Microeconometria_20202_Examen1.pdf","https://github.com/mauricioromero86/mauricioromero86.github.io/releases/download/teaching-archive/Microeconometria_20202_Examen1.pdf","87043","3FF36F787424392E250A0F864BEFF67C"
"Microeconometria","20202","Examen2.pdf","Microeconometria_20202_Examen2.pdf","https://github.com/mauricioromero86/mauricioromero86.github.io/releases/download/teaching-archive/Microeconometria_20202_Examen2.pdf","118517","9768B5CDDEDAF72AD20D8F57C6595427"
"Microeconometria","20202","Examen3.pdf","Microeconometria_20202_Examen3.pdf","https://github.com/mauricioromero86/mauricioromero86.github.io/releases/download/teaching-archive/Microeconometria_20202_Examen3.pdf","140615","6E442B504F53EE7A3A819E50F2521B46"
"Microeconometria","20202","Lecture 0 - Course Admin.pdf","Microeconometria_20202_Lecture_0_-_Course_Admin.pdf","https://github.com/mauricioromero86/mauricioromero86.github.io/releases/download/teaching-archive/Microeconometria_20202_Lecture_0_-_Course_Admin.pdf","164311","B20EF7183B1ED8B7C41C286E838C9DE8"
"Microeconometria","20202","Lecture 1 - Introduction to R.pdf","Microeconometria_20202_Lecture_1_-_Introduction_to_R.pdf","https://github.com/mauricioromero86/mauricioromero86.github.io/releases/download/teaching-archive/Microeconometria_20202_Lecture_1_-_Introduction_to_R.pdf","924812","9BCA5A87B153AFE659211F642683939D"
"Microeconometria","20202","Lecture 10 - Diff in Diff.pdf","Microeconometria_20202_Lecture_10_-_Diff_in_Diff.pdf","https://github.com/mauricioromero86/mauricioromero86.github.io/releases/download/teaching-archive/Microeconometria_20202_Lecture_10_-_Diff_in_Diff.pdf","1862938","EE0A4D5DC4924114D6A9958F41F6CEE3"
"Microeconometria","20202","Lecture 10 - Notes.pdf","Microeconometria_20202_Lecture_10_-_Notes.pdf","https://github.com/mauricioromero86/mauricioromero86.github.io/releases/download/teaching-archive/Microeconometria_20202_Lecture_10_-_Notes.pdf","6745275","EE0D3DE627E6D37A41EDA9D139602CFD"
"Microeconometria","20202","Lecture 11 - IV.pdf","Microeconometria_20202_Lecture_11_-_IV.pdf","https://github.com/mauricioromero86/mauricioromero86.github.io/releases/download/teaching-archive/Microeconometria_20202_Lecture_11_-_IV.pdf","5270049","2C5033A0E255201864B91F63DFD7083A"
"Microeconometria","20202","Lecture 11 - Notes.pdf","Microeconometria_20202_Lecture_11_-_Notes.pdf","https://github.com/mauricioromero86/mauricioromero86.github.io/releases/download/teaching-archive/Microeconometria_20202_Lecture_11_-_Notes.pdf","12261460","D16981A9BE395A75C7D9DAFB018FFC05"
"Microeconometria","20202","Lecture 12 - Notes.pdf","Microeconometria_20202_Lecture_12_-_Notes.pdf","https://github.com/mauricioromero86/mauricioromero86.github.io/releases/download/teaching-archive/Microeconometria_20202_Lecture_12_-_Notes.pdf","38435676","0EAA90B474B1DDC65DAEEC5021DCABFA"
"Microeconometria","20202","Lecture 12 - RDD.pdf","Microeconometria_20202_Lecture_12_-_RDD.pdf","https://github.com/mauricioromero86/mauricioromero86.github.io/releases/download/teaching-archive/Microeconometria_20202_Lecture_12_-_RDD.pdf","11660017","7F952DEBAADFE1DE83D96169D2CDEC23"
"Microeconometria","20202","Lecture 2 - Working with data in R.pdf","Microeconometria_20202_Lecture_2_-_Working_with_data_in_R.pdf","https://github.com/mauricioromero86/mauricioromero86.github.io/releases/download/teaching-archive/Microeconometria_20202_Lecture_2_-_Working_with_data_in_R.pdf","1288288","F1548E90739ED9E15987108E0642C388"
"Microeconometria","20202","Lecture 3 - Basics of programming.pdf","Microeconometria_20202_Lecture_3_-_Basics_of_programming.pdf","https://github.com/mauricioromero86/mauricioromero86.github.io/releases/download/teaching-archive/Microeconometria_20202_Lecture_3_-_Basics_of_programming.pdf","2272850","BE721DE9A843E7AC8C2697777059AA6C"
"Microeconometria","20202","Lecture 4 - Statistics Review.pdf","Microeconometria_20202_Lecture_4_-_Statistics_Review.pdf","https://github.com/mauricioromero86/mauricioromero86.github.io/releases/download/teaching-archive/Microeconometria_20202_Lecture_4_-_Statistics_Review.pdf","398821","418B2512BAC159336C2EFD30A79D3C4D"
"Microeconometria","20202","Lecture 5 - Summarizing data.pdf","Microeconometria_20202_Lecture_5_-_Summarizing_data.pdf","https://github.com/mauricioromero86/mauricioromero86.github.io/releases/download/teaching-archive/Microeconometria_20202_Lecture_5_-_Summarizing_data.pdf","941806","B6211C4EC4968E6DFE6D3CF2C462696A"
"Microeconometria","20202","Lecture 6 - Notes.pdf","Microeconometria_20202_Lecture_6_-_Notes.pdf","https://github.com/mauricioromero86/mauricioromero86.github.io/releases/download/teaching-archive/Microeconometria_20202_Lecture_6_-_Notes.pdf","11184616","A89CC3E714E0304D26ECF5052AD3880E"
"Microeconometria","20202","Lecture 6 - Potential outcomes and the experimental ideal.pdf","Microeconometria_20202_Lecture_6_-_Potential_outcomes_and_the_experimental_ideal.pdf","https://github.com/mauricioromero86/mauricioromero86.github.io/releases/download/teaching-archive/Microeconometria_20202_Lecture_6_-_Potential_outcomes_and_the_experimental_ideal.pdf","1656596","09E95C06C46CF61F8129E4CD5E09E864"
"Microeconometria","20202","Lecture 7 - Notes.pdf","Microeconometria_20202_Lecture_7_-_Notes.pdf","https://github.com/mauricioromero86/mauricioromero86.github.io/releases/download/teaching-archive/Microeconometria_20202_Lecture_7_-_Notes.pdf","12873116","C220934620EF0D39304B4C3A0C273523"
"Microeconometria","20202","Lecture 7 - OLS review.pdf","Microeconometria_20202_Lecture_7_-_OLS_review.pdf","https://github.com/mauricioromero86/mauricioromero86.github.io/releases/download/teaching-archive/Microeconometria_20202_Lecture_7_-_OLS_review.pdf","776076","62D7E92F74380B6989159E1109602BB0"
"Microeconometria","20202","Lecture 8 - Beyond basics of OLS.pdf","Microeconometria_20202_Lecture_8_-_Beyond_basics_of_OLS.pdf","https://github.com/mauricioromero86/mauricioromero86.github.io/releases/download/teaching-archive/Microeconometria_20202_Lecture_8_-_Beyond_basics_of_OLS.pdf","1093501","F480423EEB8E697FE2DA852ABE44E836"
"Microeconometria","20202","Lecture 8 - Notes.pdf","Microeconometria_20202_Lecture_8_-_Notes.pdf","https://github.com/mauricioromero86/mauricioromero86.github.io/releases/download/teaching-archive/Microeconometria_20202_Lecture_8_-_Notes.pdf","26174271","5BB88FB560D189DD6E9F2F936D8A2C51"
"Microeconometria","20202","Lecture 9 - Notes.pdf","Microeconometria_20202_Lecture_9_-_Notes.pdf","https://github.com/mauricioromero86/mauricioromero86.github.io/releases/download/teaching-archive/Microeconometria_20202_Lecture_9_-_Notes.pdf","3229468","7B541C8E48B22450863CCABDF965A57B"
"Microeconometria","20202","Lecture 9 - Panel Data.pdf","Microeconometria_20202_Lecture_9_-_Panel_Data.pdf","https://github.com/mauricioromero86/mauricioromero86.github.io/releases/download/teaching-archive/Microeconometria_20202_Lecture_9_-_Panel_Data.pdf","202861","A266EF6D399924B3C080F37266C56C42"
"Microeconometria","20202","pol.6.4.71.pdf","Microeconometria_20202_pol.6.4.71.pdf","https://github.com/mauricioromero86/mauricioromero86.github.io/releases/download/teaching-archive/Microeconometria_20202_pol.6.4.71.pdf","1174936","838C326035ECB6B346D19123001954E2"
"Microeconometria","20202","Syllabus_20202.pdf","Microeconometria_20202_Syllabus_20202.pdf","https://github.com/mauricioromero86/mauricioromero86.github.io/releases/download/teaching-archive/Microeconometria_20202_Syllabus_20202.pdf","91439","0DCF7B64425EA70DD920A2F74F37143A"
"Microeconometria","20202","Taller1.pdf","Microeconometria_20202_Taller1.pdf","https://github.com/mauricioromero86/mauricioromero86.github.io/releases/download/teaching-archive/Microeconometria_20202_Taller1.pdf","104458","7B292A2E5FC130FD94FA7A7AB1CD7B42"
"Microeconometria","20202","Taller2.pdf","Microeconometria_20202_Taller2.pdf","https://github.com/mauricioromero86/mauricioromero86.github.io/releases/download/teaching-archive/Microeconometria_20202_Taller2.pdf","140115","FFCED8C2F55AAF2C464435DB01583542"
"Microeconometria","20202","Taller3.pdf","Microeconometria_20202_Taller3.pdf","https://github.com/mauricioromero86/mauricioromero86.github.io/releases/download/teaching-archive/Microeconometria_20202_Taller3.pdf","102354","D5430BD7DF226C4D05F1B53CAF9CEE4E"
"Microeconometria","20202","TallerEstudiParcial.pdf","Microeconometria_20202_TallerEstudiParcial.pdf","https://github.com/mauricioromero86/mauricioromero86.github.io/releases/download/teaching-archive/Microeconometria_20202_TallerEstudiParcial.pdf","108833","A293E8DDDAB8D95465775570D3E4540E"
"Microeconometria","20202","TallerExamen3.pdf","Microeconometria_20202_TallerExamen3.pdf","https://github.com/mauricioromero86/mauricioromero86.github.io/releases/download/teaching-archive/Microeconometria_20202_TallerExamen3.pdf","141477","31D8EAE31DC86CADC9342B3CA47D247C"
"Microeconometria","20212","Examen1.pdf","Microeconometria_20212_Examen1.pdf","https://github.com/mauricioromero86/mauricioromero86.github.io/releases/download/teaching-archive/Microeconometria_20212_Examen1.pdf","92139","685CDA75D3B3C92A565ACC76B28D4264"
"Microeconometria","20212","Examen2.pdf","Microeconometria_20212_Examen2.pdf","https://github.com/mauricioromero86/mauricioromero86.github.io/releases/download/teaching-archive/Microeconometria_20212_Examen2.pdf","121334","AF295E53B3D6B10B388C00C2571EE8B8"
"Microeconometria","20212","Lecture 0 - Course Admin.pdf","Microeconometria_20212_Lecture_0_-_Course_Admin.pdf","https://github.com/mauricioromero86/mauricioromero86.github.io/releases/download/teaching-archive/Microeconometria_20212_Lecture_0_-_Course_Admin.pdf","115741","4AAA4C499C6448CC2DEE98F4B9853DF1"
"Microeconometria","20212","Lecture 1 - Introduction to R.pdf","Microeconometria_20212_Lecture_1_-_Introduction_to_R.pdf","https://github.com/mauricioromero86/mauricioromero86.github.io/releases/download/teaching-archive/Microeconometria_20212_Lecture_1_-_Introduction_to_R.pdf","932848","EE10DD3F9C86C2B3C18FE5DF474C7A93"
"Microeconometria","20212","Lecture 10 - Diff in Diff.pdf","Microeconometria_20202_Lecture_10_-_Diff_in_Diff.pdf","https://github.com/mauricioromero86/mauricioromero86.github.io/releases/download/teaching-archive/Microeconometria_20202_Lecture_10_-_Diff_in_Diff.pdf","1862938","EE0A4D5DC4924114D6A9958F41F6CEE3"
"Microeconometria","20212","Lecture 10 - Notes.pdf","Microeconometria_20212_Lecture_10_-_Notes.pdf","https://github.com/mauricioromero86/mauricioromero86.github.io/releases/download/teaching-archive/Microeconometria_20212_Lecture_10_-_Notes.pdf","10793615","EB95F80E2E74ECBC303A25EA69F3E787"
"Microeconometria","20212","Lecture 11 - IV.pdf","Microeconometria_20202_Lecture_11_-_IV.pdf","https://github.com/mauricioromero86/mauricioromero86.github.io/releases/download/teaching-archive/Microeconometria_20202_Lecture_11_-_IV.pdf","5270049","2C5033A0E255201864B91F63DFD7083A"
"Microeconometria","20212","Lecture 11 - Notes.pdf","Microeconometria_20212_Lecture_11_-_Notes.pdf","https://github.com/mauricioromero86/mauricioromero86.github.io/releases/download/teaching-archive/Microeconometria_20212_Lecture_11_-_Notes.pdf","27591862","214A75ED6CBA91DA0663724D35BE10C9"
"Microeconometria","20212","Lecture 12 - Notes.pdf","Microeconometria_20212_Lecture_12_-_Notes.pdf","https://github.com/mauricioromero86/mauricioromero86.github.io/releases/download/teaching-archive/Microeconometria_20212_Lecture_12_-_Notes.pdf","16698817","6279DDFFE9B37F19266BCD30C145DC6C"
"Microeconometria","20212","Lecture 12 - RDD.pdf","Microeconometria_20202_Lecture_12_-_RDD.pdf","https://github.com/mauricioromero86/mauricioromero86.github.io/releases/download/teaching-archive/Microeconometria_20202_Lecture_12_-_RDD.pdf","11660017","7F952DEBAADFE1DE83D96169D2CDEC23"
"Microeconometria","20212","Lecture 2 - Working with data in R.pdf","Microeconometria_20212_Lecture_2_-_Working_with_data_in_R.pdf","https://github.com/mauricioromero86/mauricioromero86.github.io/releases/download/teaching-archive/Microeconometria_20212_Lecture_2_-_Working_with_data_in_R.pdf","1296395","A084F5A0F953C8BE9533E9E46BCA026F"
"Microeconometria","20212","Lecture 3 - Basics of programming.pdf","Microeconometria_20212_Lecture_3_-_Basics_of_programming.pdf","https://github.com/mauricioromero86/mauricioromero86.github.io/releases/download/teaching-archive/Microeconometria_20212_Lecture_3_-_Basics_of_programming.pdf","2283826","84E76A4C67FA15CDAD4B739C845DA068"
"Microeconometria","20212","Lecture 4 - Statistics Review.pdf","Microeconometria_20212_Lecture_4_-_Statistics_Review.pdf","https://github.com/mauricioromero86/mauricioromero86.github.io/releases/download/teaching-archive/Microeconometria_20212_Lecture_4_-_Statistics_Review.pdf","421347","8C11747C1EB82900D943E39E1BA792C2"
"Microeconometria","20212","Lecture 5 - Summarizing data.pdf","Microeconometria_20202_Lecture_5_-_Summarizing_data.pdf","https://github.com/mauricioromero86/mauricioromero86.github.io/releases/download/teaching-archive/Microeconometria_20202_Lecture_5_-_Summarizing_data.pdf","941806","B6211C4EC4968E6DFE6D3CF2C462696A"
"Microeconometria","20212","Lecture 6 - Notes.pdf","Microeconometria_20212_Lecture_6_-_Notes.pdf","https://github.com/mauricioromero86/mauricioromero86.github.io/releases/download/teaching-archive/Microeconometria_20212_Lecture_6_-_Notes.pdf","17334406","A4A83522509622AE8B2EEB8EBF36474A"
"Microeconometria","20212","Lecture 6 - Potential outcomes and the experimental ideal.pdf","Microeconometria_20202_Lecture_6_-_Potential_outcomes_and_the_experimental_ideal.pdf","https://github.com/mauricioromero86/mauricioromero86.github.io/releases/download/teaching-archive/Microeconometria_20202_Lecture_6_-_Potential_outcomes_and_the_experimental_ideal.pdf","1656596","09E95C06C46CF61F8129E4CD5E09E864"
"Microeconometria","20212","Lecture 7 - Notes.pdf","Microeconometria_20212_Lecture_7_-_Notes.pdf","https://github.com/mauricioromero86/mauricioromero86.github.io/releases/download/teaching-archive/Microeconometria_20212_Lecture_7_-_Notes.pdf","14581543","1DF8A6D5C06AB2F6DEC93C8B484D1113"
"Microeconometria","20212","Lecture 7 - OLS review.pdf","Microeconometria_20202_Lecture_7_-_OLS_review.pdf","https://github.com/mauricioromero86/mauricioromero86.github.io/releases/download/teaching-archive/Microeconometria_20202_Lecture_7_-_OLS_review.pdf","776076","62D7E92F74380B6989159E1109602BB0"
"Microeconometria","20212","Lecture 8 - Beyond basics of OLS.pdf","Microeconometria_20212_Lecture_8_-_Beyond_basics_of_OLS.pdf","https://github.com/mauricioromero86/mauricioromero86.github.io/releases/download/teaching-archive/Microeconometria_20212_Lecture_8_-_Beyond_basics_of_OLS.pdf","1109501","90803C7033B3E5A3FF42ECEBA97216B1"
"Microeconometria","20212","Lecture 8 - Notes.pdf","Microeconometria_20212_Lecture_8_-_Notes.pdf","https://github.com/mauricioromero86/mauricioromero86.github.io/releases/download/teaching-archive/Microeconometria_20212_Lecture_8_-_Notes.pdf","7171299","2D5C765A70346E9E6C9A97C769F31784"
"Microeconometria","20212","Lecture 9 - Notes.pdf","Microeconometria_20212_Lecture_9_-_Notes.pdf","https://github.com/mauricioromero86/mauricioromero86.github.io/releases/download/teaching-archive/Microeconometria_20212_Lecture_9_-_Notes.pdf","6608857","C196E14826E14ACDAE7854741B8126DE"
"Microeconometria","20212","Lecture 9 - Panel Data.pdf","Microeconometria_20202_Lecture_9_-_Panel_Data.pdf","https://github.com/mauricioromero86/mauricioromero86.github.io/releases/download/teaching-archive/Microeconometria_20202_Lecture_9_-_Panel_Data.pdf","202861","A266EF6D399924B3C080F37266C56C42"
"Microeconometria","20212","Syllabus_20212.pdf","Microeconometria_20212_Syllabus_20212.pdf","https://github.com/mauricioromero86/mauricioromero86.github.io/releases/download/teaching-archive/Microeconometria_20212_Syllabus_20212.pdf","94034","EC4C61CC13C3A30B539E49C349F46723"
"Microeconometria","20212","Taller1.pdf","Microeconometria_20212_Taller1.pdf","https://github.com/mauricioromero86/mauricioromero86.github.io/releases/download/teaching-archive/Microeconometria_20212_Taller1.pdf","126974","C5CABD75CBC3E5195B6167B9CD565857"
"Microeconometria","20212","Taller2.pdf","Microeconometria_20212_Taller2.pdf","https://github.com/mauricioromero86/mauricioromero86.github.io/releases/download/teaching-archive/Microeconometria_20212_Taller2.pdf","133662","D97BD2398E1D7A06181D79BA5B0C5529"
"Microeconometria","20212","Taller3.pdf","Microeconometria_20212_Taller3.pdf","https://github.com/mauricioromero86/mauricioromero86.github.io/releases/download/teaching-archive/Microeconometria_20212_Taller3.pdf","108588","FE9B59423378706C8E0A0218FAB73967"
"Microeconometria","20212","TallerExamen2.pdf","Microeconometria_20212_TallerExamen2.pdf","https://github.com/mauricioromero86/mauricioromero86.github.io/releases/download/teaching-archive/Microeconometria_20212_TallerExamen2.pdf","139158","31CB05870FE7F40A1AAF8438F4F0D359"
"Microeconometria","20212","TallerExamen3.pdf","Microeconometria_20212_TallerExamen3.pdf","https://github.com/mauricioromero86/mauricioromero86.github.io/releases/download/teaching-archive/Microeconometria_20212_TallerExamen3.pdf","132422","B1E14B162F75DDA1CC386F0908BD3980"
"Microeconometria","20231","Examen1.pdf","Microeconometria_20231_Examen1.pdf","https://github.com/mauricioromero86/mauricioromero86.github.io/releases/download/teaching-archive/Microeconometria_20231_Examen1.pdf","91859","37D224F2F1C8DDD6E5B68CD0E8759898"
"Microeconometria","20231","Lecture 0 - Course Admin.pdf","Microeconometria_20231_Lecture_0_-_Course_Admin.pdf","https://github.com/mauricioromero86/mauricioromero86.github.io/releases/download/teaching-archive/Microeconometria_20231_Lecture_0_-_Course_Admin.pdf","113702","7EBCC325A8A14909B238223F1303DD92"
"Microeconometria","20231","Lecture 1 - Introduction to R.pdf","Microeconometria_20212_Lecture_1_-_Introduction_to_R.pdf","https://github.com/mauricioromero86/mauricioromero86.github.io/releases/download/teaching-archive/Microeconometria_20212_Lecture_1_-_Introduction_to_R.pdf","932848","EE10DD3F9C86C2B3C18FE5DF474C7A93"
"Microeconometria","20231","Lecture 10 - Diff in Diff.pdf","Microeconometria_20202_Lecture_10_-_Diff_in_Diff.pdf","https://github.com/mauricioromero86/mauricioromero86.github.io/releases/download/teaching-archive/Microeconometria_20202_Lecture_10_-_Diff_in_Diff.pdf","1862938","EE0A4D5DC4924114D6A9958F41F6CEE3"
"Microeconometria","20231","Lecture 11 - IV.pdf","Microeconometria_20202_Lecture_11_-_IV.pdf","https://github.com/mauricioromero86/mauricioromero86.github.io/releases/download/teaching-archive/Microeconometria_20202_Lecture_11_-_IV.pdf","5270049","2C5033A0E255201864B91F63DFD7083A"
"Microeconometria","20231","Lecture 12 - RDD.pdf","Microeconometria_20202_Lecture_12_-_RDD.pdf","https://github.com/mauricioromero86/mauricioromero86.github.io/releases/download/teaching-archive/Microeconometria_20202_Lecture_12_-_RDD.pdf","11660017","7F952DEBAADFE1DE83D96169D2CDEC23"
"Microeconometria","20231","Lecture 2 - Working with data in R.pdf","Microeconometria_20212_Lecture_2_-_Working_with_data_in_R.pdf","https://github.com/mauricioromero86/mauricioromero86.github.io/releases/download/teaching-archive/Microeconometria_20212_Lecture_2_-_Working_with_data_in_R.pdf","1296395","A084F5A0F953C8BE9533E9E46BCA026F"
"Microeconometria","20231","Lecture 3 - Basics of programming.pdf","Microeconometria_20212_Lecture_3_-_Basics_of_programming.pdf","https://github.com/mauricioromero86/mauricioromero86.github.io/releases/download/teaching-archive/Microeconometria_20212_Lecture_3_-_Basics_of_programming.pdf","2283826","84E76A4C67FA15CDAD4B739C845DA068"
"Microeconometria","20231","Lecture 4 - Statistics Review.pdf","Microeconometria_20212_Lecture_4_-_Statistics_Review.pdf","https://github.com/mauricioromero86/mauricioromero86.github.io/releases/download/teaching-archive/Microeconometria_20212_Lecture_4_-_Statistics_Review.pdf","421347","8C11747C1EB82900D943E39E1BA792C2"
"Microeconometria","20231","Lecture 5 - Summarizing data.pdf","Microeconometria_20202_Lecture_5_-_Summarizing_data.pdf","https://github.com/mauricioromero86/mauricioromero86.github.io/releases/download/teaching-archive/Microeconometria_20202_Lecture_5_-_Summarizing_data.pdf","941806","B6211C4EC4968E6DFE6D3CF2C462696A"
"Microeconometria","20231","Lecture 6 - Potential outcomes and the experimental ideal.pdf","Microeconometria_20202_Lecture_6_-_Potential_outcomes_and_the_experimental_ideal.pdf","https://github.com/mauricioromero86/mauricioromero86.github.io/releases/download/teaching-archive/Microeconometria_20202_Lecture_6_-_Potential_outcomes_and_the_experimental_ideal.pdf","1656596","09E95C06C46CF61F8129E4CD5E09E864"
"Microeconometria","20231","Lecture 7 - OLS review.pdf","Microeconometria_20202_Lecture_7_-_OLS_review.pdf","https://github.com/mauricioromero86/mauricioromero86.github.io/releases/download/teaching-archive/Microeconometria_20202_Lecture_7_-_OLS_review.pdf","776076","62D7E92F74380B6989159E1109602BB0"
"Microeconometria","20231","Lecture 8 - Beyond basics of OLS.pdf","Microeconometria_20231_Lecture_8_-_Beyond_basics_of_OLS.pdf","https://github.com/mauricioromero86/mauricioromero86.github.io/releases/download/teaching-archive/Microeconometria_20231_Lecture_8_-_Beyond_basics_of_OLS.pdf","1109651","E30AFE0BFD58D421CA008ACB33D343B2"
"Microeconometria","20231","Lecture 9 - Panel Data.pdf","Microeconometria_20231_Lecture_9_-_Panel_Data.pdf","https://github.com/mauricioromero86/mauricioromero86.github.io/releases/download/teaching-archive/Microeconometria_20231_Lecture_9_-_Panel_Data.pdf","214468","0F2F2D39CF8466433210A1B54676B2B7"
"Microeconometria","20231","Syllabus_20231.pdf","Microeconometria_20231_Syllabus_20231.pdf","https://github.com/mauricioromero86/mauricioromero86.github.io/releases/download/teaching-archive/Microeconometria_20231_Syllabus_20231.pdf","95396","0826260CAB5055E77D8167505E8768E9"
"Microeconometria","20231","Taller1.pdf","Microeconometria_20231_Taller1.pdf","https://github.com/mauricioromero86/mauricioromero86.github.io/releases/download/teaching-archive/Microeconometria_20231_Taller1.pdf","145414","66B7A4E7BC8D6F513B77CC0DB87656D1"
"Microeconometria","20231","Taller2.pdf","Microeconometria_20231_Taller2.pdf","https://github.com/mauricioromero86/mauricioromero86.github.io/releases/download/teaching-archive/Microeconometria_20231_Taller2.pdf","134087","FA31874460C2A942C8D46F7E06F09970"
"Microeconometria","20231","Taller3.pdf","Microeconometria_20202_Taller3.pdf","https://github.com/mauricioromero86/mauricioromero86.github.io/releases/download/teaching-archive/Microeconometria_20202_Taller3.pdf","102354","D5430BD7DF226C4D05F1B53CAF9CEE4E"
"Microeconometria","20232","Difference_in_Difference__Examples.pdf","Microeconometria_20232_Difference_in_Difference__Examples.pdf","https://github.com/mauricioromero86/mauricioromero86.github.io/releases/download/teaching-archive/Microeconometria_20232_Difference_in_Difference__Examples.pdf","2943991","224433B4FC527138C9583AC5B9304FC1"
"Microeconometria","20232","Examen1.pdf","Microeconometria_20232_Examen1.pdf","https://github.com/mauricioromero86/mauricioromero86.github.io/releases/download/teaching-archive/Microeconometria_20232_Examen1.pdf","92444","48CD04B489238D074F2546D9DBC4E237"
"Microeconometria","20232","Lecture 0 - Course Admin.pdf","Microeconometria_20232_Lecture_0_-_Course_Admin.pdf","https://github.com/mauricioromero86/mauricioromero86.github.io/releases/download/teaching-archive/Microeconometria_20232_Lecture_0_-_Course_Admin.pdf","113749","C439DC0A2C1810451724958076711BE7"
"Microeconometria","20232","Lecture 1 - Introduction to R.pdf","Microeconometria_20212_Lecture_1_-_Introduction_to_R.pdf","https://github.com/mauricioromero86/mauricioromero86.github.io/releases/download/teaching-archive/Microeconometria_20212_Lecture_1_-_Introduction_to_R.pdf","932848","EE10DD3F9C86C2B3C18FE5DF474C7A93"
"Microeconometria","20232","Lecture 10 - Diff in Diff.pdf","Microeconometria_20202_Lecture_10_-_Diff_in_Diff.pdf","https://github.com/mauricioromero86/mauricioromero86.github.io/releases/download/teaching-archive/Microeconometria_20202_Lecture_10_-_Diff_in_Diff.pdf","1862938","EE0A4D5DC4924114D6A9958F41F6CEE3"
"Microeconometria","20232","Lecture 11 - IV.pdf","Microeconometria_20202_Lecture_11_-_IV.pdf","https://github.com/mauricioromero86/mauricioromero86.github.io/releases/download/teaching-archive/Microeconometria_20202_Lecture_11_-_IV.pdf","5270049","2C5033A0E255201864B91F63DFD7083A"
"Microeconometria","20232","Lecture 12 - RDD.pdf","Microeconometria_20202_Lecture_12_-_RDD.pdf","https://github.com/mauricioromero86/mauricioromero86.github.io/releases/download/teaching-archive/Microeconometria_20202_Lecture_12_-_RDD.pdf","11660017","7F952DEBAADFE1DE83D96169D2CDEC23"
"Microeconometria","20232","Lecture 13 - DID, IV, RDD implementation.pdf","Microeconometria_20232_Lecture_13_-_DID__IV__RDD_implementation.pdf","https://github.com/mauricioromero86/mauricioromero86.github.io/releases/download/teaching-archive/Microeconometria_20232_Lecture_13_-_DID__IV__RDD_implementation.pdf","1253452","898187861451B96CE13AA94339EC1B2E"
"Microeconometria","20232","Lecture 2 - Working with data in R.pdf","Microeconometria_20212_Lecture_2_-_Working_with_data_in_R.pdf","https://github.com/mauricioromero86/mauricioromero86.github.io/releases/download/teaching-archive/Microeconometria_20212_Lecture_2_-_Working_with_data_in_R.pdf","1296395","A084F5A0F953C8BE9533E9E46BCA026F"
"Microeconometria","20232","Lecture 3 - Basics of programming.pdf","Microeconometria_20212_Lecture_3_-_Basics_of_programming.pdf","https://github.com/mauricioromero86/mauricioromero86.github.io/releases/download/teaching-archive/Microeconometria_20212_Lecture_3_-_Basics_of_programming.pdf","2283826","84E76A4C67FA15CDAD4B739C845DA068"
"Microeconometria","20232","Lecture 4 - Statistics Review.pdf","Microeconometria_20212_Lecture_4_-_Statistics_Review.pdf","https://github.com/mauricioromero86/mauricioromero86.github.io/releases/download/teaching-archive/Microeconometria_20212_Lecture_4_-_Statistics_Review.pdf","421347","8C11747C1EB82900D943E39E1BA792C2"
"Microeconometria","20232","Lecture 5 - Summarizing data.pdf","Microeconometria_20202_Lecture_5_-_Summarizing_data.pdf","https://github.com/mauricioromero86/mauricioromero86.github.io/releases/download/teaching-archive/Microeconometria_20202_Lecture_5_-_Summarizing_data.pdf","941806","B6211C4EC4968E6DFE6D3CF2C462696A"
"Microeconometria","20232","Lecture 6 - Potential outcomes and the experimental ideal.pdf","Microeconometria_20202_Lecture_6_-_Potential_outcomes_and_the_experimental_ideal.pdf","https://github.com/mauricioromero86/mauricioromero86.github.io/releases/download/teaching-archive/Microeconometria_20202_Lecture_6_-_Potential_outcomes_and_the_experimental_ideal.pdf","1656596","09E95C06C46CF61F8129E4CD5E09E864"
"Microeconometria","20232","Lecture 7 - OLS review.pdf","Microeconometria_20202_Lecture_7_-_OLS_review.pdf","https://github.com/mauricioromero86/mauricioromero86.github.io/releases/download/teaching-archive/Microeconometria_20202_Lecture_7_-_OLS_review.pdf","776076","62D7E92F74380B6989159E1109602BB0"
"Microeconometria","20232","Lecture 8 - Beyond basics of OLS.pdf","Microeconometria_20231_Lecture_8_-_Beyond_basics_of_OLS.pdf","https://github.com/mauricioromero86/mauricioromero86.github.io/releases/download/teaching-archive/Microeconometria_20231_Lecture_8_-_Beyond_basics_of_OLS.pdf","1109651","E30AFE0BFD58D421CA008ACB33D343B2"
"Microeconometria","20232","Lecture 9 - Panel Data.pdf","Microeconometria_20231_Lecture_9_-_Panel_Data.pdf","https://github.com/mauricioromero86/mauricioromero86.github.io/releases/download/teaching-archive/Microeconometria_20231_Lecture_9_-_Panel_Data.pdf","214468","0F2F2D39CF8466433210A1B54676B2B7"
"Microeconometria","20232","Syllabus_20232.pdf","Microeconometria_20232_Syllabus_20232.pdf","https://github.com/mauricioromero86/mauricioromero86.github.io/releases/download/teaching-archive/Microeconometria_20232_Syllabus_20232.pdf","95407","641F8EACBC2D27079028E5737C7B2BFA"
"Microeconometria","20232","Taller1.pdf","Microeconometria_20232_Taller1.pdf","https://github.com/mauricioromero86/mauricioromero86.github.io/releases/download/teaching-archive/Microeconometria_20232_Taller1.pdf","127539","3FAF579B328B9018F622A873FD6F31E7"
"Microeconometria","20232","Taller2.pdf","Microeconometria_20232_Taller2.pdf","https://github.com/mauricioromero86/mauricioromero86.github.io/releases/download/teaching-archive/Microeconometria_20232_Taller2.pdf","136498","1FE6C76E1E317B517DA9192FDF0B6332"
"Microeconometria","20232","TallerExamen2.pdf","Microeconometria_20232_TallerExamen2.pdf","https://github.com/mauricioromero86/mauricioromero86.github.io/releases/download/teaching-archive/Microeconometria_20232_TallerExamen2.pdf","143303","ED2B0FBC74E4B71C0FFF8B05848969CA"
"Inferencia","20252","Lecture 0 - Course Admin.pdf","Microeconometria_20232_Lecture_0_-_Course_Admin.pdf","https://github.com/mauricioromero86/mauricioromero86.github.io/releases/download/teaching-archive/Microeconometria_20232_Lecture_0_-_Course_Admin.pdf","113749","C439DC0A2C1810451724958076711BE7"
"Inferencia","20252","Lecture 1 - Introduction to R.pdf","Microeconometria_20212_Lecture_1_-_Introduction_to_R.pdf","https://github.com/mauricioromero86/mauricioromero86.github.io/releases/download/teaching-archive/Microeconometria_20212_Lecture_1_-_Introduction_to_R.pdf","932848","EE10DD3F9C86C2B3C18FE5DF474C7A93"
"Inferencia","20252","Lecture 10 - Diff in Diff.pdf","Microeconometria_20202_Lecture_10_-_Diff_in_Diff.pdf","https://github.com/mauricioromero86/mauricioromero86.github.io/releases/download/teaching-archive/Microeconometria_20202_Lecture_10_-_Diff_in_Diff.pdf","1862938","EE0A4D5DC4924114D6A9958F41F6CEE3"
"Inferencia","20252","Lecture 11 - IV.pdf","Inferencia_20252_Lecture_11_-_IV.pdf","https://github.com/mauricioromero86/mauricioromero86.github.io/releases/download/teaching-archive/Inferencia_20252_Lecture_11_-_IV.pdf","5273277","CE3DEFEB16C749F42BD705C04AFB2D59"
"Inferencia","20252","Lecture 12 - RDD.pdf","Microeconometria_20202_Lecture_12_-_RDD.pdf","https://github.com/mauricioromero86/mauricioromero86.github.io/releases/download/teaching-archive/Microeconometria_20202_Lecture_12_-_RDD.pdf","11660017","7F952DEBAADFE1DE83D96169D2CDEC23"
"Inferencia","20252","Lecture 13 - DID, IV, RDD implementation.pdf","Microeconometria_20232_Lecture_13_-_DID__IV__RDD_implementation.pdf","https://github.com/mauricioromero86/mauricioromero86.github.io/releases/download/teaching-archive/Microeconometria_20232_Lecture_13_-_DID__IV__RDD_implementation.pdf","1253452","898187861451B96CE13AA94339EC1B2E"
"Inferencia","20252","Lecture 2 - Working with data in R.pdf","Microeconometria_20212_Lecture_2_-_Working_with_data_in_R.pdf","https://github.com/mauricioromero86/mauricioromero86.github.io/releases/download/teaching-archive/Microeconometria_20212_Lecture_2_-_Working_with_data_in_R.pdf","1296395","A084F5A0F953C8BE9533E9E46BCA026F"
"Inferencia","20252","Lecture 3 - Basics of programming.pdf","Microeconometria_20212_Lecture_3_-_Basics_of_programming.pdf","https://github.com/mauricioromero86/mauricioromero86.github.io/releases/download/teaching-archive/Microeconometria_20212_Lecture_3_-_Basics_of_programming.pdf","2283826","84E76A4C67FA15CDAD4B739C845DA068"
"Inferencia","20252","Lecture 4 - Statistics Review.pdf","Microeconometria_20212_Lecture_4_-_Statistics_Review.pdf","https://github.com/mauricioromero86/mauricioromero86.github.io/releases/download/teaching-archive/Microeconometria_20212_Lecture_4_-_Statistics_Review.pdf","421347","8C11747C1EB82900D943E39E1BA792C2"
"Inferencia","20252","Lecture 5 - Summarizing data.pdf","Microeconometria_20202_Lecture_5_-_Summarizing_data.pdf","https://github.com/mauricioromero86/mauricioromero86.github.io/releases/download/teaching-archive/Microeconometria_20202_Lecture_5_-_Summarizing_data.pdf","941806","B6211C4EC4968E6DFE6D3CF2C462696A"
"Inferencia","20252","Lecture 6 - Potential outcomes and the experimental ideal.pdf","Microeconometria_20202_Lecture_6_-_Potential_outcomes_and_the_experimental_ideal.pdf","https://github.com/mauricioromero86/mauricioromero86.github.io/releases/download/teaching-archive/Microeconometria_20202_Lecture_6_-_Potential_outcomes_and_the_experimental_ideal.pdf","1656596","09E95C06C46CF61F8129E4CD5E09E864"
"Inferencia","20252","Lecture 7 - OLS review.pdf","Microeconometria_20202_Lecture_7_-_OLS_review.pdf","https://github.com/mauricioromero86/mauricioromero86.github.io/releases/download/teaching-archive/Microeconometria_20202_Lecture_7_-_OLS_review.pdf","776076","62D7E92F74380B6989159E1109602BB0"
"Inferencia","20252","Lecture 8 - Beyond basics of OLS.pdf","Microeconometria_20231_Lecture_8_-_Beyond_basics_of_OLS.pdf","https://github.com/mauricioromero86/mauricioromero86.github.io/releases/download/teaching-archive/Microeconometria_20231_Lecture_8_-_Beyond_basics_of_OLS.pdf","1109651","E30AFE0BFD58D421CA008ACB33D343B2"
"Inferencia","20252","Lecture 9 - Panel Data.pdf","Microeconometria_20231_Lecture_9_-_Panel_Data.pdf","https://github.com/mauricioromero86/mauricioromero86.github.io/releases/download/teaching-archive/Microeconometria_20231_Lecture_9_-_Panel_Data.pdf","214468","0F2F2D39CF8466433210A1B54676B2B7"
"Inferencia","20252","Syllabus_20252.pdf","Inferencia_20252_Syllabus_20252.pdf","https://github.com/mauricioromero86/mauricioromero86.github.io/releases/download/teaching-archive/Inferencia_20252_Syllabus_20252.pdf","121429","945012F35631A9A672D89C503771EF78"
"Inferencia","20261","Syllabus_20261.pdf","Inferencia_20261_Syllabus_20261.pdf","https://github.com/mauricioromero86/mauricioromero86.github.io/releases/download/teaching-archive/Inferencia_20261_Syllabus_20261.pdf","117182","1677334686EDC281CB9C63F22116F724"
"AnalisisEmpirico","202601","Syllabus_202601.pdf","AnalisisEmpirico_202601_Syllabus_202601.pdf","https://github.com/mauricioromero86/mauricioromero86.github.io/releases/download/teaching-archive/AnalisisEmpirico_202601_Syllabus_202601.pdf","175216","E20FE8BC75A263FE6ACC9D65B17CFE7A"
"FieldExperiments","Bern2020","ComputerProject.pdf","FieldExperiments_Bern2020_ComputerProject.pdf","https://github.com/mauricioromero86/mauricioromero86.github.io/releases/download/teaching-archive/FieldExperiments_Bern2020_ComputerProject.pdf","162281","C91C933EFE7816E550B1173A06D4CE98"
"FieldExperiments","Bern2020","Lecture 1 - Introduction.pdf","FieldExperiments_Bern2020_Lecture_1_-_Introduction.pdf","https://github.com/mauricioromero86/mauricioromero86.github.io/releases/download/teaching-archive/FieldExperiments_Bern2020_Lecture_1_-_Introduction.pdf","235761","F76A45702812A63FDF7E91D760B49D6C"
"FieldExperiments","Bern2020","Lecture 2 - Power, Blocking, Stratification.pdf","FieldExperiments_Bern2020_Lecture_2_-_Power__Blocking__Stratification.pdf","https://github.com/mauricioromero86/mauricioromero86.github.io/releases/download/teaching-archive/FieldExperiments_Bern2020_Lecture_2_-_Power__Blocking__Stratification.pdf","381265","79CC6D906DEE6486A5D6DB17D5E777BA"
"FieldExperiments","Bern2020","Lecture 3 - Beyond the basics.pdf","FieldExperiments_Bern2020_Lecture_3_-_Beyond_the_basics.pdf","https://github.com/mauricioromero86/mauricioromero86.github.io/releases/download/teaching-archive/FieldExperiments_Bern2020_Lecture_3_-_Beyond_the_basics.pdf","453283","F1D1D477A877175C6C782A32C3154A85"
"FieldExperiments","Bern2020","Lecture 4 - Treatment Effects Heterogeneity.pdf","FieldExperiments_Bern2020_Lecture_4_-_Treatment_Effects_Heterogeneity.pdf","https://github.com/mauricioromero86/mauricioromero86.github.io/releases/download/teaching-archive/FieldExperiments_Bern2020_Lecture_4_-_Treatment_Effects_Heterogeneity.pdf","170356","9791763DC02AFE2044A384CF316B91AC"
"FieldExperiments","Bern2020","Lecture 5 - Spillovers.pdf","FieldExperiments_Bern2020_Lecture_5_-_Spillovers.pdf","https://github.com/mauricioromero86/mauricioromero86.github.io/releases/download/teaching-archive/FieldExperiments_Bern2020_Lecture_5_-_Spillovers.pdf","285291","DB88DA355C04F9B9DF0FDED484897640"
"FieldExperiments","Bern2020","Lecture 6 - Practical, theoretical, and ethical considerations.pdf","FieldExperiments_Bern2020_Lecture_6_-_Practical__theoretical__and_ethical_considerations.pdf","https://github.com/mauricioromero86/mauricioromero86.github.io/releases/download/teaching-archive/FieldExperiments_Bern2020_Lecture_6_-_Practical__theoretical__and_ethical_considerations.pdf","105601","34695CAF7F86335F6E149D927A1DD6AC"
"FieldExperiments","Bern2020","Lecture 7 - Education RCTs.pdf","FieldExperiments_Bern2020_Lecture_7_-_Education_RCTs.pdf","https://github.com/mauricioromero86/mauricioromero86.github.io/releases/download/teaching-archive/FieldExperiments_Bern2020_Lecture_7_-_Education_RCTs.pdf","7429260","92EA890F1F5F692A87F6AAD3C43DE1E8"
"FieldExperiments","Bern2020","Syllabus.pdf","FieldExperiments_Bern2020_Syllabus.pdf","https://github.com/mauricioromero86/mauricioromero86.github.io/releases/download/teaching-archive/FieldExperiments_Bern2020_Syllabus.pdf","260076","5224C51A7368472EDAADDB0512DAD3EB"
"TeoJuegos201319","","DistrBanner.pdf","TeoJuegos201319_DistrBanner.pdf","https://github.com/mauricioromero86/mauricioromero86.github.io/releases/download/teaching-archive/TeoJuegos201319_DistrBanner.pdf","4505","5EA5AA1F64B5EE459683DAD2CC6030C7"
"TeoJuegos201319","","NotaFinal.pdf","TeoJuegos201319_NotaFinal.pdf","https://github.com/mauricioromero86/mauricioromero86.github.io/releases/download/teaching-archive/TeoJuegos201319_NotaFinal.pdf","7402","C8475B724C9FB3B01DE928B41867233A"
"TeoJuegos201319","","Notas.pdf","TeoJuegos201319_Notas.pdf","https://github.com/mauricioromero86/mauricioromero86.github.io/releases/download/teaching-archive/TeoJuegos201319_Notas.pdf","1118553","EEBABB1759764D299EA561CDC8279175"
"TeoJuegos201319","","Parcial1.pdf","TeoJuegos201319_Parcial1.pdf","https://github.com/mauricioromero86/mauricioromero86.github.io/releases/download/teaching-archive/TeoJuegos201319_Parcial1.pdf","114954","8A49D086D6CF77019D3512C98EC10453"
"TeoJuegos201319","","Parcial1Distr.pdf","TeoJuegos201319_Parcial1Distr.pdf","https://github.com/mauricioromero86/mauricioromero86.github.io/releases/download/teaching-archive/TeoJuegos201319_Parcial1Distr.pdf","7353","82C5DCB08E1D113B4843D000F48F84EC"
"TeoJuegos201319","","Parcial2b.pdf","TeoJuegos201319_Parcial2b.pdf","https://github.com/mauricioromero86/mauricioromero86.github.io/releases/download/teaching-archive/TeoJuegos201319_Parcial2b.pdf","163745","DC78293761A9AD71BC4E47147AD64DFC"
"TeoJuegos201319","","Parcial2bSol.pdf","TeoJuegos201319_Parcial2bSol.pdf","https://github.com/mauricioromero86/mauricioromero86.github.io/releases/download/teaching-archive/TeoJuegos201319_Parcial2bSol.pdf","295844","198F65EA84256412DFCFA9483B742911"
"TeoJuegos201319","","Parcial2Distr.pdf","TeoJuegos201319_Parcial2Distr.pdf","https://github.com/mauricioromero86/mauricioromero86.github.io/releases/download/teaching-archive/TeoJuegos201319_Parcial2Distr.pdf","7058","1D2217A729D2B96B5E659D7651559B10"
"TeoJuegos201319","","SyllabusTeoJuegos201319.pdf","TeoJuegos201319_SyllabusTeoJuegos201319.pdf","https://github.com/mauricioromero86/mauricioromero86.github.io/releases/download/teaching-archive/TeoJuegos201319_SyllabusTeoJuegos201319.pdf","78214","EE43B02E967082F3E3242E4372925C7E"
"TeoJuegos201319","","Taller 1.pdf","TeoJuegos201319_Taller_1.pdf","https://github.com/mauricioromero86/mauricioromero86.github.io/releases/download/teaching-archive/TeoJuegos201319_Taller_1.pdf","41971","FC60F70A3B44FB3FA02C55509F12C6A9"
"TeoJuegos201319","","Taller 2.pdf","TeoJuegos201319_Taller_2.pdf","https://github.com/mauricioromero86/mauricioromero86.github.io/releases/download/teaching-archive/TeoJuegos201319_Taller_2.pdf","54984","C01F5CE93433E36587F705B2D4365761"
"TeoJuegos201319","","Taller 3.pdf","TeoJuegos201319_Taller_3.pdf","https://github.com/mauricioromero86/mauricioromero86.github.io/releases/download/teaching-archive/TeoJuegos201319_Taller_3.pdf","57109","CB8712129944D74CAA3EDC555066F0E1"
"TeoJuegos201319","","Taller1.pdf","TeoJuegos201319_Taller_1.pdf","https://github.com/mauricioromero86/mauricioromero86.github.io/releases/download/teaching-archive/TeoJuegos201319_Taller_1.pdf","41971","FC60F70A3B44FB3FA02C55509F12C6A9"
"TeoJuegos201319","","Taller10.pdf","TeoJuegos201319_Taller10.pdf","https://github.com/mauricioromero86/mauricioromero86.github.io/releases/download/teaching-archive/TeoJuegos201319_Taller10.pdf","61786","CC189CA22599E9DC016748062CA38ABD"
"TeoJuegos201319","","Taller10Sol.pdf","TeoJuegos201319_Taller10Sol.pdf","https://github.com/mauricioromero86/mauricioromero86.github.io/releases/download/teaching-archive/TeoJuegos201319_Taller10Sol.pdf","367042","378105464067AE87941752339BF00ACE"
"TeoJuegos201319","","Taller11.pdf","TeoJuegos201319_Taller11.pdf","https://github.com/mauricioromero86/mauricioromero86.github.io/releases/download/teaching-archive/TeoJuegos201319_Taller11.pdf","202754","1033FF53AF13AB66ED535BAD887DB6DF"
"TeoJuegos201319","","Taller11Sol.pdf","TeoJuegos201319_Taller11Sol.pdf","https://github.com/mauricioromero86/mauricioromero86.github.io/releases/download/teaching-archive/TeoJuegos201319_Taller11Sol.pdf","740380","A8C4ADE879AAD97D906045B492FD6699"
"TeoJuegos201319","","Taller1Sol.pdf","TeoJuegos201319_Taller1Sol.pdf","https://github.com/mauricioromero86/mauricioromero86.github.io/releases/download/teaching-archive/TeoJuegos201319_Taller1Sol.pdf","831361","416376342D75A2956D76374A942817A2"
"TeoJuegos201319","","Taller2.pdf","TeoJuegos201319_Taller_2.pdf","https://github.com/mauricioromero86/mauricioromero86.github.io/releases/download/teaching-archive/TeoJuegos201319_Taller_2.pdf","54984","C01F5CE93433E36587F705B2D4365761"
"TeoJuegos201319","","Taller2Sol.pdf","TeoJuegos201319_Taller2Sol.pdf","https://github.com/mauricioromero86/mauricioromero86.github.io/releases/download/teaching-archive/TeoJuegos201319_Taller2Sol.pdf","66239","E81FD44C891DBCD2DF6EDCD14FBB5FCE"
"TeoJuegos201319","","Taller3.pdf","TeoJuegos201319_Taller_3.pdf","https://github.com/mauricioromero86/mauricioromero86.github.io/releases/download/teaching-archive/TeoJuegos201319_Taller_3.pdf","57109","CB8712129944D74CAA3EDC555066F0E1"
"TeoJuegos201319","","Taller3Sol.pdf","TeoJuegos201319_Taller3Sol.pdf","https://github.com/mauricioromero86/mauricioromero86.github.io/releases/download/teaching-archive/TeoJuegos201319_Taller3Sol.pdf","1395718","5456231720A5C071A386ADF0DB68CB03"
"TeoJuegos201319","","Taller4.pdf","TeoJuegos201319_Taller4.pdf","https://github.com/mauricioromero86/mauricioromero86.github.io/releases/download/teaching-archive/TeoJuegos201319_Taller4.pdf","275359","3B5C0A2498E8E7E2910CC64C80CC0F3C"
"TeoJuegos201319","","Taller4Sol.pdf","TeoJuegos201319_Taller4Sol.pdf","https://github.com/mauricioromero86/mauricioromero86.github.io/releases/download/teaching-archive/TeoJuegos201319_Taller4Sol.pdf","1035726","32071C74251DBA42CFE8905BD19E5A1F"
"TeoJuegos201319","","Taller5.pdf","TeoJuegos201319_Taller5.pdf","https://github.com/mauricioromero86/mauricioromero86.github.io/releases/download/teaching-archive/TeoJuegos201319_Taller5.pdf","52243","3F080D2524C07A341531D735A1EA333C"
"TeoJuegos201319","","Taller5Sol.pdf","TeoJuegos201319_Taller5Sol.pdf","https://github.com/mauricioromero86/mauricioromero86.github.io/releases/download/teaching-archive/TeoJuegos201319_Taller5Sol.pdf","968946","BFB0B33E95B281FEB6669792DD9AC0D4"
"TeoJuegos201319","","Taller6.pdf","TeoJuegos201319_Taller6.pdf","https://github.com/mauricioromero86/mauricioromero86.github.io/releases/download/teaching-archive/TeoJuegos201319_Taller6.pdf","1927191","82193E9E6402653D850ABB3684E1CB9A"
"TeoJuegos201319","","Taller6Sol.pdf","TeoJuegos201319_Taller6Sol.pdf","https://github.com/mauricioromero86/mauricioromero86.github.io/releases/download/teaching-archive/TeoJuegos201319_Taller6Sol.pdf","1480589","E73F6A35C6CC8CC7D8066FAD5FCA1FCD"
"TeoJuegos201319","","Taller7.pdf","TeoJuegos201319_Taller7.pdf","https://github.com/mauricioromero86/mauricioromero86.github.io/releases/download/teaching-archive/TeoJuegos201319_Taller7.pdf","54758","E943705BF791CABAD91BE077A3630420"
"TeoJuegos201319","","Taller7Sol.pdf","TeoJuegos201319_Taller7Sol.pdf","https://github.com/mauricioromero86/mauricioromero86.github.io/releases/download/teaching-archive/TeoJuegos201319_Taller7Sol.pdf","1604407","1B999AD849D382D63CA68D1872AFDD22"
"TeoJuegos201319","","Taller8.pdf","TeoJuegos201319_Taller8.pdf","https://github.com/mauricioromero86/mauricioromero86.github.io/releases/download/teaching-archive/TeoJuegos201319_Taller8.pdf","531778","AA1AC0406881120149A5E4A081C903C1"
"TeoJuegos201319","","Taller8Sol.pdf","TeoJuegos201319_Taller8Sol.pdf","https://github.com/mauricioromero86/mauricioromero86.github.io/releases/download/teaching-archive/TeoJuegos201319_Taller8Sol.pdf","865650","B3108DAB083F9E62E5B7E1B806F769CD"
"TeoJuegos201319","","Taller9.pdf","TeoJuegos201319_Taller9.pdf","https://github.com/mauricioromero86/mauricioromero86.github.io/releases/download/teaching-archive/TeoJuegos201319_Taller9.pdf","52332","AAF2038BB7872C2F2B852FE71ACB433B"
"TeoJuegos201319","","Taller9Sol.pdf","TeoJuegos201319_Taller9Sol.pdf","https://github.com/mauricioromero86/mauricioromero86.github.io/releases/download/teaching-archive/TeoJuegos201319_Taller9Sol.pdf","58948","F62E21FDB0B9EA8139E2F71D644B6B7A"
"TeoJuegos201319","","Taller9Sol1.pdf","TeoJuegos201319_Taller9Sol1.pdf","https://github.com/mauricioromero86/mauricioromero86.github.io/releases/download/teaching-archive/TeoJuegos201319_Taller9Sol1.pdf","904448","1728AEE04486ACD046AC2013A31EED58"
"TeoJuegos201319","","Taller9Sol2.pdf","TeoJuegos201319_Taller9Sol2.pdf","https://github.com/mauricioromero86/mauricioromero86.github.io/releases/download/teaching-archive/TeoJuegos201319_Taller9Sol2.pdf","801138","98D81394547398CF7DE4A8C7EC1FB973"
"TeoJuegos201319","","TallerP.pdf","TeoJuegos201319_TallerP.pdf","https://github.com/mauricioromero86/mauricioromero86.github.io/releases/download/teaching-archive/TeoJuegos201319_TallerP.pdf","133062","D6D35F206630E8B8004D6A26B550993B"
"TeoJuegos201319","","TallerParcial.pdf","TeoJuegos201319_TallerParcial.pdf","https://github.com/mauricioromero86/mauricioromero86.github.io/releases/download/teaching-archive/TeoJuegos201319_TallerParcial.pdf","143772","1F500DF5CED608628764874B5CDB8042"
"TeoJuegos201419","","CV-ENG.pdf","TeoJuegos201419_CV-ENG.pdf","https://github.com/mauricioromero86/mauricioromero86.github.io/releases/download/teaching-archive/TeoJuegos201419_CV-ENG.pdf","98793","9EE8BFC12B97145D360509E62706FBD5"
"TeoJuegos201419","","DistrBanner.pdf","TeoJuegos201419_DistrBanner.pdf","https://github.com/mauricioromero86/mauricioromero86.github.io/releases/download/teaching-archive/TeoJuegos201419_DistrBanner.pdf","4503","B542C1F7465C8A6E59ECF05566CC1ED9"
"TeoJuegos201419","","Notas.pdf","TeoJuegos201419_Notas.pdf","https://github.com/mauricioromero86/mauricioromero86.github.io/releases/download/teaching-archive/TeoJuegos201419_Notas.pdf","1122147","6A3570C4619F1D72EBB2433AFAD41F61"
"TeoJuegos201419","","Parcial1.pdf","TeoJuegos201419_Parcial1.pdf","https://github.com/mauricioromero86/mauricioromero86.github.io/releases/download/teaching-archive/TeoJuegos201419_Parcial1.pdf","153853","A8D28C2B07487D0DC875296047848186"
"TeoJuegos201419","","Parcial1Distr.pdf","TeoJuegos201419_Parcial1Distr.pdf","https://github.com/mauricioromero86/mauricioromero86.github.io/releases/download/teaching-archive/TeoJuegos201419_Parcial1Distr.pdf","4493","BFD4473E947B5AF6F39E12A75DD0BF11"
"TeoJuegos201419","","Parcial2.pdf","TeoJuegos201419_Parcial2.pdf","https://github.com/mauricioromero86/mauricioromero86.github.io/releases/download/teaching-archive/TeoJuegos201419_Parcial2.pdf","256382","77ACE34A4B3479A88638D292EC8ADC7D"
"TeoJuegos201419","","Parcial2Distr.pdf","TeoJuegos201419_Parcial2Distr.pdf","https://github.com/mauricioromero86/mauricioromero86.github.io/releases/download/teaching-archive/TeoJuegos201419_Parcial2Distr.pdf","4449","7FE3C6D88E398FAA72DECA4975C2367C"
"TeoJuegos201419","","Parcial2Sol.pdf","TeoJuegos201419_Parcial2Sol.pdf","https://github.com/mauricioromero86/mauricioromero86.github.io/releases/download/teaching-archive/TeoJuegos201419_Parcial2Sol.pdf","374707","A4F3A2D509DC00FE951019DAA79E0323"
"TeoJuegos201419","","Quiz1.pdf","TeoJuegos201419_Quiz1.pdf","https://github.com/mauricioromero86/mauricioromero86.github.io/releases/download/teaching-archive/TeoJuegos201419_Quiz1.pdf","40817","AACF584E416CDFD8B6C602DE807C0B16"
"TeoJuegos201419","","Quiz1Sol.pdf","TeoJuegos201419_Quiz1Sol.pdf","https://github.com/mauricioromero86/mauricioromero86.github.io/releases/download/teaching-archive/TeoJuegos201419_Quiz1Sol.pdf","172435","2102C52FCFEE23842C335A211A45B8DD"
"TeoJuegos201419","","Quiz2.pdf","TeoJuegos201419_Quiz2.pdf","https://github.com/mauricioromero86/mauricioromero86.github.io/releases/download/teaching-archive/TeoJuegos201419_Quiz2.pdf","139432","C9B3E4238A760621F2EED9DBE0D203B9"
"TeoJuegos201419","","Quiz2Sol.pdf","TeoJuegos201419_Quiz2Sol.pdf","https://github.com/mauricioromero86/mauricioromero86.github.io/releases/download/teaching-archive/TeoJuegos201419_Quiz2Sol.pdf","159529","D678D77F7F1701D7A0D977CA8348502A"
"TeoJuegos201419","","SyllabusTeoJuegos201419.pdf","TeoJuegos201419_SyllabusTeoJuegos201419.pdf","https://github.com/mauricioromero86/mauricioromero86.github.io/releases/download/teaching-archive/TeoJuegos201419_SyllabusTeoJuegos201419.pdf","78328","E63D1C8965E203A3A41BEC91EE86ED1C"
"TeoJuegos201419","","Taller1.pdf","TeoJuegos201419_Taller1.pdf","https://github.com/mauricioromero86/mauricioromero86.github.io/releases/download/teaching-archive/TeoJuegos201419_Taller1.pdf","75027","90DA2F141780551B3EBC7DCCC89B73F0"
"TeoJuegos201419","","Taller10.pdf","TeoJuegos201419_Taller10.pdf","https://github.com/mauricioromero86/mauricioromero86.github.io/releases/download/teaching-archive/TeoJuegos201419_Taller10.pdf","77697","DDC91F466DDFD4B59ADEECDE5A97DB13"
"TeoJuegos201419","","Taller10Sol.pdf","TeoJuegos201419_Taller10Sol.pdf","https://github.com/mauricioromero86/mauricioromero86.github.io/releases/download/teaching-archive/TeoJuegos201419_Taller10Sol.pdf","342221","6EF70BDB5FE867E9E2E8E7504FC4A6EA"
"TeoJuegos201419","","Taller1Sol.pdf","TeoJuegos201419_Taller1Sol.pdf","https://github.com/mauricioromero86/mauricioromero86.github.io/releases/download/teaching-archive/TeoJuegos201419_Taller1Sol.pdf","136428","420E32B76CE02C69151898862BC6EFA0"
"TeoJuegos201419","","Taller2.pdf","TeoJuegos201419_Taller2.pdf","https://github.com/mauricioromero86/mauricioromero86.github.io/releases/download/teaching-archive/TeoJuegos201419_Taller2.pdf","68865","A07CB2250A36E2CA38E7261627BCE0DD"
"TeoJuegos201419","","Taller2Sol.pdf","TeoJuegos201419_Taller2Sol.pdf","https://github.com/mauricioromero86/mauricioromero86.github.io/releases/download/teaching-archive/TeoJuegos201419_Taller2Sol.pdf","117127","D57D6721B6D48C801D87E279E064A10B"
"TeoJuegos201419","","Taller3.pdf","TeoJuegos201419_Taller3.pdf","https://github.com/mauricioromero86/mauricioromero86.github.io/releases/download/teaching-archive/TeoJuegos201419_Taller3.pdf","17400","CBE3B9F537664E02FEFE1EDEB4F5CAAF"
"TeoJuegos201419","","Taller3Sol.pdf","TeoJuegos201419_Taller3Sol.pdf","https://github.com/mauricioromero86/mauricioromero86.github.io/releases/download/teaching-archive/TeoJuegos201419_Taller3Sol.pdf","2145674","7D43E30BEE67D269968222CE7A5BE5D2"
"TeoJuegos201419","","Taller4.pdf","TeoJuegos201419_Taller4.pdf","https://github.com/mauricioromero86/mauricioromero86.github.io/releases/download/teaching-archive/TeoJuegos201419_Taller4.pdf","36071","443784164D2290C88A765FBFA4697AFA"
"TeoJuegos201419","","Taller4Sol.pdf","TeoJuegos201419_Taller4Sol.pdf","https://github.com/mauricioromero86/mauricioromero86.github.io/releases/download/teaching-archive/TeoJuegos201419_Taller4Sol.pdf","108365","E269E2BD88923F292344A5CABF05EB8B"
"TeoJuegos201419","","Taller5.pdf","TeoJuegos201419_Taller5.pdf","https://github.com/mauricioromero86/mauricioromero86.github.io/releases/download/teaching-archive/TeoJuegos201419_Taller5.pdf","105410","E6A93A3D9718EE290120F7B407AAF7AC"
"TeoJuegos201419","","Taller5Sol.pdf","TeoJuegos201419_Taller5Sol.pdf","https://github.com/mauricioromero86/mauricioromero86.github.io/releases/download/teaching-archive/TeoJuegos201419_Taller5Sol.pdf","124073","39354D3840063A18D1C29E5882247BE6"
"TeoJuegos201419","","Taller6.pdf","TeoJuegos201419_Taller6.pdf","https://github.com/mauricioromero86/mauricioromero86.github.io/releases/download/teaching-archive/TeoJuegos201419_Taller6.pdf","105264","76BA66FDA96A050D5A09099E5D35DBD4"
"TeoJuegos201419","","Taller6Sol.pdf","TeoJuegos201419_Taller6Sol.pdf","https://github.com/mauricioromero86/mauricioromero86.github.io/releases/download/teaching-archive/TeoJuegos201419_Taller6Sol.pdf","81888","F3DB35745B47A749610DA9FB12BC0C73"
"TeoJuegos201419","","Taller7.pdf","TeoJuegos201419_Taller7.pdf","https://github.com/mauricioromero86/mauricioromero86.github.io/releases/download/teaching-archive/TeoJuegos201419_Taller7.pdf","32217","B0FDC0C1E8CF4EE6141F20ACF559890C"
"TeoJuegos201419","","Taller7Sol.pdf","TeoJuegos201419_Taller7Sol.pdf","https://github.com/mauricioromero86/mauricioromero86.github.io/releases/download/teaching-archive/TeoJuegos201419_Taller7Sol.pdf","174881","56F8FD2C04299836313CD88D10A56261"
"TeoJuegos201419","","Taller8.pdf","TeoJuegos201419_Taller8.pdf","https://github.com/mauricioromero86/mauricioromero86.github.io/releases/download/teaching-archive/TeoJuegos201419_Taller8.pdf","113360","7836D2D8E85CEB6EFB43C964D677A602"
"TeoJuegos201419","","Taller8Sol.pdf","TeoJuegos201419_Taller8Sol.pdf","https://github.com/mauricioromero86/mauricioromero86.github.io/releases/download/teaching-archive/TeoJuegos201419_Taller8Sol.pdf","245472","37315F255D096B3C506C7E4298BAEDA0"
"TeoJuegos201419","","Taller9.pdf","TeoJuegos201419_Taller9.pdf","https://github.com/mauricioromero86/mauricioromero86.github.io/releases/download/teaching-archive/TeoJuegos201419_Taller9.pdf","80993","5A7989B467CE0BED3A9CFF1935CD58BE"
"TeoJuegos201419","","Taller9Sol.pdf","TeoJuegos201419_Taller9Sol.pdf","https://github.com/mauricioromero86/mauricioromero86.github.io/releases/download/teaching-archive/TeoJuegos201419_Taller9Sol.pdf","372118","0A56539E3EE994A1B40F91EA0CB3D442"
"MicroII201819","","Notas.pdf","MicroII201819_Notas.pdf","https://github.com/mauricioromero86/mauricioromero86.github.io/releases/download/teaching-archive/MicroII201819_Notas.pdf","1221042","FA7AC58CC9604682B9F8230251B2AC10"
"MicroII201819","","Parcial1.pdf","MicroII201819_Parcial1.pdf","https://github.com/mauricioromero86/mauricioromero86.github.io/releases/download/teaching-archive/MicroII201819_Parcial1.pdf","158253","E8D0673061485D7CFA182A55F283237D"
"MicroII201819","","Parcial2.pdf","MicroII201819_Parcial2.pdf","https://github.com/mauricioromero86/mauricioromero86.github.io/releases/download/teaching-archive/MicroII201819_Parcial2.pdf","117280","B6FA5850718619D19E4765E804BDF08F"
"MicroII201819","","Parcial2Sol.pdf","MicroII201819_Parcial2Sol.pdf","https://github.com/mauricioromero86/mauricioromero86.github.io/releases/download/teaching-archive/MicroII201819_Parcial2Sol.pdf","219346","AE950AF0DC76B90E42D2690DC34E28BA"
"MicroII201819","","Quiz1.pdf","MicroII201819_Quiz1.pdf","https://github.com/mauricioromero86/mauricioromero86.github.io/releases/download/teaching-archive/MicroII201819_Quiz1.pdf","241134","4C15AC404A04E1FB012EF19C7BC541CF"
"MicroII201819","","Quiz2.pdf","MicroII201819_Quiz2.pdf","https://github.com/mauricioromero86/mauricioromero86.github.io/releases/download/teaching-archive/MicroII201819_Quiz2.pdf","105949","AD8CB9B6E5D09A2924688B5E94025BA4"
"MicroII201819","","Quiz3.pdf","MicroII201819_Quiz3.pdf","https://github.com/mauricioromero86/mauricioromero86.github.io/releases/download/teaching-archive/MicroII201819_Quiz3.pdf","161203","AB45127FB4861507CCD2D6578DF3E595"
"MicroII201819","","Quiz4.pdf","MicroII201819_Quiz4.pdf","https://github.com/mauricioromero86/mauricioromero86.github.io/releases/download/teaching-archive/MicroII201819_Quiz4.pdf","135836","6D1D3F8CB9BDBF2531F07A4459E90474"
"MicroII201819","","SolQuiz1.pdf","MicroII201819_SolQuiz1.pdf","https://github.com/mauricioromero86/mauricioromero86.github.io/releases/download/teaching-archive/MicroII201819_SolQuiz1.pdf","3242489","746E21099B1FC5D1E03C96C0C8CECABF"
"MicroII201819","","SolQuiz3.pdf","MicroII201819_SolQuiz3.pdf","https://github.com/mauricioromero86/mauricioromero86.github.io/releases/download/teaching-archive/MicroII201819_SolQuiz3.pdf","4150842","ED448BAEEF131AA31B8B3DD705002696"
"MicroII201819","","SolQuiz4.pdf","MicroII201819_SolQuiz4.pdf","https://github.com/mauricioromero86/mauricioromero86.github.io/releases/download/teaching-archive/MicroII201819_SolQuiz4.pdf","7672200","7D3F781497BCB9B3608B61F9DB2174C2"
"MicroII201819","","SolucionTaller6.pdf","MicroII201819_SolucionTaller6.pdf","https://github.com/mauricioromero86/mauricioromero86.github.io/releases/download/teaching-archive/MicroII201819_SolucionTaller6.pdf","3392370","4799BF27119E34CBE3DC1E409EE1BBBF"
"MicroII201819","","SolucionTaller7.pdf","MicroII201819_SolucionTaller7.pdf","https://github.com/mauricioromero86/mauricioromero86.github.io/releases/download/teaching-archive/MicroII201819_SolucionTaller7.pdf","4549603","3F5E4596D040B89E736C5C8F8B525600"
"MicroII201819","","Syllabus.pdf","MicroII201819_Syllabus.pdf","https://github.com/mauricioromero86/mauricioromero86.github.io/releases/download/teaching-archive/MicroII201819_Syllabus.pdf","132034","CD3E11DF01A4AC78B3E50E16FD4F124C"
"MicroII201819","","Taller1.pdf","MicroII201819_Taller1.pdf","https://github.com/mauricioromero86/mauricioromero86.github.io/releases/download/teaching-archive/MicroII201819_Taller1.pdf","77478","B5D489F32A51D8DA6DC690FD44D40652"
"MicroII201819","","Taller2.pdf","MicroII201819_Taller2.pdf","https://github.com/mauricioromero86/mauricioromero86.github.io/releases/download/teaching-archive/MicroII201819_Taller2.pdf","121854","2908C9A51EE998DDC38CA36EB4336651"
"MicroII201819","","Taller3.pdf","MicroII201819_Taller3.pdf","https://github.com/mauricioromero86/mauricioromero86.github.io/releases/download/teaching-archive/MicroII201819_Taller3.pdf","115250","64E57E9B41CBEFF6A445840FDFBE07DC"
"MicroII201819","","Taller4.pdf","MicroII201819_Taller4.pdf","https://github.com/mauricioromero86/mauricioromero86.github.io/releases/download/teaching-archive/MicroII201819_Taller4.pdf","136194","7E20415CEC7E4D66E2F856F242F23A37"
"MicroII201819","","Taller5.pdf","MicroII201819_Taller5.pdf","https://github.com/mauricioromero86/mauricioromero86.github.io/releases/download/teaching-archive/MicroII201819_Taller5.pdf","126630","06B3A55B7608634A6D16FACD85FE8E7B"
"MicroII201819","","Taller6.pdf","MicroII201819_Taller6.pdf","https://github.com/mauricioromero86/mauricioromero86.github.io/releases/download/teaching-archive/MicroII201819_Taller6.pdf","74205","8F91CF0618AEA77D3090E49A1540AEBA"
"MicroII201819","","Taller7.pdf","MicroII201819_Taller7.pdf","https://github.com/mauricioromero86/mauricioromero86.github.io/releases/download/teaching-archive/MicroII201819_Taller7.pdf","114862","0B28E6602EF2EB2927AED414633C9F1D"
"MicroII201819","","Taller8.pdf","MicroII201819_Taller8.pdf","https://github.com/mauricioromero86/mauricioromero86.github.io/releases/download/teaching-archive/MicroII201819_Taller8.pdf","120662","0E61CE12D75A0AFAFFA0C0B92269283D"
"MicroIII201619","","notas_micro.pdf","MicroIII201619_notas_micro.pdf","https://github.com/mauricioromero86/mauricioromero86.github.io/releases/download/teaching-archive/MicroIII201619_notas_micro.pdf","1675488","20E63ACB3C67D6A01610716F9E7BE370"
"MicroIII201619","","Parcial1.pdf","MicroIII201619_Parcial1.pdf","https://github.com/mauricioromero86/mauricioromero86.github.io/releases/download/teaching-archive/MicroIII201619_Parcial1.pdf","143631","D7105E665F96909E9DA5CF162F528A91"
"MicroIII201619","","Parcial1Sol.pdf","MicroIII201619_Parcial1Sol.pdf","https://github.com/mauricioromero86/mauricioromero86.github.io/releases/download/teaching-archive/MicroIII201619_Parcial1Sol.pdf","196269","3BEF1C2059457A667A87493614F45225"
"MicroIII201619","","problemascompilados.pdf","MicroIII201619_problemascompilados.pdf","https://github.com/mauricioromero86/mauricioromero86.github.io/releases/download/teaching-archive/MicroIII201619_problemascompilados.pdf","296145","C54AC2B64CB5BCB7A62781D02AA98D92"
"MicroIII201619","","Quiz1.pdf","MicroIII201619_Quiz1.pdf","https://github.com/mauricioromero86/mauricioromero86.github.io/releases/download/teaching-archive/MicroIII201619_Quiz1.pdf","121533","A8AD507C8E14F41EBA44CC7067681606"
"MicroIII201619","","Quiz1Sol.pdf","MicroIII201619_Quiz1Sol.pdf","https://github.com/mauricioromero86/mauricioromero86.github.io/releases/download/teaching-archive/MicroIII201619_Quiz1Sol.pdf","1136527","C963ECBEE6859AF0F71C941FEC0A8E9C"
"MicroIII201619","","Quiz2.pdf","MicroIII201619_Quiz2.pdf","https://github.com/mauricioromero86/mauricioromero86.github.io/releases/download/teaching-archive/MicroIII201619_Quiz2.pdf","65116","9AE23D269297B229352D3F10D8E951DA"
"MicroIII201619","","Quiz2Sol.pdf","MicroIII201619_Quiz2Sol.pdf","https://github.com/mauricioromero86/mauricioromero86.github.io/releases/download/teaching-archive/MicroIII201619_Quiz2Sol.pdf","104612","8859F88B0BBC3C9606CF179EDA97D5EA"
"MicroIII201619","","Quiz3.pdf","MicroIII201619_Quiz3.pdf","https://github.com/mauricioromero86/mauricioromero86.github.io/releases/download/teaching-archive/MicroIII201619_Quiz3.pdf","86014","C0DE08BF89F35A29D19CF97372C8F763"
"MicroIII201619","","Quiz3Sol.pdf","MicroIII201619_Quiz3Sol.pdf","https://github.com/mauricioromero86/mauricioromero86.github.io/releases/download/teaching-archive/MicroIII201619_Quiz3Sol.pdf","98189","8786C0B49670E3A37DC45686A62ACCC9"
"MicroIII201619","","Quiz4.pdf","MicroIII201619_Quiz4.pdf","https://github.com/mauricioromero86/mauricioromero86.github.io/releases/download/teaching-archive/MicroIII201619_Quiz4.pdf","92914","2E21E1D5D44B15E07154330649180305"
"MicroIII201619","","Quiz4Sol.pdf","MicroIII201619_Quiz4Sol.pdf","https://github.com/mauricioromero86/mauricioromero86.github.io/releases/download/teaching-archive/MicroIII201619_Quiz4Sol.pdf","106207","CDE6D7BA838D84808118E7A47FB04EF9"
"MicroIII201619","","Quiz5.pdf","MicroIII201619_Quiz5.pdf","https://github.com/mauricioromero86/mauricioromero86.github.io/releases/download/teaching-archive/MicroIII201619_Quiz5.pdf","87920","69F9BA2D27A04AFF54A7327CB4C09C55"
"MicroIII201619","","Quiz5Sol.pdf","MicroIII201619_Quiz5Sol.pdf","https://github.com/mauricioromero86/mauricioromero86.github.io/releases/download/teaching-archive/MicroIII201619_Quiz5Sol.pdf","923970","338D1F9E86AB260EFDC1C99992D49491"
"MicroIII201619","","Syllabus.pdf","MicroIII201619_Syllabus.pdf","https://github.com/mauricioromero86/mauricioromero86.github.io/releases/download/teaching-archive/MicroIII201619_Syllabus.pdf","85581","C007901A45DE8E41B3E74B67D4DEBE4E"
"MicroIII201619","","Taller1.pdf","MicroIII201619_Taller1.pdf","https://github.com/mauricioromero86/mauricioromero86.github.io/releases/download/teaching-archive/MicroIII201619_Taller1.pdf","126999","328EFBD5A7EBE326E193770F3CFEE2BE"
"MicroIII201619","","Taller1Sol.pdf","MicroIII201619_Taller1Sol.pdf","https://github.com/mauricioromero86/mauricioromero86.github.io/releases/download/teaching-archive/MicroIII201619_Taller1Sol.pdf","236049","F8B410AABE26CCE8397703C91FC7BB18"
"MicroIII201619","","Taller2.pdf","MicroIII201619_Taller2.pdf","https://github.com/mauricioromero86/mauricioromero86.github.io/releases/download/teaching-archive/MicroIII201619_Taller2.pdf","134094","832A5EC11B5B2DB90666C3112A92A220"
"MicroIII201619","","Taller3.pdf","MicroIII201619_Taller3.pdf","https://github.com/mauricioromero86/mauricioromero86.github.io/releases/download/teaching-archive/MicroIII201619_Taller3.pdf","76427","29E6FA4D49C43B735CE0CCA0255D3B75"
"MicroIII201619","","Taller3Sol.pdf","MicroIII201619_Taller3Sol.pdf","https://github.com/mauricioromero86/mauricioromero86.github.io/releases/download/teaching-archive/MicroIII201619_Taller3Sol.pdf","130853","DCCE23A2ADFCDEC517AB435F5445C5C1"
"MicroIII201619","","Taller4.pdf","MicroIII201619_Taller4.pdf","https://github.com/mauricioromero86/mauricioromero86.github.io/releases/download/teaching-archive/MicroIII201619_Taller4.pdf","139944","CC615BFF0D800A8C78EF6A9682544CF1"
"MicroIII201619","","Taller4Sol.pdf","MicroIII201619_Taller4Sol.pdf","https://github.com/mauricioromero86/mauricioromero86.github.io/releases/download/teaching-archive/MicroIII201619_Taller4Sol.pdf","4959204","D2101C69BEA163F747F853E6662EC35C"
"MicroIII201619","","Taller5.pdf","MicroIII201619_Taller5.pdf","https://github.com/mauricioromero86/mauricioromero86.github.io/releases/download/teaching-archive/MicroIII201619_Taller5.pdf","137207","A963C970A65E54336CD88407141382B9"
"MicroIII201619","","TallerParcial1.pdf","MicroIII201619_TallerParcial1.pdf","https://github.com/mauricioromero86/mauricioromero86.github.io/releases/download/teaching-archive/MicroIII201619_TallerParcial1.pdf","169451","A32FF4D34AD3C1DB0A89F44924D49DE7"
"MicroIII201619","","TallerParcial2.pdf","MicroIII201619_TallerParcial2.pdf","https://github.com/mauricioromero86/mauricioromero86.github.io/releases/download/teaching-archive/MicroIII201619_TallerParcial2.pdf","146003","2AD53866882FBED9D45CD5D8735D5183"
"MicroIII201619","2010","Parcial2.pdf","MicroIII201619_2010_Parcial2.pdf","https://github.com/mauricioromero86/mauricioromero86.github.io/releases/download/teaching-archive/MicroIII201619_2010_Parcial2.pdf","61400","86962DB41C8B57486692E410AAE77EAA"
"MicroIII201619","2010","quiz2.pdf","MicroIII201619_2010_quiz2.pdf","https://github.com/mauricioromero86/mauricioromero86.github.io/releases/download/teaching-archive/MicroIII201619_2010_quiz2.pdf","111187","95D91C023A33AD64FA4BD9F891AA4644"
"MicroIII201619","2010","quiz4.pdf","MicroIII201619_2010_quiz4.pdf","https://github.com/mauricioromero86/mauricioromero86.github.io/releases/download/teaching-archive/MicroIII201619_2010_quiz4.pdf","101886","1E976919FC424935DA194D7C12058855"
"MicroIII201619","2010","quiz8.pdf","MicroIII201619_2010_quiz8.pdf","https://github.com/mauricioromero86/mauricioromero86.github.io/releases/download/teaching-archive/MicroIII201619_2010_quiz8.pdf","76072","76E6CE69104441CFBFB6DE20B8596C2C"
"MicroIII201619","2010","solpto2parcial.pdf","MicroIII201619_2010_solpto2parcial.pdf","https://github.com/mauricioromero86/mauricioromero86.github.io/releases/download/teaching-archive/MicroIII201619_2010_solpto2parcial.pdf","182237","A58850729190E6C052C16697F5D97A55"
"MicroIII201619","2010","taller1.pdf","MicroIII201619_2010_taller1.pdf","https://github.com/mauricioromero86/mauricioromero86.github.io/releases/download/teaching-archive/MicroIII201619_2010_taller1.pdf","103215","AA0BC250E676971C13A17E17B03E9F87"
"MicroIII201619","2010","taller10-sol.pdf","MicroIII201619_2010_taller10-sol.pdf","https://github.com/mauricioromero86/mauricioromero86.github.io/releases/download/teaching-archive/MicroIII201619_2010_taller10-sol.pdf","140533","4064576823B0C25CFA8D518CA483D807"
"MicroIII201619","2010","taller10.pdf","MicroIII201619_2010_taller10.pdf","https://github.com/mauricioromero86/mauricioromero86.github.io/releases/download/teaching-archive/MicroIII201619_2010_taller10.pdf","108505","D3101FE1C4DB35F52612B3EB932532D1"
"MicroIII201619","2010","taller10a-sol.pdf","MicroIII201619_2010_taller10a-sol.pdf","https://github.com/mauricioromero86/mauricioromero86.github.io/releases/download/teaching-archive/MicroIII201619_2010_taller10a-sol.pdf","143662","AD63B187660691931435F314D4680B9E"
"MicroIII201619","2010","taller2-sol.pdf","MicroIII201619_2010_taller2-sol.pdf","https://github.com/mauricioromero86/mauricioromero86.github.io/releases/download/teaching-archive/MicroIII201619_2010_taller2-sol.pdf","212602","D124135FFD09B73082213FEF1EFE8125"
"MicroIII201619","2010","taller2.pdf","MicroIII201619_2010_taller2.pdf","https://github.com/mauricioromero86/mauricioromero86.github.io/releases/download/teaching-archive/MicroIII201619_2010_taller2.pdf","123614","9641378AA2520B84A21F9406584209FA"
"MicroIII201619","2010","taller4-sol.pdf","MicroIII201619_2010_taller4-sol.pdf","https://github.com/mauricioromero86/mauricioromero86.github.io/releases/download/teaching-archive/MicroIII201619_2010_taller4-sol.pdf","138885","C96C971A032D92E8C0BF518002A265AE"
"MicroIII201619","2010","taller4.pdf","MicroIII201619_2010_taller4.pdf","https://github.com/mauricioromero86/mauricioromero86.github.io/releases/download/teaching-archive/MicroIII201619_2010_taller4.pdf","111164","7560D96F61710DBE93FA82C938BED658"
"MicroIII201619","2010","taller5-sol.pdf","MicroIII201619_2010_taller5-sol.pdf","https://github.com/mauricioromero86/mauricioromero86.github.io/releases/download/teaching-archive/MicroIII201619_2010_taller5-sol.pdf","128041","59C54D3EC3FC7E70CE47A571DE3E895E"
"MicroIII201619","2010","taller5.pdf","MicroIII201619_2010_taller5.pdf","https://github.com/mauricioromero86/mauricioromero86.github.io/releases/download/teaching-archive/MicroIII201619_2010_taller5.pdf","104227","38DD80E8F63EC06B6EAE1771F67EC104"
"MicroIII201619","2010","taller6-sol.pdf","MicroIII201619_2010_taller6-sol.pdf","https://github.com/mauricioromero86/mauricioromero86.github.io/releases/download/teaching-archive/MicroIII201619_2010_taller6-sol.pdf","172292","B0E8553025D2CFB281995A16916C077F"
"MicroIII201619","2010","taller6.pdf","MicroIII201619_2010_taller6.pdf","https://github.com/mauricioromero86/mauricioromero86.github.io/releases/download/teaching-archive/MicroIII201619_2010_taller6.pdf","104075","776F412CB1413EFB492D8F474C32896B"
"MicroIII201619","2010","taller8-sol.pdf","MicroIII201619_2010_taller8-sol.pdf","https://github.com/mauricioromero86/mauricioromero86.github.io/releases/download/teaching-archive/MicroIII201619_2010_taller8-sol.pdf","334476","96C32D9A6C3826FE06CA441D1BFFD6C5"
"MicroIII201619","2010","taller8.pdf","MicroIII201619_2010_taller8.pdf","https://github.com/mauricioromero86/mauricioromero86.github.io/releases/download/teaching-archive/MicroIII201619_2010_taller8.pdf","124324","B4924AE3D3089605B3D73BDCB4284019"
"MicroIII201619","2011","parcial1-sol.pdf","MicroIII201619_2011_parcial1-sol.pdf","https://github.com/mauricioromero86/mauricioromero86.github.io/releases/download/teaching-archive/MicroIII201619_2011_parcial1-sol.pdf","177390","6BD8FF10D30C1D626F7D28D72D41A7BB"
"MicroIII201619","2011","parcial1.pdf","MicroIII201619_2011_parcial1.pdf","https://github.com/mauricioromero86/mauricioromero86.github.io/releases/download/teaching-archive/MicroIII201619_2011_parcial1.pdf","170584","97CF2AF859426A4DED76F1155DB7DE43"
"MicroIII201619","2011","parcial2-sol.pdf","MicroIII201619_2011_parcial2-sol.pdf","https://github.com/mauricioromero86/mauricioromero86.github.io/releases/download/teaching-archive/MicroIII201619_2011_parcial2-sol.pdf","172771","EF547D2223BFF74541878B113BD18347"
"MicroIII201619","2011","parcial2.pdf","MicroIII201619_2011_parcial2.pdf","https://github.com/mauricioromero86/mauricioromero86.github.io/releases/download/teaching-archive/MicroIII201619_2011_parcial2.pdf","127896","80FCF234FC3E7A73808D9EC1447841CD"
"MicroIII201619","2011","quiz1.pdf","MicroIII201619_2011_quiz1.pdf","https://github.com/mauricioromero86/mauricioromero86.github.io/releases/download/teaching-archive/MicroIII201619_2011_quiz1.pdf","86725","BF33E1874D7A05DB769A0A49BA76136E"
"MicroIII201619","2011","quiz2.pdf","MicroIII201619_2011_quiz2.pdf","https://github.com/mauricioromero86/mauricioromero86.github.io/releases/download/teaching-archive/MicroIII201619_2011_quiz2.pdf","85961","1E28C82B4F096FA057F827219F52F822"
"MicroIII201619","2011","quiz3.pdf","MicroIII201619_2011_quiz3.pdf","https://github.com/mauricioromero86/mauricioromero86.github.io/releases/download/teaching-archive/MicroIII201619_2011_quiz3.pdf","88204","25B071FB36A2A7ADBC4B5F2FBF794BB3"
"MicroIII201619","2011","quiz4.pdf","MicroIII201619_2011_quiz4.pdf","https://github.com/mauricioromero86/mauricioromero86.github.io/releases/download/teaching-archive/MicroIII201619_2011_quiz4.pdf","85623","5AF6BBF180AFD99E7C47C303261C84F8"
"MicroIII201619","2011","taller1-sol.pdf","MicroIII201619_2011_taller1-sol.pdf","https://github.com/mauricioromero86/mauricioromero86.github.io/releases/download/teaching-archive/MicroIII201619_2011_taller1-sol.pdf","395818","C8BAFCF34F6F91A83E8AE0A4EFC47943"
"MicroIII201619","2011","taller1.pdf","MicroIII201619_2011_taller1.pdf","https://github.com/mauricioromero86/mauricioromero86.github.io/releases/download/teaching-archive/MicroIII201619_2011_taller1.pdf","111825","93387F5660052B294B451D7EB0797D7A"
"MicroIII201619","2011","taller2-sol.pdf","MicroIII201619_2011_taller2-sol.pdf","https://github.com/mauricioromero86/mauricioromero86.github.io/releases/download/teaching-archive/MicroIII201619_2011_taller2-sol.pdf","191472","BDA5B2011E5D95280A43ED7E51EF477C"
"MicroIII201619","2011","taller2.pdf","MicroIII201619_2011_taller2.pdf","https://github.com/mauricioromero86/mauricioromero86.github.io/releases/download/teaching-archive/MicroIII201619_2011_taller2.pdf","123916","64CBDA3E2963EC05914FE3D9BF99936F"
"MicroIII201619","2011","taller3-sol.pdf","MicroIII201619_2011_taller3-sol.pdf","https://github.com/mauricioromero86/mauricioromero86.github.io/releases/download/teaching-archive/MicroIII201619_2011_taller3-sol.pdf","243406","0EB9A2CED83778F89CA04251423F0918"
"MicroIII201619","2011","taller3.pdf","MicroIII201619_2011_taller3.pdf","https://github.com/mauricioromero86/mauricioromero86.github.io/releases/download/teaching-archive/MicroIII201619_2011_taller3.pdf","124400","2DFE74EB7F107B57CC456250BC5A43FB"
"MicroIII201619","2011","taller4-sol.pdf","MicroIII201619_2011_taller4-sol.pdf","https://github.com/mauricioromero86/mauricioromero86.github.io/releases/download/teaching-archive/MicroIII201619_2011_taller4-sol.pdf","503648","474D304120B316FD1E14F83FB901CF09"
"MicroIII201619","2011","taller4.pdf","MicroIII201619_2011_taller4.pdf","https://github.com/mauricioromero86/mauricioromero86.github.io/releases/download/teaching-archive/MicroIII201619_2011_taller4.pdf","148928","7D4C57039A9FBC2D2E093FF1524ECF15"
"MicroIII201619","2011","taller5-sol.pdf","MicroIII201619_2011_taller5-sol.pdf","https://github.com/mauricioromero86/mauricioromero86.github.io/releases/download/teaching-archive/MicroIII201619_2011_taller5-sol.pdf","289381","E754CA1243FAF8FABF04EC36E09F2563"
"MicroIII201619","2011","taller5.pdf","MicroIII201619_2011_taller5.pdf","https://github.com/mauricioromero86/mauricioromero86.github.io/releases/download/teaching-archive/MicroIII201619_2011_taller5.pdf","264617","EA60652F7ACC81B46F14275EFD321410"
"MicroIII201619","2012","parcial1-sol.pdf","MicroIII201619_2012_parcial1-sol.pdf","https://github.com/mauricioromero86/mauricioromero86.github.io/releases/download/teaching-archive/MicroIII201619_2012_parcial1-sol.pdf","155627","D942932262B07CD7252F8A427EBCF9A0"
"MicroIII201619","2012","parcial1.pdf","MicroIII201619_2012_parcial1.pdf","https://github.com/mauricioromero86/mauricioromero86.github.io/releases/download/teaching-archive/MicroIII201619_2012_parcial1.pdf","138210","AE232558B194E7CFCB18089C856DFA41"
"MicroIII201619","2012","parcial2-sol.pdf","MicroIII201619_2012_parcial2-sol.pdf","https://github.com/mauricioromero86/mauricioromero86.github.io/releases/download/teaching-archive/MicroIII201619_2012_parcial2-sol.pdf","182552","CBFCF55A20A31A9FE8CCF5BDA4F7963A"
"MicroIII201619","2012","parcial2.pdf","MicroIII201619_2012_parcial2.pdf","https://github.com/mauricioromero86/mauricioromero86.github.io/releases/download/teaching-archive/MicroIII201619_2012_parcial2.pdf","132849","28E3C5765F409EB69295E13C4D35D932"
"MicroIII201619","2012","quiz1.pdf","MicroIII201619_2012_quiz1.pdf","https://github.com/mauricioromero86/mauricioromero86.github.io/releases/download/teaching-archive/MicroIII201619_2012_quiz1.pdf","86725","A650E3011C8C4270F6F343D4D7060B7B"
"MicroIII201619","2012","quiz2.pdf","MicroIII201619_2012_quiz2.pdf","https://github.com/mauricioromero86/mauricioromero86.github.io/releases/download/teaching-archive/MicroIII201619_2012_quiz2.pdf","82530","BC069904BB81D65136931946883C41B8"
"MicroIII201619","2012","quiz3.pdf","MicroIII201619_2012_quiz3.pdf","https://github.com/mauricioromero86/mauricioromero86.github.io/releases/download/teaching-archive/MicroIII201619_2012_quiz3.pdf","82701","70B2439DCD0A3B441141143A44A61D9B"
"MicroIII201619","2012","quiz4.pdf","MicroIII201619_2012_quiz4.pdf","https://github.com/mauricioromero86/mauricioromero86.github.io/releases/download/teaching-archive/MicroIII201619_2012_quiz4.pdf","82267","42D727C8B295D7B0EEC9688E93518FDF"
"MicroIII201619","2012","quiz5.pdf","MicroIII201619_2012_quiz5.pdf","https://github.com/mauricioromero86/mauricioromero86.github.io/releases/download/teaching-archive/MicroIII201619_2012_quiz5.pdf","45978","FBDB53D020C7CBD9835CF7EB1BC2D0D5"
"MicroIII201619","2012","taller1-sol.pdf","MicroIII201619_2012_taller1-sol.pdf","https://github.com/mauricioromero86/mauricioromero86.github.io/releases/download/teaching-archive/MicroIII201619_2012_taller1-sol.pdf","337766","F1CB919E0EF5E08B743344F6D1CCA729"
"MicroIII201619","2012","taller1.pdf","MicroIII201619_2012_taller1.pdf","https://github.com/mauricioromero86/mauricioromero86.github.io/releases/download/teaching-archive/MicroIII201619_2012_taller1.pdf","103876","A59E4E20F5A6475E7F6BB009B721D1DB"
"MicroIII201619","2012","taller2-sol.pdf","MicroIII201619_2012_taller2-sol.pdf","https://github.com/mauricioromero86/mauricioromero86.github.io/releases/download/teaching-archive/MicroIII201619_2012_taller2-sol.pdf","254399","C29FD85BED4C6072B911D3B649DFC8ED"
"MicroIII201619","2012","taller2.pdf","MicroIII201619_2012_taller2.pdf","https://github.com/mauricioromero86/mauricioromero86.github.io/releases/download/teaching-archive/MicroIII201619_2012_taller2.pdf","134924","4BB6BDC437FB240D5027804A90099F6F"
"MicroIII201619","2012","taller3-sol.pdf","MicroIII201619_2012_taller3-sol.pdf","https://github.com/mauricioromero86/mauricioromero86.github.io/releases/download/teaching-archive/MicroIII201619_2012_taller3-sol.pdf","243406","896808E5B71D8C037A765BFAB84E59DB"
"MicroIII201619","2012","taller3.pdf","MicroIII201619_2012_taller3.pdf","https://github.com/mauricioromero86/mauricioromero86.github.io/releases/download/teaching-archive/MicroIII201619_2012_taller3.pdf","124400","4F6E98E2C3B8D29FC50F29FFB3F456CA"
"MicroIII201619","2012","taller4-sol.pdf","MicroIII201619_2012_taller4-sol.pdf","https://github.com/mauricioromero86/mauricioromero86.github.io/releases/download/teaching-archive/MicroIII201619_2012_taller4-sol.pdf","503453","D6758772357825DC6321CCF400A58242"
"MicroIII201619","2012","taller4.pdf","MicroIII201619_2012_taller4.pdf","https://github.com/mauricioromero86/mauricioromero86.github.io/releases/download/teaching-archive/MicroIII201619_2012_taller4.pdf","148915","0541B238DCA8FDD2A236AF90DB406D6D"
"MicroIII201619","2012","taller5-sol.pdf","MicroIII201619_2012_taller5-sol.pdf","https://github.com/mauricioromero86/mauricioromero86.github.io/releases/download/teaching-archive/MicroIII201619_2012_taller5-sol.pdf","286513","8F6401949F62CD5622362186020C572E"
"MicroIII201619","2012","taller5.pdf","MicroIII201619_2012_taller5.pdf","https://github.com/mauricioromero86/mauricioromero86.github.io/releases/download/teaching-archive/MicroIII201619_2012_taller5.pdf","264555","9065AB39E3950D7B703E520FA84AEF87"
