course	term	section	label	href
EcoIV	2019-1	Syllabus	Syllabus	https://mauricio-romero.com/pdfs/EcoIV/20191/Temario.pdf
EcoIV	2019-1	Equilibrio General	Lecture 1	https://mauricio-romero.com/pdfs/EcoIV/20191/Lecture1.pdf
EcoIV	2019-1	Equilibrio General	Lecture 2	https://mauricio-romero.com/pdfs/EcoIV/20191/Lecture2.pdf
EcoIV	2019-1	Equilibrio General	Lecture 3	https://mauricio-romero.com/pdfs/EcoIV/20191/Lecture3.pdf
EcoIV	2019-1	Equilibrio General	Lecture 4	https://mauricio-romero.com/pdfs/EcoIV/20191/Lecture4.pdf
EcoIV	2019-1	Equilibrio General	Lecture 5	https://mauricio-romero.com/pdfs/EcoIV/20191/Lecture5.pdf
EcoIV	2019-1	Equilibrio General	Lecture 6	https://mauricio-romero.com/pdfs/EcoIV/20191/Lecture6.pdf
EcoIV	2019-1	Monopolio y discriminación de precios	Lecture 7	https://mauricio-romero.com/pdfs/EcoIV/20191/Lecture7.pdf
EcoIV	2019-1	Monopolio y discriminación de precios	Lecture 8	https://mauricio-romero.com/pdfs/EcoIV/20191/Lecture8.pdf
EcoIV	2019-1	Monopolio y discriminación de precios	Lecture 9	https://mauricio-romero.com/pdfs/EcoIV/20191/Lecture9.pdf
EcoIV	2019-1	Monopolio y discriminación de precios	Lecture 10	https://mauricio-romero.com/pdfs/EcoIV/20191/Lecture10.pdf
EcoIV	2019-1	Monopolio y discriminación de precios	Lecture 11	https://mauricio-romero.com/pdfs/EcoIV/20191/Lecture11.pdf
EcoIV	2019-1	Monopolio y discriminación de precios	Lecture 12	https://mauricio-romero.com/pdfs/EcoIV/20191/Lecture12.pdf
EcoIV	2019-1	Monopolio y discriminación de precios	Lecture 13	https://mauricio-romero.com/pdfs/EcoIV/20191/Lecture13.pdf
EcoIV	2019-1	Monopolio y discriminación de precios	Lecture 14	https://mauricio-romero.com/pdfs/EcoIV/20191/Lecture14.pdf
EcoIV	2019-1	Monopolio y discriminación de precios	Lecture 15	https://mauricio-romero.com/pdfs/EcoIV/20191/Lecture15.pdf
EcoIV	2019-1	Monopolio y discriminación de precios	Lecture 16	https://mauricio-romero.com/pdfs/EcoIV/20191/Lecture16.pdf
EcoIV	2019-1	Monopolio y discriminación de precios	Lecture 17	https://mauricio-romero.com/pdfs/EcoIV/20191/Lecture17.pdf
EcoIV	2019-1	Monopolio y discriminación de precios	Lecture 18	https://mauricio-romero.com/pdfs/EcoIV/20191/Lecture18.pdf
EcoIV	2019-1	Monopolio y discriminación de precios	Lecture 19	https://mauricio-romero.com/pdfs/EcoIV/20191/Lecture19.pdf
EcoIV	2019-1	Monopolio y discriminación de precios	Lecture 20	https://mauricio-romero.com/pdfs/EcoIV/20191/Lecture20.pdf
EcoIV	2019-1	Notas de Clase	Notas de clase de Alvaro Riascos y Andres Carvajal (Equilibrio general)	https://mauricio-romero.com/pdfs/MicroIII201619/notas_micro.pdf
EcoIV	2019-1	Notas de Clase	Notas de clase de Marcela Eslava (Teoría de Juegos)	https://economia.uniandes.edu.co/files/profesores/marcela_eslava/tj2016II/Notas_Juegos_revisada.pdf
EcoIV	2019-1	Notas de Clase	Resumen del curso	https://mauricio-romero.com/pdfs/EcoIV/Resumen_ParcialFinal.pdf
EcoIV	2019-1	Notas de Clase	Notas de clase de Teoría de Juegos	https://mauricio-romero.com/pdfs/EcoIV/Notas.pdf
EcoIV	2019-1	Notas de Clase	Taller de equilibrio general	https://mauricio-romero.com/pdfs/EcoIV/Taller_EqGeneral.pdf
EcoIV	2019-1	Exámenes viejos de Eco-IV	Primer Parcial 2016-2	https://mauricio-romero.com/pdfs/EcoIV/PastExams/FirstMidterm/1oct2016A.pdf
EcoIV	2019-1	Exámenes viejos de Eco-IV	Primer Parcial 2017-1	https://mauricio-romero.com/pdfs/EcoIV/PastExams/FirstMidterm/30sept2017.pdf
EcoIV	2019-1	Exámenes viejos de Eco-IV	Primer Parcial 2017-2	https://mauricio-romero.com/pdfs/EcoIV/PastExams/FirstMidterm/30sept2017.pdf
EcoIV	2019-1	Exámenes viejos de Eco-IV	Primer Parcial 2018-1	https://mauricio-romero.com/pdfs/EcoIV/PastExams/FirstMidterm/3mar2018.pdf
EcoIV	2019-1	Exámenes viejos de Eco-IV	Primer Parcial 2018-2	https://mauricio-romero.com/pdfs/EcoIV/PastExams/FirstMidterm/30sept2017.pdf
EcoIV	2019-1	Exámenes viejos de Eco-IV	Primer Parcial 2019-1	https://mauricio-romero.com/pdfs/EcoIV/PastExams/FirstMidterm/30sept2017.pdf
EcoIV	2019-1	Exámenes viejos de Eco-IV	Segundo Parcial 2016-2	https://mauricio-romero.com/pdfs/EcoIV/PastExams/SecondMidterm/12nov2016A.pdf
EcoIV	2019-1	Exámenes viejos de Eco-IV	Segundo Parcial 2017-1	https://mauricio-romero.com/pdfs/EcoIV/PastExams/SecondMidterm/22abr2017.pdf
EcoIV	2019-1	Exámenes viejos de Eco-IV	Segundo Parcial 2017-2	https://mauricio-romero.com/pdfs/EcoIV/PastExams/SecondMidterm/11nov2017.pdf
EcoIV	2019-1	Exámenes viejos de Eco-IV	Segundo Parcial 2018-1	https://mauricio-romero.com/pdfs/EcoIV/PastExams/SecondMidterm/21abr2018.pdf
EcoIV	2019-1	Exámenes viejos de Eco-IV	Segundo Parcial 2018-2	https://mauricio-romero.com/pdfs/EcoIV/PastExams/SecondMidterm/10nov2018.pdf
EcoIV	2019-1	Exámenes viejos de Eco-IV	Segundo Parcial 2019-1	https://mauricio-romero.com/pdfs/EcoIV/PastExams/SecondMidterm/27abr2019.pdf
EcoIV	2019-1	Exámenes viejos de Eco-IV	Final 2016-2	https://mauricio-romero.com/pdfs/EcoIV/PastExams/FinalExams/5dic2016A.pdf
EcoIV	2019-1	Exámenes viejos de Eco-IV	Final 2017-1	https://mauricio-romero.com/pdfs/EcoIV/PastExams/FinalExams/29mayo2017.pdf
EcoIV	2019-1	Exámenes viejos de Eco-IV	Final 2017-2	https://mauricio-romero.com/pdfs/EcoIV/PastExams/FinalExams/18dic2017.pdf
EcoIV	2019-1	Exámenes viejos de Eco-IV	Final 2018-1	https://mauricio-romero.com/pdfs/EcoIV/PastExams/FinalExams/21may2018.pdf
EcoIV	2019-1	Exámenes viejos de Eco-IV	Final 2018-2	https://mauricio-romero.com/pdfs/EcoIV/PastExams/FinalExams/10dic2018.pdf
EcoIV	2019-1	Exámenes viejos de Eco-IV	Final 2019-1	https://mauricio-romero.com/pdfs/EcoIV/PastExams/FinalExams/27mayo2019.pdf
EcoIV	2019-2	Syllabus	Syllabus	https://mauricio-romero.com/pdfs/EcoIV/20192/Temario.pdf
EcoIV	2019-2	Equilibrio General	Lecture 1	https://mauricio-romero.com/pdfs/EcoIV/20192/Lecture1.pdf
EcoIV	2019-2	Equilibrio General	Lecture 2	https://mauricio-romero.com/pdfs/EcoIV/20192/Lecture2.pdf
EcoIV	2019-2	Equilibrio General	Lecture 3	https://mauricio-romero.com/pdfs/EcoIV/20192/Lecture3.pdf
EcoIV	2019-2	Equilibrio General	Lecture 4	https://mauricio-romero.com/pdfs/EcoIV/20192/Lecture4.pdf
EcoIV	2019-2	Equilibrio General	Lecture 5	https://mauricio-romero.com/pdfs/EcoIV/20192/Lecture5.pdf
EcoIV	2019-2	Equilibrio General	Lecture 6	https://mauricio-romero.com/pdfs/EcoIV/20192/Lecture6.pdf
EcoIV	2019-2	Monopolio y discriminación de precios	Lecture 7	https://mauricio-romero.com/pdfs/EcoIV/20192/Lecture7.pdf
EcoIV	2019-2	Monopolio y discriminación de precios	Lecture 8	https://mauricio-romero.com/pdfs/EcoIV/20192/Lecture8.pdf
EcoIV	2019-2	Monopolio y discriminación de precios	Lecture 9	https://mauricio-romero.com/pdfs/EcoIV/20192/Lecture9.pdf
EcoIV	2019-2	Monopolio y discriminación de precios	Lecture 10	https://mauricio-romero.com/pdfs/EcoIV/20192/Lecture10.pdf
EcoIV	2019-2	Monopolio y discriminación de precios	Lecture 11	https://mauricio-romero.com/pdfs/EcoIV/20192/Lecture11.pdf
EcoIV	2019-2	Monopolio y discriminación de precios	Lecture 12	https://mauricio-romero.com/pdfs/EcoIV/20192/Lecture12.pdf
EcoIV	2019-2	Monopolio y discriminación de precios	Lecture 13	https://mauricio-romero.com/pdfs/EcoIV/20192/Lecture13.pdf
EcoIV	2019-2	Monopolio y discriminación de precios	Lecture 14	https://mauricio-romero.com/pdfs/EcoIV/20192/Lecture14.pdf
EcoIV	2019-2	Monopolio y discriminación de precios	Lecture 15	https://mauricio-romero.com/pdfs/EcoIV/20192/Lecture15.pdf
EcoIV	2019-2	Monopolio y discriminación de precios	Lecture 16	https://mauricio-romero.com/pdfs/EcoIV/20192/Lecture16.pdf
EcoIV	2019-2	Monopolio y discriminación de precios	Lecture 17	https://mauricio-romero.com/pdfs/EcoIV/20192/Lecture17.pdf
EcoIV	2019-2	Monopolio y discriminación de precios	Lecture 18	https://mauricio-romero.com/pdfs/EcoIV/20192/Lecture18.pdf
EcoIV	2019-2	Monopolio y discriminación de precios	Lecture 19	https://mauricio-romero.com/pdfs/EcoIV/20192/Lecture19.pdf
EcoIV	2019-2	Monopolio y discriminación de precios	Lecture 20	https://mauricio-romero.com/pdfs/EcoIV/20192/Lecture20.pdf
EcoIV	2019-2	Notas de Clase	Notas de clase de Álvaro Riascos y Andrés Carvajal (Equilibrio general)	https://mauricio-romero.com/pdfs/MicroIII201619/notas_micro.pdf
EcoIV	2019-2	Notas de Clase	Notas de clase de Marcela Eslava (Teoría de Juegos)	https://economia.uniandes.edu.co/files/profesores/marcela_eslava/tj2016II/Notas_Juegos_revisada.pdf
EcoIV	2019-2	Notas de Clase	Resumen del curso	https://mauricio-romero.com/pdfs/EcoIV/Resumen_ParcialFinal.pdf
EcoIV	2019-2	Notas de Clase	Notas de clase de Teoría de Juegos	https://mauricio-romero.com/pdfs/EcoIV/Notas.pdf
EcoIV	2019-2	Notas de Clase	Taller de equilibrio general	https://mauricio-romero.com/pdfs/EcoIV/Taller_EqGeneral.pdf
EcoIV	2019-2	Clases de repaso	Repaso Parcial 1 - a	https://mauricio-romero.com/pdfs/EcoIV/20192/Repaso_1_Parcial1_4pm.pdf
EcoIV	2019-2	Clases de repaso	Repaso Parcial 1 - b	https://mauricio-romero.com/pdfs/EcoIV/20192/Repaso_1_Parcial1_530pm.pdf
EcoIV	2019-2	Clases de repaso	Repaso Parcial 1 - c	https://mauricio-romero.com/pdfs/EcoIV/20192/Repaso_2_Parcial1_4pm.pdf
EcoIV	2019-2	Clases de repaso	Repaso Parcial 1 - d	https://mauricio-romero.com/pdfs/EcoIV/20192/Repaso_2_Parcial1_530pm.pdf
EcoIV	2019-2	Clases de repaso	Repaso Parcial 2 - a	https://mauricio-romero.com/pdfs/EcoIV/20192/Repaso_1_Parcial2_4pm.pdf
EcoIV	2019-2	Clases de repaso	Repaso Parcial 2 - b	https://mauricio-romero.com/pdfs/EcoIV/20192/Repaso_1_Parcial2_530pm.pdf
EcoIV	2019-2	Clases de repaso	Repaso Parcial 2 - c	https://mauricio-romero.com/pdfs/EcoIV/20192/Repaso_2_Parcial2_4pm.pdf
EcoIV	2019-2	Clases de repaso	Repaso Parcial 2 - d	https://mauricio-romero.com/pdfs/EcoIV/20192/Repaso_2_Parcial2_530pm.pdf
EcoIV	2019-2	Clases de repaso	Repaso Parcial 2 - e	https://mauricio-romero.com/pdfs/EcoIV/20192/Repaso_3_Parcial2_4pm.pdf
EcoIV	2019-2	Clases de repaso	Repaso Parcial 2 - f	https://mauricio-romero.com/pdfs/EcoIV/20192/Repaso_3_Parcial2_530pm.pdf
EcoIV	2019-2	Clases de repaso	Solución Parcial 2 - a	https://mauricio-romero.com/pdfs/EcoIV/20192/Solucion_Parcial2_4pm.pdf
EcoIV	2019-2	Clases de repaso	Solución Parcial 2 -b	https://mauricio-romero.com/pdfs/EcoIV/20192/Solucion_Parcial2_530pm.pdf
EcoIV	2019-2	Clases de repaso	Repaso Final - a	https://mauricio-romero.com/pdfs/EcoIV/20192/Repaso_1_Final_4pm.pdf
EcoIV	2019-2	Clases de repaso	Repaso Final - b	https://mauricio-romero.com/pdfs/EcoIV/20192/Repaso_1_Final_530pm.pdf
EcoIV	2019-2	Clases de repaso	Repaso Final - c	https://mauricio-romero.com/pdfs/EcoIV/20192/Repaso_2_Final_4pm.pdf
EcoIV	2019-2	Clases de repaso	Repaso Final - d	https://mauricio-romero.com/pdfs/EcoIV/20192/Repaso_2_Final_530pm.pdf
EcoIV	2019-2	Clases de repaso	Repaso Final - e	https://mauricio-romero.com/pdfs/EcoIV/20192/Repaso_3_Final_4pm.pdf
EcoIV	2019-2	Clases de repaso	Repaso Final - f	https://mauricio-romero.com/pdfs/EcoIV/20192/Repaso_3_Final_530pm.pdf
EcoIV	2019-2	Clases de repaso	Repaso Final - g	https://mauricio-romero.com/pdfs/EcoIV/20192/Repaso_4_Final_4pm.pdf
EcoIV	2019-2	Clases de repaso	Repaso Final - h	https://mauricio-romero.com/pdfs/EcoIV/20192/Repaso_4_Final_530pm.pdf
EcoIV	2019-2	Exámenes viejos de Eco-IV	Primer Parcial 2016-2	https://mauricio-romero.com/pdfs/EcoIV/PastExams/FirstMidterm/1oct2016A.pdf
EcoIV	2019-2	Exámenes viejos de Eco-IV	Primer Parcial 2017-1	https://mauricio-romero.com/pdfs/EcoIV/PastExams/FirstMidterm/4mar2017.pdf
EcoIV	2019-2	Exámenes viejos de Eco-IV	Primer Parcial 2017-2	https://mauricio-romero.com/pdfs/EcoIV/PastExams/FirstMidterm/30sept2017.pdf
EcoIV	2019-2	Exámenes viejos de Eco-IV	Primer Parcial 2018-1	https://mauricio-romero.com/pdfs/EcoIV/PastExams/FirstMidterm/3mar2018.pdf
EcoIV	2019-2	Exámenes viejos de Eco-IV	Primer Parcial 2018-2	https://mauricio-romero.com/pdfs/EcoIV/PastExams/FirstMidterm/29sep2018.pdf
EcoIV	2019-2	Exámenes viejos de Eco-IV	Primer Parcial 2019-1	https://mauricio-romero.com/pdfs/EcoIV/PastExams/FirstMidterm/30sept2017.pdf
EcoIV	2019-2	Exámenes viejos de Eco-IV	Segundo Parcial 2016-2	https://mauricio-romero.com/pdfs/EcoIV/PastExams/SecondMidterm/12nov2016A.pdf
EcoIV	2019-2	Exámenes viejos de Eco-IV	Segundo Parcial 2017-1	https://mauricio-romero.com/pdfs/EcoIV/PastExams/SecondMidterm/22abr2017.pdf
EcoIV	2019-2	Exámenes viejos de Eco-IV	Segundo Parcial 2017-2	https://mauricio-romero.com/pdfs/EcoIV/PastExams/SecondMidterm/11nov2017.pdf
EcoIV	2019-2	Exámenes viejos de Eco-IV	Segundo Parcial 2018-1	https://mauricio-romero.com/pdfs/EcoIV/PastExams/SecondMidterm/21abr2018.pdf
EcoIV	2019-2	Exámenes viejos de Eco-IV	Segundo Parcial 2018-2	https://mauricio-romero.com/pdfs/EcoIV/PastExams/SecondMidterm/10nov2018.pdf
EcoIV	2019-2	Exámenes viejos de Eco-IV	Segundo Parcial 2019-1	https://mauricio-romero.com/pdfs/EcoIV/PastExams/SecondMidterm/27abr2019.pdf
EcoIV	2019-2	Exámenes viejos de Eco-IV	Final 2016-2	https://mauricio-romero.com/pdfs/EcoIV/PastExams/FinalExams/5dic2016A.pdf
EcoIV	2019-2	Exámenes viejos de Eco-IV	Final 2017-1	https://mauricio-romero.com/pdfs/EcoIV/PastExams/FinalExams/29mayo2017.pdf
EcoIV	2019-2	Exámenes viejos de Eco-IV	Final 2017-2	https://mauricio-romero.com/pdfs/EcoIV/PastExams/FinalExams/18dic2017.pdf
EcoIV	2019-2	Exámenes viejos de Eco-IV	Final 2018-1	https://mauricio-romero.com/pdfs/EcoIV/PastExams/FinalExams/21may2018.pdf
EcoIV	2019-2	Exámenes viejos de Eco-IV	Final 2018-2	https://mauricio-romero.com/pdfs/EcoIV/PastExams/FinalExams/10dic2018.pdf
EcoIV	2019-2	Exámenes viejos de Eco-IV	Final 2019-1	https://mauricio-romero.com/pdfs/EcoIV/PastExams/FinalExams/27mayo2019.pdf
EcoIV	2020-1	Syllabus	Syllabus	https://mauricio-romero.com/pdfs/EcoIV/20201/Temario.pdf
EcoIV	2020-1	Equilibrio General	Lecture 1	https://mauricio-romero.com/pdfs/EcoIV/20201/Lecture1.pdf
EcoIV	2020-1	Equilibrio General	Lecture 2	https://mauricio-romero.com/pdfs/EcoIV/20201/Lecture2.pdf
EcoIV	2020-1	Equilibrio General	Lecture 3	https://mauricio-romero.com/pdfs/EcoIV/20201/Lecture3.pdf
EcoIV	2020-1	Equilibrio General	Lecture 4	https://mauricio-romero.com/pdfs/EcoIV/20201/Lecture4.pdf
EcoIV	2020-1	Equilibrio General	Lecture 5	https://mauricio-romero.com/pdfs/EcoIV/20201/Lecture5.pdf
EcoIV	2020-1	Equilibrio General	Lecture 6	https://mauricio-romero.com/pdfs/EcoIV/20201/Lecture6.pdf
EcoIV	2020-1	Monopolio y discriminación de precios	Lecture 7	https://mauricio-romero.com/pdfs/EcoIV/20201/Lecture7.pdf
EcoIV	2020-1	Monopolio y discriminación de precios	Lecture 8	https://mauricio-romero.com/pdfs/EcoIV/20201/Lecture8.pdf
EcoIV	2020-1	Monopolio y discriminación de precios	Lecture 9	https://mauricio-romero.com/pdfs/EcoIV/20201/Lecture9.pdf
EcoIV	2020-1	Monopolio y discriminación de precios	Lecture 10	https://mauricio-romero.com/pdfs/EcoIV/20201/Lecture10.pdf
EcoIV	2020-1	Monopolio y discriminación de precios	Lecture 11	https://mauricio-romero.com/pdfs/EcoIV/20201/Lecture11.pdf
EcoIV	2020-1	Monopolio y discriminación de precios	Diapositivas con notas	https://mauricio-romero.com/pdfs/EcoIV/20201/Lecture11_Notas.pdf
EcoIV	2020-1	Monopolio y discriminación de precios	Lecture 12	https://mauricio-romero.com/pdfs/EcoIV/20201/Lecture12.pdf
EcoIV	2020-1	Monopolio y discriminación de precios	Diapositivas con notas	https://mauricio-romero.com/pdfs/EcoIV/20201/Lecture12_Notas.pdf
EcoIV	2020-1	Monopolio y discriminación de precios	Lecture 13	https://mauricio-romero.com/pdfs/EcoIV/20201/Lecture13.pdf
EcoIV	2020-1	Monopolio y discriminación de precios	Diapositivas con notas	https://mauricio-romero.com/pdfs/EcoIV/20201/Lecture13_Notas.pdf
EcoIV	2020-1	Monopolio y discriminación de precios	Diapositivas con notas actualizadas	https://mauricio-romero.com/pdfs/EcoIV/20201/Lecture13_Notas2.pdf
EcoIV	2020-1	Monopolio y discriminación de precios	Lecture 14	https://mauricio-romero.com/pdfs/EcoIV/20201/Lecture14.pdf
EcoIV	2020-1	Monopolio y discriminación de precios	Diapositivas con notas	https://mauricio-romero.com/pdfs/EcoIV/20201/Lecture14_Notas.pdf
EcoIV	2020-1	Monopolio y discriminación de precios	Lecture 15	https://mauricio-romero.com/pdfs/EcoIV/20201/Lecture15.pdf
EcoIV	2020-1	Monopolio y discriminación de precios	Diapositivas con notas	https://mauricio-romero.com/pdfs/EcoIV/20201/Lecture15_Notas.pdf
EcoIV	2020-1	Monopolio y discriminación de precios	Lecture 16	https://mauricio-romero.com/pdfs/EcoIV/20201/Lecture16.pdf
EcoIV	2020-1	Monopolio y discriminación de precios	Diapositivas con notas	https://mauricio-romero.com/pdfs/EcoIV/20201/Lecture16_Notas.pdf
EcoIV	2020-1	Monopolio y discriminación de precios	Lecture 17	https://mauricio-romero.com/pdfs/EcoIV/20201/Lecture17.pdf
EcoIV	2020-1	Monopolio y discriminación de precios	Diapositivas con notas	https://mauricio-romero.com/pdfs/EcoIV/20201/Lecture17_Notas.pdf
EcoIV	2020-1	Monopolio y discriminación de precios	Lecture 18	https://mauricio-romero.com/pdfs/EcoIV/20201/Lecture18.pdf
EcoIV	2020-1	Monopolio y discriminación de precios	Diapositivas con notas	https://mauricio-romero.com/pdfs/EcoIV/20201/Lecture18_Notas.pdf
EcoIV	2020-1	Monopolio y discriminación de precios	Lecture 19	https://mauricio-romero.com/pdfs/EcoIV/20201/Lecture19_short.pdf
EcoIV	2020-1	Monopolio y discriminación de precios	Diapositivas con notas	https://mauricio-romero.com/pdfs/EcoIV/20201/Lecture19_Notas.pdf
EcoIV	2020-1	Monopolio y discriminación de precios	Lecture 20	https://mauricio-romero.com/pdfs/EcoIV/20201/Lecture20.pdf
EcoIV	2020-1	Notas de Clase	Notas de clase de Álvaro Riascos y Andrés Carvajal (Equilibrio general)	https://mauricio-romero.com/pdfs/MicroIII201619/notas_micro.pdf
EcoIV	2020-1	Notas de Clase	Notas de clase de Marcela Eslava (Teoría de Juegos)	https://economia.uniandes.edu.co/files/profesores/marcela_eslava/tj2016II/Notas_Juegos_revisada.pdf
EcoIV	2020-1	Notas de Clase	Resumen del curso	https://mauricio-romero.com/pdfs/EcoIV/Resumen_ParcialFinal.pdf
EcoIV	2020-1	Notas de Clase	Notas de clase de Teoría de Juegos	https://mauricio-romero.com/pdfs/EcoIV/Notas.pdf
EcoIV	2020-1	Notas de Clase	Taller de equilibrio general	https://mauricio-romero.com/pdfs/EcoIV/Taller_EqGeneral.pdf
EcoIV	2020-1	Clases de repaso	Parcial 1 - Repaso 1	https://mauricio-romero.com/pdfs/EcoIV/20201/Repaso_1_Parcial1.pdf
EcoIV	2020-1	Clases de repaso	Parcial 1 - Repaso 2	https://mauricio-romero.com/pdfs/EcoIV/20201/Repaso_2_Parcial1.pdf
EcoIV	2020-1	Clases de repaso	Parcial 1 - Repaso 3	https://mauricio-romero.com/pdfs/EcoIV/20201/Repaso_3_Parcial1.pdf
EcoIV	2020-1	Clases de repaso	Parcial 1 - Repaso 4	https://mauricio-romero.com/pdfs/EcoIV/20201/Repaso_4_Parcial1.pdf
EcoIV	2020-1	Clases de repaso	Pregunta del examen de Sept de 2011	https://mauricio-romero.com/pdfs/EcoIV/20201/Sep2011_XI.png
EcoIV	2020-1	Clases de repaso	Respuesta	https://mauricio-romero.com/pdfs/EcoIV/20201/Sept_2011_XI.pdf
EcoIV	2020-1	Clases de repaso	Solución Parcial 1 - Marzo 7 de 2020	https://mauricio-romero.com/pdfs/EcoIV/20201/SolucionParcial1.pdf
EcoIV	2020-1	Clases de repaso	Parcial 2 - Repaso 1	https://mauricio-romero.com/pdfs/EcoIV/20201/Repaso_1_Parcial2.pdf
EcoIV	2020-1	Clases de repaso	Parcial 2 - Repaso 2 (solución parcial 2 de otoño 2019)	https://mauricio-romero.com/pdfs/EcoIV/20201/Solucion_Parcial_2_20192.pdf
EcoIV	2020-1	Clases de repaso	Parcial 2 - Repaso 3	https://mauricio-romero.com/pdfs/EcoIV/20201/Repaso_2_Parcial2.pdf
EcoIV	2020-1	Clases de repaso	Parcial 2 - Repaso 4	https://mauricio-romero.com/pdfs/EcoIV/20201/Repaso_3_Parcial2.pdf
EcoIV	2020-1	Clases de repaso	Solución Parcial 2 - Abril 18 de 2020	https://mauricio-romero.com/pdfs/EcoIV/20201/Solucion_Parcial_2_20201.pdf
EcoIV	2020-1	Clases de repaso	Final - Repaso 1	https://mauricio-romero.com/pdfs/EcoIV/20201/Repaso_1_Finalv3.pdf
EcoIV	2020-1	Clases de repaso	Final - Repaso 2	https://mauricio-romero.com/pdfs/EcoIV/20201/Repaso_2_Final.pdf
EcoIV	2020-1	Clases de repaso	Final - Repaso 3 (solución final de otoño 2019)	https://mauricio-romero.com/pdfs/EcoIV/20201/Repaso_3_Final.pdf
EcoIV	2020-1	Exámenes viejos de Eco-IV	Primer Parcial 2016-2	https://mauricio-romero.com/pdfs/EcoIV/PastExams/FirstMidterm/1oct2016A.pdf
EcoIV	2020-1	Exámenes viejos de Eco-IV	Primer Parcial 2017-1	https://mauricio-romero.com/pdfs/EcoIV/PastExams/FirstMidterm/4mar2017.pdf
EcoIV	2020-1	Exámenes viejos de Eco-IV	Primer Parcial 2017-2	https://mauricio-romero.com/pdfs/EcoIV/PastExams/FirstMidterm/30sept2017.pdf
EcoIV	2020-1	Exámenes viejos de Eco-IV	Primer Parcial 2018-1	https://mauricio-romero.com/pdfs/EcoIV/PastExams/FirstMidterm/3mar2018.pdf
EcoIV	2020-1	Exámenes viejos de Eco-IV	Primer Parcial 2018-2	https://mauricio-romero.com/pdfs/EcoIV/PastExams/FirstMidterm/29sep2018.pdf
EcoIV	2020-1	Exámenes viejos de Eco-IV	Primer Parcial 2019-1	https://mauricio-romero.com/pdfs/EcoIV/PastExams/FirstMidterm/2mar2019.pdf
EcoIV	2020-1	Exámenes viejos de Eco-IV	Primer Parcial 2019-2	https://mauricio-romero.com/pdfs/EcoIV/PastExams/FirstMidterm/28sept2019.pdf
EcoIV	2020-1	Exámenes viejos de Eco-IV	Segundo Parcial 2016-2	https://mauricio-romero.com/pdfs/EcoIV/PastExams/SecondMidterm/12nov2016A.pdf
EcoIV	2020-1	Exámenes viejos de Eco-IV	Segundo Parcial 2017-1	https://mauricio-romero.com/pdfs/EcoIV/PastExams/SecondMidterm/22abr2017.pdf
EcoIV	2020-1	Exámenes viejos de Eco-IV	Segundo Parcial 2017-2	https://mauricio-romero.com/pdfs/EcoIV/PastExams/SecondMidterm/11nov2017.pdf
EcoIV	2020-1	Exámenes viejos de Eco-IV	Segundo Parcial 2018-1	https://mauricio-romero.com/pdfs/EcoIV/PastExams/SecondMidterm/21abr2018.pdf
EcoIV	2020-1	Exámenes viejos de Eco-IV	Segundo Parcial 2018-2	https://mauricio-romero.com/pdfs/EcoIV/PastExams/SecondMidterm/10nov2018.pdf
EcoIV	2020-1	Exámenes viejos de Eco-IV	Segundo Parcial 2019-1	https://mauricio-romero.com/pdfs/EcoIV/PastExams/SecondMidterm/27abr2019.pdf
EcoIV	2020-1	Exámenes viejos de Eco-IV	Segundo Parcial 2019-2	https://mauricio-romero.com/pdfs/EcoIV/PastExams/SecondMidterm/9nov2019.pdf
EcoIV	2020-1	Exámenes viejos de Eco-IV	Final 2016-2	https://mauricio-romero.com/pdfs/EcoIV/PastExams/FinalExams/5dic2016A.pdf
EcoIV	2020-1	Exámenes viejos de Eco-IV	Final 2017-1	https://mauricio-romero.com/pdfs/EcoIV/PastExams/FinalExams/29mayo2017.pdf
EcoIV	2020-1	Exámenes viejos de Eco-IV	Final 2017-2	https://mauricio-romero.com/pdfs/EcoIV/PastExams/FinalExams/18dic2017.pdf
EcoIV	2020-1	Exámenes viejos de Eco-IV	Final 2018-1	https://mauricio-romero.com/pdfs/EcoIV/PastExams/FinalExams/21may2018.pdf
EcoIV	2020-1	Exámenes viejos de Eco-IV	Final 2018-2	https://mauricio-romero.com/pdfs/EcoIV/PastExams/FinalExams/10dic2018.pdf
EcoIV	2020-1	Exámenes viejos de Eco-IV	Final 2019-1	https://mauricio-romero.com/pdfs/EcoIV/PastExams/FinalExams/27mayo2019.pdf
EcoIV	2020-1	Exámenes viejos de Eco-IV	Final 2019-2	https://mauricio-romero.com/pdfs/EcoIV/PastExams/FinalExams/16dic2019.pdf
EcoIV	2021-1	Syllabus	Syllabus	https://mauricio-romero.com/pdfs/EcoIV/20211/Temario.pdf
EcoIV	2021-1	Equilibrio General	Lecture 1	https://mauricio-romero.com/pdfs/EcoIV/20211/Lecture1.pdf
EcoIV	2021-1	Equilibrio General	Diapositivas con notas (2:30 PM)	https://mauricio-romero.com/pdfs/EcoIV/20211/Lecture1_1.pdf
EcoIV	2021-1	Equilibrio General	Diapositivas con notas (4:00 PM)	https://mauricio-romero.com/pdfs/EcoIV/20211/Lecture1_2.pdf
EcoIV	2021-1	Equilibrio General	Lecture 2	https://mauricio-romero.com/pdfs/EcoIV/20211/Lecture2.pdf
EcoIV	2021-1	Equilibrio General	Diapositivas con notas (2:30 PM)	https://mauricio-romero.com/pdfs/EcoIV/20211/Lecture2_1.pdf
EcoIV	2021-1	Equilibrio General	Diapositivas con notas (4:00 PM)	https://mauricio-romero.com/pdfs/EcoIV/20211/Lecture2_2.pdf
EcoIV	2021-1	Equilibrio General	Lecture 3	https://mauricio-romero.com/pdfs/EcoIV/20211/Lecture3.pdf
EcoIV	2021-1	Equilibrio General	Diapositivas con notas (2:30 PM)	https://mauricio-romero.com/pdfs/EcoIV/20211/Lecture3_1.pdf
EcoIV	2021-1	Equilibrio General	Diapositivas con notas (4:00 PM)	https://mauricio-romero.com/pdfs/EcoIV/20211/Lecture3_2.pdf
EcoIV	2021-1	Equilibrio General	Lecture 4	https://mauricio-romero.com/pdfs/EcoIV/20211/Lecture4.pdf
EcoIV	2021-1	Equilibrio General	Diapositivas con notas (2:30 PM)	https://mauricio-romero.com/pdfs/EcoIV/20211/Lecture4_1.pdf
EcoIV	2021-1	Equilibrio General	Diapositivas con notas (4:00 PM)	https://mauricio-romero.com/pdfs/EcoIV/20211/Lecture4_2.pdf
EcoIV	2021-1	Equilibrio General	Lecture 5	https://mauricio-romero.com/pdfs/EcoIV/20211/Lecture5.pdf
EcoIV	2021-1	Equilibrio General	Diapositivas con notas (2:30 PM)	https://mauricio-romero.com/pdfs/EcoIV/20211/Lecture5_1.pdf
EcoIV	2021-1	Equilibrio General	Diapositivas con notas (4:00 PM)	https://mauricio-romero.com/pdfs/EcoIV/20211/Lecture5_2.pdf
EcoIV	2021-1	Equilibrio General	Lecture 6	https://mauricio-romero.com/pdfs/EcoIV/20211/Lecture6.pdf
EcoIV	2021-1	Equilibrio General	Diapositivas con notas (2:30 PM)	https://mauricio-romero.com/pdfs/EcoIV/20211/Lecture6_1.pdf
EcoIV	2021-1	Equilibrio General	Diapositivas con notas (4:00 PM)	https://mauricio-romero.com/pdfs/EcoIV/20211/Lecture6_2.pdf
EcoIV	2021-1	Monopolio y discriminación de precios	Lecture 7	https://mauricio-romero.com/pdfs/EcoIV/20211/Lecture7.pdf
EcoIV	2021-1	Monopolio y discriminación de precios	Diapositivas con notas (2:30 PM)	https://mauricio-romero.com/pdfs/EcoIV/20211/Lecture7_1.pdf
EcoIV	2021-1	Monopolio y discriminación de precios	Diapositivas con notas (4:00 PM)	https://mauricio-romero.com/pdfs/EcoIV/20211/Lecture7_2.pdf
EcoIV	2021-1	Monopolio y discriminación de precios	Lecture 8/9	https://mauricio-romero.com/pdfs/EcoIV/20211/Lecture8-9.pdf
EcoIV	2021-1	Monopolio y discriminación de precios	Diapositivas con notas (2:30 PM)	https://mauricio-romero.com/pdfs/EcoIV/20211/Lecture8_1.pdf
EcoIV	2021-1	Monopolio y discriminación de precios	Diapositivas con notas (4:00 PM)	https://mauricio-romero.com/pdfs/EcoIV/20211/Lecture8_2.pdf
EcoIV	2021-1	Monopolio y discriminación de precios	Lecture 10	https://mauricio-romero.com/pdfs/EcoIV/20211/Lecture10.pdf
EcoIV	2021-1	Monopolio y discriminación de precios	Diapositivas con notas (2:30 PM)	https://mauricio-romero.com/pdfs/EcoIV/20211/Lecture10_1.pdf
EcoIV	2021-1	Monopolio y discriminación de precios	Diapositivas con notas (4:00 PM)	https://mauricio-romero.com/pdfs/EcoIV/20211/Lecture10_2.pdf
EcoIV	2021-1	Monopolio y discriminación de precios	Lecture 11	https://mauricio-romero.com/pdfs/EcoIV/20211/Lecture11.pdf
EcoIV	2021-1	Monopolio y discriminación de precios	Diapositivas con notas (2:30 PM)	https://mauricio-romero.com/pdfs/EcoIV/20211/Lecture11_1.pdf
EcoIV	2021-1	Monopolio y discriminación de precios	Diapositivas con notas (4:00 PM)	https://mauricio-romero.com/pdfs/EcoIV/20211/Lecture11_2.pdf
EcoIV	2021-1	Monopolio y discriminación de precios	Lecture 12	https://mauricio-romero.com/pdfs/EcoIV/20211/Lecture12.pdf
EcoIV	2021-1	Monopolio y discriminación de precios	Diapositivas con notas (2:30 PM)	https://mauricio-romero.com/pdfs/EcoIV/20211/Lecture12_1.pdf
EcoIV	2021-1	Monopolio y discriminación de precios	Diapositivas con notas (4:00 PM)	https://mauricio-romero.com/pdfs/EcoIV/20211/Lecture12_2.pdf
EcoIV	2021-1	Monopolio y discriminación de precios	Lecture 13	https://mauricio-romero.com/pdfs/EcoIV/20211/Lecture13.pdf
EcoIV	2021-1	Monopolio y discriminación de precios	Diapositivas con notas (2:30 PM)	https://mauricio-romero.com/pdfs/EcoIV/20211/Lecture13_1.pdf
EcoIV	2021-1	Monopolio y discriminación de precios	Diapositivas con notas (4:00 PM)	https://mauricio-romero.com/pdfs/EcoIV/20211/Lecture13_2.pdf
EcoIV	2021-1	Monopolio y discriminación de precios	Lecture 14	https://mauricio-romero.com/pdfs/EcoIV/20211/Lecture14.pdf
EcoIV	2021-1	Monopolio y discriminación de precios	Diapositivas con notas (2:30 PM)	https://mauricio-romero.com/pdfs/EcoIV/20211/Lecture14_1.pdf
EcoIV	2021-1	Monopolio y discriminación de precios	Diapositivas con notas (4:00 PM)	https://mauricio-romero.com/pdfs/EcoIV/20211/Lecture14_2.pdf
EcoIV	2021-1	Monopolio y discriminación de precios	Lecture 15	https://mauricio-romero.com/pdfs/EcoIV/20211/Lecture15.pdf
EcoIV	2021-1	Monopolio y discriminación de precios	Diapositivas con notas (2:30 PM)	https://mauricio-romero.com/pdfs/EcoIV/20211/Lecture15_1.pdf
EcoIV	2021-1	Monopolio y discriminación de precios	Diapositivas con notas (4:00 PM)	https://mauricio-romero.com/pdfs/EcoIV/20211/Lecture15_2.pdf
EcoIV	2021-1	Monopolio y discriminación de precios	Lecture 16	https://mauricio-romero.com/pdfs/EcoIV/20211/Lecture16.pdf
EcoIV	2021-1	Monopolio y discriminación de precios	Diapositivas con notas (2:30 PM)	https://mauricio-romero.com/pdfs/EcoIV/20211/Lecture16_1.pdf
EcoIV	2021-1	Monopolio y discriminación de precios	Diapositivas con notas (4:00 PM)	https://mauricio-romero.com/pdfs/EcoIV/20211/Lecture16_2.pdf
EcoIV	2021-1	Monopolio y discriminación de precios	Lecture 17	https://mauricio-romero.com/pdfs/EcoIV/20211/Lecture17.pdf
EcoIV	2021-1	Monopolio y discriminación de precios	Diapositivas con notas (2:30 PM)	https://mauricio-romero.com/pdfs/EcoIV/20211/Lecture17_1.pdf
EcoIV	2021-1	Monopolio y discriminación de precios	Diapositivas con notas (4:00 PM)	https://mauricio-romero.com/pdfs/EcoIV/20211/Lecture17_2.pdf
EcoIV	2021-1	Monopolio y discriminación de precios	Lecture 18	https://mauricio-romero.com/pdfs/EcoIV/20211/Lecture18.pdf
EcoIV	2021-1	Monopolio y discriminación de precios	Diapositivas con notas (2:30 PM)	https://mauricio-romero.com/pdfs/EcoIV/20211/Lecture18_1.pdf
EcoIV	2021-1	Monopolio y discriminación de precios	Diapositivas con notas (4:00 PM)	https://mauricio-romero.com/pdfs/EcoIV/20211/Lecture18_2.pdf
EcoIV	2021-1	Monopolio y discriminación de precios	Lecture 19	https://mauricio-romero.com/pdfs/EcoIV/20211/Lecture19.pdf
EcoIV	2021-1	Monopolio y discriminación de precios	Diapositivas con notas (2:30 PM)	https://mauricio-romero.com/pdfs/EcoIV/20211/Lecture19_1.pdf
EcoIV	2021-1	Monopolio y discriminación de precios	Diapositivas con notas (4:00 PM)	https://mauricio-romero.com/pdfs/EcoIV/20211/Lecture19_2.pdf
EcoIV	2021-1	Monopolio y discriminación de precios	Lecture 20	https://mauricio-romero.com/pdfs/EcoIV/20211/Lecture20.pdf
EcoIV	2021-1	Monopolio y discriminación de precios	Diapositivas con notas (2:30 PM)	https://mauricio-romero.com/pdfs/EcoIV/20211/Lecture20_1.pdf
EcoIV	2021-1	Monopolio y discriminación de precios	Diapositivas con notas (4:00 PM)	https://mauricio-romero.com/pdfs/EcoIV/20211/Lecture20_2.pdf
EcoIV	2021-1	Notas de Clase	Notas de clase de Álvaro Riascos y Andrés Carvajal (Equilibrio general)	https://mauricio-romero.com/pdfs/MicroIII201619/notas_micro.pdf
EcoIV	2021-1	Notas de Clase	Notas de clase de Marcela Eslava (Teoría de Juegos)	https://economia.uniandes.edu.co/files/profesores/marcela_eslava/tj2016II/Notas_Juegos_revisada.pdf
EcoIV	2021-1	Notas de Clase	Resumen del curso	https://mauricio-romero.com/pdfs/EcoIV/Resumen_ParcialFinal.pdf
EcoIV	2021-1	Notas de Clase	Notas de clase de Teoría de Juegos	https://mauricio-romero.com/pdfs/EcoIV/Notas.pdf
EcoIV	2021-1	Notas de Clase	Taller de equilibrio general	https://mauricio-romero.com/pdfs/EcoIV/Taller_EqGeneral.pdf
EcoIV	2021-1	Clases de repaso	Diapositivas con notas	https://mauricio-romero.com/pdfs/EcoIV/20211/RepasoParcial_1A_1.pdf
EcoIV	2021-1	Clases de repaso	Diapositivas con notas	https://mauricio-romero.com/pdfs/EcoIV/20211/RepasoParcial_1A_2.pdf
EcoIV	2021-1	Clases de repaso	Diapositivas con notas	https://mauricio-romero.com/pdfs/EcoIV/20211/RepasoParcial_1B_1.pdf
EcoIV	2021-1	Clases de repaso	Diapositivas con notas	https://mauricio-romero.com/pdfs/EcoIV/20211/RepasoParcial_1B_2.pdf
EcoIV	2021-1	Clases de repaso	Diapositivas con notas	https://mauricio-romero.com/pdfs/EcoIV/20211/RepasoParcial_1C_1.pdf
EcoIV	2021-1	Clases de repaso	Diapositivas con notas	https://mauricio-romero.com/pdfs/EcoIV/20211/RepasoParcial_1C_2.pdf
EcoIV	2021-1	Clases de repaso	Diapositivas con notas	https://mauricio-romero.com/pdfs/EcoIV/20211/RepasoParcial_1D_1.pdf
EcoIV	2021-1	Clases de repaso	Diapositivas con notas	https://mauricio-romero.com/pdfs/EcoIV/20211/RepasoParcial_1D_2.pdf
EcoIV	2021-1	Clases de repaso	Notas	https://mauricio-romero.com/pdfs/EcoIV/20211/SolucionParcialFeb2020_1.pdf
EcoIV	2021-1	Clases de repaso	Notas	https://mauricio-romero.com/pdfs/EcoIV/20211/SolucionParcialFeb2020_2.pdf
EcoIV	2021-1	Clases de repaso	Diapositivas con notas	https://mauricio-romero.com/pdfs/EcoIV/20211/RepasoParcial_2A_1.pdf
EcoIV	2021-1	Clases de repaso	Diapositivas con notas	https://mauricio-romero.com/pdfs/EcoIV/20211/RepasoParcial_2A_2.pdf
EcoIV	2021-1	Clases de repaso	Diapositivas con notas	https://mauricio-romero.com/pdfs/EcoIV/20211/RepasoParcial_2B_1.pdf
EcoIV	2021-1	Clases de repaso	Diapositivas con notas	https://mauricio-romero.com/pdfs/EcoIV/20211/RepasoParcial_2B_2.pdf
EcoIV	2021-1	Clases de repaso	Diapositivas con notas	https://mauricio-romero.com/pdfs/EcoIV/20211/RepasoParcial_2C_1.pdf
EcoIV	2021-1	Clases de repaso	Diapositivas con notas	https://mauricio-romero.com/pdfs/EcoIV/20211/RepasoParcial_2C_2.pdf
EcoIV	2021-1	Clases de repaso	Solución Parcial 2 (Abril de 2021)	https://mauricio-romero.com/pdfs/EcoIV/20211/SolucionParcial2.pdf
EcoIV	2021-1	Clases de repaso	Diapositivas con notas	https://mauricio-romero.com/pdfs/EcoIV/20211/RepasoFinalA_1.pdf
EcoIV	2021-1	Clases de repaso	Diapositivas con notas	https://mauricio-romero.com/pdfs/EcoIV/20211/RepasoFinalA_2.pdf
EcoIV	2021-1	Clases de repaso	Diapositivas con notas	https://mauricio-romero.com/pdfs/EcoIV/20211/RepasoFinalB_1.pdf
EcoIV	2021-1	Clases de repaso	Diapositivas con notas	https://mauricio-romero.com/pdfs/EcoIV/20211/RepasoFinalB_2.pdf
EcoIV	2021-1	Exámenes viejos de Eco-IV	Primer Parcial 2016-2	https://mauricio-romero.com/pdfs/EcoIV/PastExams/FirstMidterm/1oct2016A.pdf
EcoIV	2021-1	Exámenes viejos de Eco-IV	Primer Parcial 2017-1	https://mauricio-romero.com/pdfs/EcoIV/PastExams/FirstMidterm/4mar2017.pdf
EcoIV	2021-1	Exámenes viejos de Eco-IV	Primer Parcial 2017-2	https://mauricio-romero.com/pdfs/EcoIV/PastExams/FirstMidterm/30sept2017.pdf
EcoIV	2021-1	Exámenes viejos de Eco-IV	Primer Parcial 2018-1	https://mauricio-romero.com/pdfs/EcoIV/PastExams/FirstMidterm/3mar2018.pdf
EcoIV	2021-1	Exámenes viejos de Eco-IV	Primer Parcial 2018-2	https://mauricio-romero.com/pdfs/EcoIV/PastExams/FirstMidterm/29sep2018.pdf
EcoIV	2021-1	Exámenes viejos de Eco-IV	Primer Parcial 2019-1	https://mauricio-romero.com/pdfs/EcoIV/PastExams/FirstMidterm/2mar2019.pdf
EcoIV	2021-1	Exámenes viejos de Eco-IV	Primer Parcial 2019-2	https://mauricio-romero.com/pdfs/EcoIV/PastExams/FirstMidterm/28sept2019.pdf
EcoIV	2021-1	Exámenes viejos de Eco-IV	Primer Parcial 2020-1	https://mauricio-romero.com/pdfs/EcoIV/PastExams/FirstMidterm/7mar2020.pdf
EcoIV	2021-1	Exámenes viejos de Eco-IV	Primer Parcial 2020-2	https://mauricio-romero.com/pdfs/EcoIV/PastExams/FirstMidterm/Sep2020.pdf
EcoIV	2021-1	Exámenes viejos de Eco-IV	Segundo Parcial 2016-2	https://mauricio-romero.com/pdfs/EcoIV/PastExams/SecondMidterm/12nov2016A.pdf
EcoIV	2021-1	Exámenes viejos de Eco-IV	Segundo Parcial 2017-1	https://mauricio-romero.com/pdfs/EcoIV/PastExams/SecondMidterm/22abr2017.pdf
EcoIV	2021-1	Exámenes viejos de Eco-IV	Segundo Parcial 2017-2	https://mauricio-romero.com/pdfs/EcoIV/PastExams/SecondMidterm/11nov2017.pdf
EcoIV	2021-1	Exámenes viejos de Eco-IV	Segundo Parcial 2018-1	https://mauricio-romero.com/pdfs/EcoIV/PastExams/SecondMidterm/21abr2018.pdf
EcoIV	2021-1	Exámenes viejos de Eco-IV	Segundo Parcial 2018-2	https://mauricio-romero.com/pdfs/EcoIV/PastExams/SecondMidterm/10nov2018.pdf
EcoIV	2021-1	Exámenes viejos de Eco-IV	Segundo Parcial 2019-1	https://mauricio-romero.com/pdfs/EcoIV/PastExams/SecondMidterm/27abr2019.pdf
EcoIV	2021-1	Exámenes viejos de Eco-IV	Segundo Parcial 2019-2	https://mauricio-romero.com/pdfs/EcoIV/PastExams/SecondMidterm/9nov2019.pdf
EcoIV	2021-1	Exámenes viejos de Eco-IV	Segundo Parcial 2020-1	https://mauricio-romero.com/pdfs/EcoIV/PastExams/SecondMidterm/18abr2020.pdf
EcoIV	2021-1	Exámenes viejos de Eco-IV	Segundo Parcial 2020-2	https://mauricio-romero.com/pdfs/EcoIV/PastExams/SecondMidterm/Nov2020.pdf
EcoIV	2021-1	Exámenes viejos de Eco-IV	Final 2016-2	https://mauricio-romero.com/pdfs/EcoIV/PastExams/FinalExams/5dic2016A.pdf
EcoIV	2021-1	Exámenes viejos de Eco-IV	Final 2017-1	https://mauricio-romero.com/pdfs/EcoIV/PastExams/FinalExams/29mayo2017.pdf
EcoIV	2021-1	Exámenes viejos de Eco-IV	Final 2017-2	https://mauricio-romero.com/pdfs/EcoIV/PastExams/FinalExams/18dic2017.pdf
EcoIV	2021-1	Exámenes viejos de Eco-IV	Final 2018-1	https://mauricio-romero.com/pdfs/EcoIV/PastExams/FinalExams/21may2018.pdf
EcoIV	2021-1	Exámenes viejos de Eco-IV	Final 2018-2	https://mauricio-romero.com/pdfs/EcoIV/PastExams/FinalExams/10dic2018.pdf
EcoIV	2021-1	Exámenes viejos de Eco-IV	Final 2019-1	https://mauricio-romero.com/pdfs/EcoIV/PastExams/FinalExams/27mayo2019.pdf
EcoIV	2021-1	Exámenes viejos de Eco-IV	Final 2019-2	https://mauricio-romero.com/pdfs/EcoIV/PastExams/FinalExams/16dic2019.pdf
EcoIV	2021-1	Exámenes viejos de Eco-IV	Final 2020-1	https://mauricio-romero.com/pdfs/EcoIV/PastExams/FinalExams/Mayo2020.pdf
EcoIV	2021-1	Exámenes viejos de Eco-IV	Final 2020-2	https://mauricio-romero.com/pdfs/EcoIV/PastExams/FinalExams/Dic2020.pdf
EcoIV	2022-1	Syllabus	Syllabus	https://mauricio-romero.com/pdfs/EcoIV/20221/Temario.pdf
EcoIV	2022-1	Equilibrio General	Lecture 1	https://mauricio-romero.com/pdfs/EcoIV/20221/Lecture1.pdf
EcoIV	2022-1	Equilibrio General	Diapositivas con notas (2:30 PM)	https://mauricio-romero.com/pdfs/EcoIV/20221/Lecture1_1.pdf
EcoIV	2022-1	Equilibrio General	Diapositivas con notas (4:00 PM)	https://mauricio-romero.com/pdfs/EcoIV/20221/Lecture1_2.pdf
EcoIV	2022-1	Equilibrio General	Lecture 2	https://mauricio-romero.com/pdfs/EcoIV/20221/Lecture2.pdf
EcoIV	2022-1	Equilibrio General	Diapositivas con notas (2:30 PM)	https://mauricio-romero.com/pdfs/EcoIV/20221/Lecture2_1.pdf
EcoIV	2022-1	Equilibrio General	Diapositivas con notas (4:00 PM)	https://mauricio-romero.com/pdfs/EcoIV/20221/Lecture2_2.pdf
EcoIV	2022-1	Equilibrio General	Lecture 3	https://mauricio-romero.com/pdfs/EcoIV/20221/Lecture3.pdf
EcoIV	2022-1	Equilibrio General	Diapositivas con notas (2:30 PM)	https://mauricio-romero.com/pdfs/EcoIV/20221/Lecture3_1.pdf
EcoIV	2022-1	Equilibrio General	Diapositivas con notas (4:00 PM)	https://mauricio-romero.com/pdfs/EcoIV/20221/Lecture3_2.pdf
EcoIV	2022-1	Equilibrio General	Lecture 4	https://mauricio-romero.com/pdfs/EcoIV/20221/Lecture4.pdf
EcoIV	2022-1	Equilibrio General	Diapositivas con notas (2:30 PM)	https://mauricio-romero.com/pdfs/EcoIV/20221/Lecture4_1.pdf
EcoIV	2022-1	Equilibrio General	Diapositivas con notas (4:00 PM)	https://mauricio-romero.com/pdfs/EcoIV/20221/Lecture4_2.pdf
EcoIV	2022-1	Equilibrio General	Lecture 5	https://mauricio-romero.com/pdfs/EcoIV/20221/Lecture5.pdf
EcoIV	2022-1	Equilibrio General	Diapositivas con notas (2:30 PM)	https://mauricio-romero.com/pdfs/EcoIV/20221/Lecture5_1.pdf
EcoIV	2022-1	Equilibrio General	Diapositivas con notas (4:00 PM)	https://mauricio-romero.com/pdfs/EcoIV/20221/Lecture5_2.pdf
EcoIV	2022-1	Equilibrio General	Lecture 6	https://mauricio-romero.com/pdfs/EcoIV/20221/Lecture6.pdf
EcoIV	2022-1	Equilibrio General	Diapositivas con notas (2:30 PM)	https://mauricio-romero.com/pdfs/EcoIV/20221/Lecture6_1.pdf
EcoIV	2022-1	Equilibrio General	Diapositivas con notas (4:00 PM)	https://mauricio-romero.com/pdfs/EcoIV/20221/Lecture6_2.pdf
EcoIV	2022-1	Monopolio y discriminación de precios	Lecture 7	https://mauricio-romero.com/pdfs/EcoIV/20221/Lecture7.pdf
EcoIV	2022-1	Monopolio y discriminación de precios	Diapositivas con notas (2:30 PM)	https://mauricio-romero.com/pdfs/EcoIV/20221/Lecture7_1.pdf
EcoIV	2022-1	Monopolio y discriminación de precios	Diapositivas con notas (4:00 PM)	https://mauricio-romero.com/pdfs/EcoIV/20221/Lecture7_2.pdf
EcoIV	2022-1	Monopolio y discriminación de precios	Lecture 8/9	https://mauricio-romero.com/pdfs/EcoIV/20221/Lecture8-9.pdf
EcoIV	2022-1	Monopolio y discriminación de precios	Diapositivas con notas (2:30 PM)	https://mauricio-romero.com/pdfs/EcoIV/20221/Lecture8-9_1.pdf
EcoIV	2022-1	Monopolio y discriminación de precios	Diapositivas con notas (4:00 PM)	https://mauricio-romero.com/pdfs/EcoIV/20221/Lecture8-9_2.pdf
EcoIV	2022-1	Monopolio y discriminación de precios	Lecture 10	https://mauricio-romero.com/pdfs/EcoIV/20221/Lecture10.pdf
EcoIV	2022-1	Monopolio y discriminación de precios	Diapositivas con notas (2:30 PM)	https://mauricio-romero.com/pdfs/EcoIV/20221/Lecture10_1.pdf
EcoIV	2022-1	Monopolio y discriminación de precios	Diapositivas con notas (4:00 PM)	https://mauricio-romero.com/pdfs/EcoIV/20221/Lecture10_2.pdf
EcoIV	2022-1	Monopolio y discriminación de precios	Lecture 11	https://mauricio-romero.com/pdfs/EcoIV/20221/Lecture11.pdf
EcoIV	2022-1	Monopolio y discriminación de precios	Diapositivas con notas (2:30 PM)	https://mauricio-romero.com/pdfs/EcoIV/20221/Lecture11_1.pdf
EcoIV	2022-1	Monopolio y discriminación de precios	Diapositivas con notas (4:00 PM)	https://mauricio-romero.com/pdfs/EcoIV/20221/Lecture11_2.pdf
EcoIV	2022-1	Monopolio y discriminación de precios	Lecture 12	https://mauricio-romero.com/pdfs/EcoIV/20221/Lecture12.pdf
EcoIV	2022-1	Monopolio y discriminación de precios	Diapositivas con notas (2:30 PM)	https://mauricio-romero.com/pdfs/EcoIV/20221/Lecture12_1.pdf
EcoIV	2022-1	Monopolio y discriminación de precios	Diapositivas con notas (4:00 PM)	https://mauricio-romero.com/pdfs/EcoIV/20221/Lecture12_2.pdf
EcoIV	2022-1	Monopolio y discriminación de precios	Lecture 13	https://mauricio-romero.com/pdfs/EcoIV/20221/Lecture13.pdf
EcoIV	2022-1	Monopolio y discriminación de precios	Diapositivas con notas (2:30 PM)	https://mauricio-romero.com/pdfs/EcoIV/20221/Lecture13_1.pdf
EcoIV	2022-1	Monopolio y discriminación de precios	Diapositivas con notas (4:00 PM)	https://mauricio-romero.com/pdfs/EcoIV/20221/Lecture13_2.pdf
EcoIV	2022-1	Monopolio y discriminación de precios	Lecture 14	https://mauricio-romero.com/pdfs/EcoIV/20221/Lecture14.pdf
EcoIV	2022-1	Monopolio y discriminación de precios	Diapositivas con notas (2:30 PM)	https://mauricio-romero.com/pdfs/EcoIV/20221/Lecture14_1.pdf
EcoIV	2022-1	Monopolio y discriminación de precios	Diapositivas con notas (4:00 PM)	https://mauricio-romero.com/pdfs/EcoIV/20221/Lecture14_2.pdf
EcoIV	2022-1	Monopolio y discriminación de precios	Lecture 15	https://mauricio-romero.com/pdfs/EcoIV/20221/Lecture15.pdf
EcoIV	2022-1	Monopolio y discriminación de precios	Diapositivas con notas (2:30 PM)	https://mauricio-romero.com/pdfs/EcoIV/20221/Lecture15_1.pdf
EcoIV	2022-1	Monopolio y discriminación de precios	Diapositivas con notas (4:00 PM)	https://mauricio-romero.com/pdfs/EcoIV/20221/Lecture15_2.pdf
EcoIV	2022-1	Monopolio y discriminación de precios	Lecture 16	https://mauricio-romero.com/pdfs/EcoIV/20221/Lecture16.pdf
EcoIV	2022-1	Monopolio y discriminación de precios	Diapositivas con notas (2:30 PM)	https://mauricio-romero.com/pdfs/EcoIV/20221/Lecture16_1.pdf
EcoIV	2022-1	Monopolio y discriminación de precios	Diapositivas con notas (4:00 PM)	https://mauricio-romero.com/pdfs/EcoIV/20221/Lecture16_2.pdf
EcoIV	2022-1	Monopolio y discriminación de precios	Lecture 17	https://mauricio-romero.com/pdfs/EcoIV/20221/Lecture17.pdf
EcoIV	2022-1	Monopolio y discriminación de precios	Diapositivas con notas (2:30 PM)	https://mauricio-romero.com/pdfs/EcoIV/20221/Lecture17_1.pdf
EcoIV	2022-1	Monopolio y discriminación de precios	Diapositivas con notas (4:00 PM)	https://mauricio-romero.com/pdfs/EcoIV/20221/Lecture17_2.pdf
EcoIV	2022-1	Monopolio y discriminación de precios	Lecture 18	https://mauricio-romero.com/pdfs/EcoIV/20221/Lecture18.pdf
EcoIV	2022-1	Monopolio y discriminación de precios	Diapositivas con notas (2:30 PM)	https://mauricio-romero.com/pdfs/EcoIV/20221/Lecture18_1.pdf
EcoIV	2022-1	Monopolio y discriminación de precios	Diapositivas con notas (4:00 PM)	https://mauricio-romero.com/pdfs/EcoIV/20221/Lecture18_2.pdf
EcoIV	2022-1	Monopolio y discriminación de precios	Lecture 19	https://mauricio-romero.com/pdfs/EcoIV/20221/Lecture19_short.pdf
EcoIV	2022-1	Monopolio y discriminación de precios	Diapositivas con notas (2:30 PM)	https://mauricio-romero.com/pdfs/EcoIV/20221/Lecture19_1.pdf
EcoIV	2022-1	Monopolio y discriminación de precios	Diapositivas con notas (4:00 PM)	https://mauricio-romero.com/pdfs/EcoIV/20221/Lecture19_2.pdf
EcoIV	2022-1	Monopolio y discriminación de precios	Lecture 20	https://mauricio-romero.com/pdfs/EcoIV/20221/Lecture20.pdf
EcoIV	2022-1	Monopolio y discriminación de precios	Diapositivas con notas (2:30 PM)	https://mauricio-romero.com/pdfs/EcoIV/20221/Lecture20_1.pdf
EcoIV	2022-1	Monopolio y discriminación de precios	Diapositivas con notas (4:00 PM)	https://mauricio-romero.com/pdfs/EcoIV/20221/Lecture20_2.pdf
EcoIV	2022-1	Notas de Clase	Notas de clase de Álvaro Riascos y Andrés Carvajal (Equilibrio general)	https://mauricio-romero.com/pdfs/MicroIII201619/notas_micro.pdf
EcoIV	2022-1	Notas de Clase	Notas de clase de Marcela Eslava (Teoría de Juegos)	https://economia.uniandes.edu.co/files/profesores/marcela_eslava/tj2016II/Notas_Juegos_revisada.pdf
EcoIV	2022-1	Notas de Clase	Resumen del curso	https://mauricio-romero.com/pdfs/EcoIV/Resumen_ParcialFinal.pdf
EcoIV	2022-1	Notas de Clase	Notas de clase de Teoría de Juegos	https://mauricio-romero.com/pdfs/EcoIV/Notas.pdf
EcoIV	2022-1	Notas de Clase	Taller de equilibrio general	https://mauricio-romero.com/pdfs/EcoIV/Taller_EqGeneral.pdf
EcoIV	2022-1	Clases de repaso	Primer Parcial 2021-Otoño	https://mauricio-romero.com/pdfs/EcoIV/PastExams/FirstMidterm/Sep2021.pdf
EcoIV	2022-1	Clases de repaso	Solución	https://mauricio-romero.com/pdfs/EcoIV/PastExams/FirstMidterm/Solucion_Sep2021.pdf
EcoIV	2022-1	Clases de repaso	Diapositivas con notas	https://mauricio-romero.com/pdfs/EcoIV/20221/RepasoParcial_1A_1.pdf
EcoIV	2022-1	Clases de repaso	Diapositivas con notas	https://mauricio-romero.com/pdfs/EcoIV/20221/RepasoParcial_1A_2.pdf
EcoIV	2022-1	Clases de repaso	Diapositivas con notas	https://mauricio-romero.com/pdfs/EcoIV/20221/RepasoParcial_1B_1.pdf
EcoIV	2022-1	Clases de repaso	Diapositivas con notas	https://mauricio-romero.com/pdfs/EcoIV/20221/RepasoParcial_1B_2.pdf
EcoIV	2022-1	Clases de repaso	Solución	https://mauricio-romero.com/pdfs/EcoIV/PastExams/SecondMidterm/Solucion_Nov2021_2.pdf
EcoIV	2022-1	Clases de repaso	Diapositivas con notas	https://mauricio-romero.com/pdfs/EcoIV/20221/RepasoParcial_2A_1.pdf
EcoIV	2022-1	Clases de repaso	Diapositivas con notas	https://mauricio-romero.com/pdfs/EcoIV/20221/RepasoParcial_2A_2.pdf
EcoIV	2022-1	Clases de repaso	Diapositivas con notas	https://mauricio-romero.com/pdfs/EcoIV/20221/RepasoParcial_2B_1.pdf
EcoIV	2022-1	Clases de repaso	Diapositivas con notas	https://mauricio-romero.com/pdfs/EcoIV/20221/RepasoParcial_2B_2.pdf
EcoIV	2022-1	Clases de repaso	Diapositivas con notas	https://mauricio-romero.com/pdfs/EcoIV/20221/RepasoParcial_2C_1.pdf
EcoIV	2022-1	Clases de repaso	Diapositivas con notas	https://mauricio-romero.com/pdfs/EcoIV/20221/RepasoParcial_2C_2.pdf
EcoIV	2022-1	Clases de repaso	Diapositivas con notas	https://mauricio-romero.com/pdfs/EcoIV/20221/RepasoParcial_1B_2.pdf
EcoIV	2022-1	Clases de repaso	Solución	https://mauricio-romero.com/pdfs/EcoIV/PastExams/FinalExams/SolucionDic2021.pdf
EcoIV	2022-1	Exámenes viejos de Eco-IV	Primer Parcial 2016-Otoño	https://mauricio-romero.com/pdfs/EcoIV/PastExams/FirstMidterm/1oct2016A.pdf
EcoIV	2022-1	Exámenes viejos de Eco-IV	Primer Parcial 2017-Primavera	https://mauricio-romero.com/pdfs/EcoIV/PastExams/FirstMidterm/4mar2017.pdf
EcoIV	2022-1	Exámenes viejos de Eco-IV	Primer Parcial 2017- Otoño	https://mauricio-romero.com/pdfs/EcoIV/PastExams/FirstMidterm/30sept2017.pdf
EcoIV	2022-1	Exámenes viejos de Eco-IV	Primer Parcial 2018-Primavera	https://mauricio-romero.com/pdfs/EcoIV/PastExams/FirstMidterm/3mar2018.pdf
EcoIV	2022-1	Exámenes viejos de Eco-IV	Primer Parcial 2018-Otoño	https://mauricio-romero.com/pdfs/EcoIV/PastExams/FirstMidterm/29sep2018.pdf
EcoIV	2022-1	Exámenes viejos de Eco-IV	Primer Parcial 2019-Primavera	https://mauricio-romero.com/pdfs/EcoIV/PastExams/FirstMidterm/2mar2019.pdf
EcoIV	2022-1	Exámenes viejos de Eco-IV	Primer Parcial 2019-Otoño	https://mauricio-romero.com/pdfs/EcoIV/PastExams/FirstMidterm/28sept2019.pdf
EcoIV	2022-1	Exámenes viejos de Eco-IV	Primer Parcial 2020-Primavera	https://mauricio-romero.com/pdfs/EcoIV/PastExams/FirstMidterm/7mar2020.pdf
EcoIV	2022-1	Exámenes viejos de Eco-IV	Solución	https://mauricio-romero.com/pdfs/EcoIV/PastExams/FirstMidterm/SolucionMarzo2020.pdf
EcoIV	2022-1	Exámenes viejos de Eco-IV	Primer Parcial 2020-Otoño	https://mauricio-romero.com/pdfs/EcoIV/PastExams/FirstMidterm/Sep2020.pdf
EcoIV	2022-1	Exámenes viejos de Eco-IV	Primer Parcial 2021-Primavera (con solución)	https://mauricio-romero.com/pdfs/EcoIV/PastExams/FirstMidterm/SolucionFeb2020_1.pdf
EcoIV	2022-1	Exámenes viejos de Eco-IV	Primer Parcial 2021-Otoño	https://mauricio-romero.com/pdfs/EcoIV/PastExams/FirstMidterm/Sep2021.pdf
EcoIV	2022-1	Exámenes viejos de Eco-IV	Solución	https://mauricio-romero.com/pdfs/EcoIV/PastExams/FirstMidterm/Solucion_Sep2021.pdf
EcoIV	2022-1	Exámenes viejos de Eco-IV	Segundo Parcial 2016-Otoño	https://mauricio-romero.com/pdfs/EcoIV/PastExams/SecondMidterm/12nov2016A.pdf
EcoIV	2022-1	Exámenes viejos de Eco-IV	Segundo Parcial 2017-Primavera	https://mauricio-romero.com/pdfs/EcoIV/PastExams/SecondMidterm/22abr2017.pdf
EcoIV	2022-1	Exámenes viejos de Eco-IV	Segundo Parcial 2017-Otoño	https://mauricio-romero.com/pdfs/EcoIV/PastExams/SecondMidterm/11nov2017.pdf
EcoIV	2022-1	Exámenes viejos de Eco-IV	Segundo Parcial 2018-Primavera	https://mauricio-romero.com/pdfs/EcoIV/PastExams/SecondMidterm/21abr2018.pdf
EcoIV	2022-1	Exámenes viejos de Eco-IV	Segundo Parcial 2018-Otoño	https://mauricio-romero.com/pdfs/EcoIV/PastExams/SecondMidterm/10nov2018.pdf
EcoIV	2022-1	Exámenes viejos de Eco-IV	Segundo Parcial 2019-Primavera	https://mauricio-romero.com/pdfs/EcoIV/PastExams/SecondMidterm/27abr2019.pdf
EcoIV	2022-1	Exámenes viejos de Eco-IV	Segundo Parcial 2019-Otoño	https://mauricio-romero.com/pdfs/EcoIV/PastExams/SecondMidterm/9nov2019.pdf
EcoIV	2022-1	Exámenes viejos de Eco-IV	Solución	https://mauricio-romero.com/pdfs/EcoIV/PastExams/SecondMidterm/Solucion_Parcial_2_20192.pdf
EcoIV	2022-1	Exámenes viejos de Eco-IV	Segundo Parcial 2020-Primavera	https://mauricio-romero.com/pdfs/EcoIV/PastExams/SecondMidterm/18abr2020.pdf
EcoIV	2022-1	Exámenes viejos de Eco-IV	Solución	https://mauricio-romero.com/pdfs/EcoIV/PastExams/SecondMidterm/Solucion_Parcial_2_20201.pdf
EcoIV	2022-1	Exámenes viejos de Eco-IV	Segundo Parcial 2020-Otoño	https://mauricio-romero.com/pdfs/EcoIV/20211/SolucionParcial2.pdf
EcoIV	2022-1	Exámenes viejos de Eco-IV	Segundo Parcial 2021-Primavera (con solución)	https://mauricio-romero.com/pdfs/EcoIV/PastExams/SecondMidterm/SolucionAbril2021.pdf
EcoIV	2022-1	Exámenes viejos de Eco-IV	Segundo Parcial 2021-Otoño (con solución)	https://mauricio-romero.com/pdfs/EcoIV/PastExams/SecondMidterm/Solucion_Nov2021_2.pdf
EcoIV	2022-1	Exámenes viejos de Eco-IV	Final 2016-Otoño	https://mauricio-romero.com/pdfs/EcoIV/PastExams/FinalExams/5dic2016A.pdf
EcoIV	2022-1	Exámenes viejos de Eco-IV	Final 2017-Primavera	https://mauricio-romero.com/pdfs/EcoIV/PastExams/FinalExams/29mayo2017.pdf
EcoIV	2022-1	Exámenes viejos de Eco-IV	Final 2017-Otoño	https://mauricio-romero.com/pdfs/EcoIV/PastExams/FinalExams/18dic2017.pdf
EcoIV	2022-1	Exámenes viejos de Eco-IV	Final 2018-Primavera	https://mauricio-romero.com/pdfs/EcoIV/PastExams/FinalExams/21may2018.pdf
EcoIV	2022-1	Exámenes viejos de Eco-IV	Final 2018-Otoño	https://mauricio-romero.com/pdfs/EcoIV/PastExams/FinalExams/10dic2018.pdf
EcoIV	2022-1	Exámenes viejos de Eco-IV	Final 2019-Primavera	https://mauricio-romero.com/pdfs/EcoIV/PastExams/FinalExams/27mayo2019.pdf
EcoIV	2022-1	Exámenes viejos de Eco-IV	Final 2019-Otoño	https://mauricio-romero.com/pdfs/EcoIV/PastExams/FinalExams/16dic2019.pdf
EcoIV	2022-1	Exámenes viejos de Eco-IV	Solución	https://mauricio-romero.com/pdfs/EcoIV/PastExams/FinalExams/SolucionDic2019.pdf
EcoIV	2022-1	Exámenes viejos de Eco-IV	Final 2020-Primavera	https://mauricio-romero.com/pdfs/EcoIV/PastExams/FinalExams/Mayo2020.pdf
EcoIV	2022-1	Exámenes viejos de Eco-IV	Final 2020-Otoño	https://mauricio-romero.com/pdfs/EcoIV/PastExams/FinalExams/Dic2020.pdf
EcoIV	2022-1	Exámenes viejos de Eco-IV	Final 2021-Primavera	https://mauricio-romero.com/pdfs/EcoIV/PastExams/FinalExams/Mayo2021.pdf
EcoIV	2022-1	Exámenes viejos de Eco-IV	Final 2021-Otoño	https://mauricio-romero.com/pdfs/EcoIV/PastExams/FinalExams/Dic2021.pdf
EcoIV	2022-1	Exámenes viejos de Eco-IV	Solución	https://mauricio-romero.com/pdfs/EcoIV/PastExams/FinalExams/SolucionDic2021.pdf
EcoIV	2023-1	Syllabus	Syllabus	https://mauricio-romero.com/pdfs/EcoIV/20231/Temario.pdf
EcoIV	2023-1	Equilibrio General	Lecture 1	https://mauricio-romero.com/pdfs/EcoIV/20231/Lecture1.pdf
EcoIV	2023-1	Equilibrio General	Notas de clase	https://mauricio-romero.com/pdfs/EcoIV/20231/Lecture1_1.pdf
EcoIV	2023-1	Equilibrio General	Lecture 2	https://mauricio-romero.com/pdfs/EcoIV/20231/Lecture2.pdf
EcoIV	2023-1	Equilibrio General	Notas de clase	https://mauricio-romero.com/pdfs/EcoIV/20231/Lecture2_1.pdf
EcoIV	2023-1	Equilibrio General	Lecture 3	https://mauricio-romero.com/pdfs/EcoIV/20231/Lecture3.pdf
EcoIV	2023-1	Equilibrio General	Notas de clase	https://mauricio-romero.com/pdfs/EcoIV/20231/Lecture3_1.pdf
EcoIV	2023-1	Equilibrio General	Lecture 4	https://mauricio-romero.com/pdfs/EcoIV/20231/Lecture4.pdf
EcoIV	2023-1	Equilibrio General	Notas de clase	https://mauricio-romero.com/pdfs/EcoIV/20231/Lecture4_1.pdf
EcoIV	2023-1	Equilibrio General	Lecture 5	https://mauricio-romero.com/pdfs/EcoIV/20231/Lecture5.pdf
EcoIV	2023-1	Equilibrio General	Notas de clase	https://mauricio-romero.com/pdfs/EcoIV/20231/Lecture5_1.pdf
EcoIV	2023-1	Equilibrio General	Lecture 6	https://mauricio-romero.com/pdfs/EcoIV/20231/Lecture6.pdf
EcoIV	2023-1	Equilibrio General	Notas de clase	https://mauricio-romero.com/pdfs/EcoIV/20231/Lecture6_1.pdf
EcoIV	2023-1	Monopolio y discriminación de precios	Lecture 7	https://mauricio-romero.com/pdfs/EcoIV/20231/Lecture7.pdf
EcoIV	2023-1	Monopolio y discriminación de precios	Notas de clase	https://mauricio-romero.com/pdfs/EcoIV/20231/Lecture7_1.pdf
EcoIV	2023-1	Monopolio y discriminación de precios	Lecture 8/9	https://mauricio-romero.com/pdfs/EcoIV/20231/Lecture8-9.pdf
EcoIV	2023-1	Monopolio y discriminación de precios	Notas de clase	https://mauricio-romero.com/pdfs/EcoIV/20231/Lecture8_9_1.pdf
EcoIV	2023-1	Monopolio y discriminación de precios	Lecture 10	https://mauricio-romero.com/pdfs/EcoIV/20231/Lecture10.pdf
EcoIV	2023-1	Monopolio y discriminación de precios	Notas de clase	https://mauricio-romero.com/pdfs/EcoIV/20231/Lecture10_1.pdf
EcoIV	2023-1	Monopolio y discriminación de precios	Lecture 11	https://mauricio-romero.com/pdfs/EcoIV/20231/Lecture11.pdf
EcoIV	2023-1	Monopolio y discriminación de precios	Notas de clase	https://mauricio-romero.com/pdfs/EcoIV/20231/Lecture11_1.pdf
EcoIV	2023-1	Monopolio y discriminación de precios	Lecture 12	https://mauricio-romero.com/pdfs/EcoIV/20231/Lecture12.pdf
EcoIV	2023-1	Monopolio y discriminación de precios	Notas de clase	https://mauricio-romero.com/pdfs/EcoIV/20231/Lecture12_1.pdf
EcoIV	2023-1	Monopolio y discriminación de precios	Lecture 13	https://mauricio-romero.com/pdfs/EcoIV/20231/Lecture13.pdf
EcoIV	2023-1	Monopolio y discriminación de precios	Notas de clase	https://mauricio-romero.com/pdfs/EcoIV/20231/Lecture13_1.pdf
EcoIV	2023-1	Monopolio y discriminación de precios	Lecture 14	https://mauricio-romero.com/pdfs/EcoIV/20231/Lecture14.pdf
EcoIV	2023-1	Monopolio y discriminación de precios	Notas de clase	https://mauricio-romero.com/pdfs/EcoIV/20231/Lecture14_1.pdf
EcoIV	2023-1	Monopolio y discriminación de precios	Lecture 15	https://mauricio-romero.com/pdfs/EcoIV/20231/Lecture15.pdf
EcoIV	2023-1	Monopolio y discriminación de precios	Notas de clase	https://mauricio-romero.com/pdfs/EcoIV/20231/Lecture15_1.pdf
EcoIV	2023-1	Monopolio y discriminación de precios	Lecture 16	https://mauricio-romero.com/pdfs/EcoIV/20231/Lecture16.pdf
EcoIV	2023-1	Monopolio y discriminación de precios	Notas de clase	https://mauricio-romero.com/pdfs/EcoIV/20231/Lecture16_1.pdf
EcoIV	2023-1	Monopolio y discriminación de precios	Lecture 17	https://mauricio-romero.com/pdfs/EcoIV/20231/Lecture17.pdf
EcoIV	2023-1	Monopolio y discriminación de precios	Lecture 18	https://mauricio-romero.com/pdfs/EcoIV/20231/Lecture18.pdf
EcoIV	2023-1	Monopolio y discriminación de precios	Lecture 19	https://mauricio-romero.com/pdfs/EcoIV/20231/Lecture19_short.pdf
EcoIV	2023-1	Monopolio y discriminación de precios	Lecture 20	https://mauricio-romero.com/pdfs/EcoIV/20231/Lecture20.pdf
EcoIV	2023-1	Notas de Clase	Notas de clase de Álvaro Riascos y Andrés Carvajal (Equilibrio general)	https://mauricio-romero.com/pdfs/MicroIII201619/notas_micro.pdf
EcoIV	2023-1	Notas de Clase	Notas de clase de Marcela Eslava (Teoría de Juegos)	https://economia.uniandes.edu.co/files/profesores/marcela_eslava/tj2016II/Notas_Juegos_revisada.pdf
EcoIV	2023-1	Notas de Clase	Resumen del curso	https://mauricio-romero.com/pdfs/EcoIV/Resumen_ParcialFinal.pdf
EcoIV	2023-1	Notas de Clase	Notas de clase de Teoría de Juegos	https://mauricio-romero.com/pdfs/EcoIV/Notas.pdf
EcoIV	2023-1	Notas de Clase	Taller de equilibrio general	https://mauricio-romero.com/pdfs/EcoIV/Taller_EqGeneral.pdf
EcoIV	2023-1	Clases de repaso	Quiz 1 - 2022	https://mauricio-romero.com/pdfs/EcoIV/20231/Quiz1_2022.pdf
EcoIV	2023-1	Clases de repaso	Repaso Parcial 2 - Feb 14 2023	https://mauricio-romero.com/pdfs/EcoIV/20231/Repaso_Parcial2_1.pdf
EcoIV	2023-1	Clases de repaso	Repaso Parcial 2 - Feb 16 2023	https://mauricio-romero.com/pdfs/EcoIV/20231/Repaso_Parcial2_2.pdf
EcoIV	2023-1	Clases de repaso	Repaso Parcial 3 - Marzo 09 2023	https://mauricio-romero.com/pdfs/EcoIV/20231/Repaso_Parcial3_1.pdf
EcoIV	2023-1	Clases de repaso	Repaso Parcial 4 - Marzo 30 2023	https://mauricio-romero.com/pdfs/EcoIV/20231/Repaso_Parcial4_1.pdf
EcoIV	2023-1	Clases de repaso	Repaso Parcial 5 - Abril 25 2023	https://mauricio-romero.com/pdfs/EcoIV/20231/Repaso_Parcial5_1.pdf
EcoIV	2023-1	Exámenes viejos de Eco-IV	Primer Parcial 2016-Otoño	https://mauricio-romero.com/pdfs/EcoIV/PastExams/FirstMidterm/1oct2016A.pdf
EcoIV	2023-1	Exámenes viejos de Eco-IV	Primer Parcial 2017-Primavera	https://mauricio-romero.com/pdfs/EcoIV/PastExams/FirstMidterm/4mar2017.pdf
EcoIV	2023-1	Exámenes viejos de Eco-IV	Primer Parcial 2017- Otoño	https://mauricio-romero.com/pdfs/EcoIV/PastExams/FirstMidterm/30sept2017.pdf
EcoIV	2023-1	Exámenes viejos de Eco-IV	Primer Parcial 2018-Primavera	https://mauricio-romero.com/pdfs/EcoIV/PastExams/FirstMidterm/3mar2018.pdf
EcoIV	2023-1	Exámenes viejos de Eco-IV	Primer Parcial 2018-Otoño	https://mauricio-romero.com/pdfs/EcoIV/PastExams/FirstMidterm/29sep2018.pdf
EcoIV	2023-1	Exámenes viejos de Eco-IV	Primer Parcial 2019-Primavera	https://mauricio-romero.com/pdfs/EcoIV/PastExams/FirstMidterm/2mar2019.pdf
EcoIV	2023-1	Exámenes viejos de Eco-IV	Primer Parcial 2019-Otoño	https://mauricio-romero.com/pdfs/EcoIV/PastExams/FirstMidterm/28sept2019.pdf
EcoIV	2023-1	Exámenes viejos de Eco-IV	Primer Parcial 2020-Primavera	https://mauricio-romero.com/pdfs/EcoIV/PastExams/FirstMidterm/7mar2020.pdf
EcoIV	2023-1	Exámenes viejos de Eco-IV	Solución	https://mauricio-romero.com/pdfs/EcoIV/PastExams/FirstMidterm/SolucionMarzo2020.pdf
EcoIV	2023-1	Exámenes viejos de Eco-IV	Primer Parcial 2020-Otoño	https://mauricio-romero.com/pdfs/EcoIV/PastExams/FirstMidterm/Sep2020.pdf
EcoIV	2023-1	Exámenes viejos de Eco-IV	Primer Parcial 2021-Primavera (con solución)	https://mauricio-romero.com/pdfs/EcoIV/PastExams/FirstMidterm/SolucionFeb2020_1.pdf
EcoIV	2023-1	Exámenes viejos de Eco-IV	Primer Parcial 2021-Otoño	https://mauricio-romero.com/pdfs/EcoIV/PastExams/FirstMidterm/Sep2021.pdf
EcoIV	2023-1	Exámenes viejos de Eco-IV	Solución	https://mauricio-romero.com/pdfs/EcoIV/PastExams/FirstMidterm/Solucion_Sep2021.pdf
EcoIV	2023-1	Exámenes viejos de Eco-IV	Primer Parcial 2022 - Primavera (solución de algunos ejercicios)	https://mauricio-romero.com/pdfs/EcoIV/PastExams/FirstMidterm/Solucion_Parcial_1_2022_Primavera.pdf
EcoIV	2023-1	Exámenes viejos de Eco-IV	Solucion de otros ejercicios	https://mauricio-romero.com/pdfs/EcoIV/PastExams/FirstMidterm/Solucion_Parcial_1_2022_Primavera_Parte2.pdf
EcoIV	2023-1	Exámenes viejos de Eco-IV	Primer Parcial 2022 - Otoño (solución de algunos ejercicios)	https://mauricio-romero.com/pdfs/EcoIV/PastExams/FirstMidterm/Solucion_Parcial_1_2022_Otono.pdf
EcoIV	2023-1	Exámenes viejos de Eco-IV	Solucion de otros ejercicios	https://mauricio-romero.com/pdfs/EcoIV/PastExams/FirstMidterm/Solucion_Parcial_1_2022_Otono_Parte2.pdf
EcoIV	2023-1	Exámenes viejos de Eco-IV	Segundo Parcial 2016-Otoño	https://mauricio-romero.com/pdfs/EcoIV/PastExams/SecondMidterm/12nov2016A.pdf
EcoIV	2023-1	Exámenes viejos de Eco-IV	Segundo Parcial 2017-Primavera	https://mauricio-romero.com/pdfs/EcoIV/PastExams/SecondMidterm/22abr2017.pdf
EcoIV	2023-1	Exámenes viejos de Eco-IV	Segundo Parcial 2017-Otoño	https://mauricio-romero.com/pdfs/EcoIV/PastExams/SecondMidterm/11nov2017.pdf
EcoIV	2023-1	Exámenes viejos de Eco-IV	Segundo Parcial 2018-Primavera	https://mauricio-romero.com/pdfs/EcoIV/PastExams/SecondMidterm/21abr2018.pdf
EcoIV	2023-1	Exámenes viejos de Eco-IV	Segundo Parcial 2018-Otoño	https://mauricio-romero.com/pdfs/EcoIV/PastExams/SecondMidterm/10nov2018.pdf
EcoIV	2023-1	Exámenes viejos de Eco-IV	Segundo Parcial 2019-Primavera	https://mauricio-romero.com/pdfs/EcoIV/PastExams/SecondMidterm/27abr2019.pdf
EcoIV	2023-1	Exámenes viejos de Eco-IV	Segundo Parcial 2019-Otoño	https://mauricio-romero.com/pdfs/EcoIV/PastExams/SecondMidterm/9nov2019.pdf
EcoIV	2023-1	Exámenes viejos de Eco-IV	Solución	https://mauricio-romero.com/pdfs/EcoIV/PastExams/SecondMidterm/Solucion_Parcial_2_20192.pdf
EcoIV	2023-1	Exámenes viejos de Eco-IV	Segundo Parcial 2020-Primavera	https://mauricio-romero.com/pdfs/EcoIV/PastExams/SecondMidterm/18abr2020.pdf
EcoIV	2023-1	Exámenes viejos de Eco-IV	Solución	https://mauricio-romero.com/pdfs/EcoIV/PastExams/SecondMidterm/Solucion_Parcial_2_20201.pdf
EcoIV	2023-1	Exámenes viejos de Eco-IV	Segundo Parcial 2020-Otoño	https://mauricio-romero.com/pdfs/EcoIV/20211/SolucionParcial2.pdf
EcoIV	2023-1	Exámenes viejos de Eco-IV	Segundo Parcial 2021-Primavera (con solución)	https://mauricio-romero.com/pdfs/EcoIV/PastExams/SecondMidterm/SolucionAbril2021.pdf
EcoIV	2023-1	Exámenes viejos de Eco-IV	Segundo Parcial 2021-Otoño (con solución)	https://mauricio-romero.com/pdfs/EcoIV/PastExams/SecondMidterm/Solucion_Nov2021_2.pdf
EcoIV	2023-1	Exámenes viejos de Eco-IV	Final 2016-Otoño	https://mauricio-romero.com/pdfs/EcoIV/PastExams/FinalExams/5dic2016A.pdf
EcoIV	2023-1	Exámenes viejos de Eco-IV	Final 2017-Primavera	https://mauricio-romero.com/pdfs/EcoIV/PastExams/FinalExams/29mayo2017.pdf
EcoIV	2023-1	Exámenes viejos de Eco-IV	Final 2017-Otoño	https://mauricio-romero.com/pdfs/EcoIV/PastExams/FinalExams/18dic2017.pdf
EcoIV	2023-1	Exámenes viejos de Eco-IV	Final 2018-Primavera	https://mauricio-romero.com/pdfs/EcoIV/PastExams/FinalExams/21may2018.pdf
EcoIV	2023-1	Exámenes viejos de Eco-IV	Final 2018-Otoño	https://mauricio-romero.com/pdfs/EcoIV/PastExams/FinalExams/10dic2018.pdf
EcoIV	2023-1	Exámenes viejos de Eco-IV	Final 2019-Primavera	https://mauricio-romero.com/pdfs/EcoIV/PastExams/FinalExams/27mayo2019.pdf
EcoIV	2023-1	Exámenes viejos de Eco-IV	Final 2019-Otoño	https://mauricio-romero.com/pdfs/EcoIV/PastExams/FinalExams/16dic2019.pdf
EcoIV	2023-1	Exámenes viejos de Eco-IV	Solución	https://mauricio-romero.com/pdfs/EcoIV/PastExams/FinalExams/SolucionDic2019.pdf
EcoIV	2023-1	Exámenes viejos de Eco-IV	Final 2020-Primavera	https://mauricio-romero.com/pdfs/EcoIV/PastExams/FinalExams/Mayo2020.pdf
EcoIV	2023-1	Exámenes viejos de Eco-IV	Final 2020-Otoño	https://mauricio-romero.com/pdfs/EcoIV/PastExams/FinalExams/Dic2020.pdf
EcoIV	2023-1	Exámenes viejos de Eco-IV	Final 2021-Primavera	https://mauricio-romero.com/pdfs/EcoIV/PastExams/FinalExams/Mayo2021.pdf
EcoIV	2023-1	Exámenes viejos de Eco-IV	Final 2021-Otoño	https://mauricio-romero.com/pdfs/EcoIV/PastExams/FinalExams/Dic2021.pdf
EcoIV	2023-1	Exámenes viejos de Eco-IV	Solución	https://mauricio-romero.com/pdfs/EcoIV/PastExams/FinalExams/SolucionDic2021.pdf
EcoIV	2023-2	Syllabus	Syllabus	https://mauricio-romero.com/pdfs/EcoIV/20232/Temario.pdf
EcoIV	2023-2	Equilibrio General	Lecture 1	https://mauricio-romero.com/pdfs/EcoIV/20232/Lecture1.pdf
EcoIV	2023-2	Equilibrio General	Lecture 2	https://mauricio-romero.com/pdfs/EcoIV/20232/Lecture2.pdf
EcoIV	2023-2	Equilibrio General	Lecture 3	https://mauricio-romero.com/pdfs/EcoIV/20232/Lecture3.pdf
EcoIV	2023-2	Equilibrio General	Lecture 4	https://mauricio-romero.com/pdfs/EcoIV/20232/Lecture4.pdf
EcoIV	2023-2	Equilibrio General	Lecture 5	https://mauricio-romero.com/pdfs/EcoIV/20232/Lecture5.pdf
EcoIV	2023-2	Equilibrio General	Lecture 6	https://mauricio-romero.com/pdfs/EcoIV/20232/Lecture6.pdf
EcoIV	2023-2	Monopolio y discriminación de precios	Lecture 7	https://mauricio-romero.com/pdfs/EcoIV/20232/Lecture7.pdf
EcoIV	2023-2	Monopolio y discriminación de precios	Lecture 8/9	https://mauricio-romero.com/pdfs/EcoIV/20232/Lecture8-9.pdf
EcoIV	2023-2	Monopolio y discriminación de precios	Lecture 10	https://mauricio-romero.com/pdfs/EcoIV/20232/Lecture10.pdf
EcoIV	2023-2	Monopolio y discriminación de precios	Lecture 11	https://mauricio-romero.com/pdfs/EcoIV/20232/Lecture11.pdf
EcoIV	2023-2	Monopolio y discriminación de precios	Lecture 12	https://mauricio-romero.com/pdfs/EcoIV/20232/Lecture12.pdf
EcoIV	2023-2	Monopolio y discriminación de precios	Lecture 13	https://mauricio-romero.com/pdfs/EcoIV/20232/Lecture13.pdf
EcoIV	2023-2	Monopolio y discriminación de precios	Lecture 14	https://mauricio-romero.com/pdfs/EcoIV/20232/Lecture14.pdf
EcoIV	2023-2	Monopolio y discriminación de precios	Lecture 15	https://mauricio-romero.com/pdfs/EcoIV/20232/Lecture15.pdf
EcoIV	2023-2	Monopolio y discriminación de precios	Lecture 16	https://mauricio-romero.com/pdfs/EcoIV/20232/Lecture16.pdf
EcoIV	2023-2	Monopolio y discriminación de precios	Lecture 17	https://mauricio-romero.com/pdfs/EcoIV/20232/Lecture17.pdf
EcoIV	2023-2	Monopolio y discriminación de precios	Lecture 18	https://mauricio-romero.com/pdfs/EcoIV/20232/Lecture18.pdf
EcoIV	2023-2	Monopolio y discriminación de precios	Lecture 19	https://mauricio-romero.com/pdfs/EcoIV/20232/Lecture19_short.pdf
EcoIV	2023-2	Monopolio y discriminación de precios	Lecture 20	https://mauricio-romero.com/pdfs/EcoIV/20232/Lecture20.pdf
EcoIV	2023-2	Notas de Clase	Notas de clase de Álvaro Riascos y Andrés Carvajal (Equilibrio general)	https://mauricio-romero.com/pdfs/MicroIII201619/notas_micro.pdf
EcoIV	2023-2	Notas de Clase	Notas de clase de Marcela Eslava (Teoría de Juegos)	https://economia.uniandes.edu.co/files/profesores/marcela_eslava/tj2016II/Notas_Juegos_revisada.pdf
EcoIV	2023-2	Notas de Clase	Resumen del curso	https://mauricio-romero.com/pdfs/EcoIV/Resumen_ParcialFinal.pdf
EcoIV	2023-2	Notas de Clase	Notas de clase de Teoría de Juegos	https://mauricio-romero.com/pdfs/EcoIV/Notas.pdf
EcoIV	2023-2	Notas de Clase	Taller de equilibrio general	https://mauricio-romero.com/pdfs/EcoIV/Taller_EqGeneral.pdf
EcoIV	2023-2	Clases de repaso	Solución Examen 1 de 2023-1	https://mauricio-romero.com/pdfs/EcoIV/20232/RepasoParcial1.pdf
EcoIV	2023-2	Exámenes viejos de Eco-IV	Primer Parcial 2016-Otoño	https://mauricio-romero.com/pdfs/EcoIV/PastExams/FirstMidterm/1oct2016A.pdf
EcoIV	2023-2	Exámenes viejos de Eco-IV	Primer Parcial 2017-Primavera	https://mauricio-romero.com/pdfs/EcoIV/PastExams/FirstMidterm/4mar2017.pdf
EcoIV	2023-2	Exámenes viejos de Eco-IV	Primer Parcial 2017- Otoño	https://mauricio-romero.com/pdfs/EcoIV/PastExams/FirstMidterm/30sept2017.pdf
EcoIV	2023-2	Exámenes viejos de Eco-IV	Primer Parcial 2018-Primavera	https://mauricio-romero.com/pdfs/EcoIV/PastExams/FirstMidterm/3mar2018.pdf
EcoIV	2023-2	Exámenes viejos de Eco-IV	Primer Parcial 2018-Otoño	https://mauricio-romero.com/pdfs/EcoIV/PastExams/FirstMidterm/29sep2018.pdf
EcoIV	2023-2	Exámenes viejos de Eco-IV	Primer Parcial 2019-Primavera	https://mauricio-romero.com/pdfs/EcoIV/PastExams/FirstMidterm/2mar2019.pdf
EcoIV	2023-2	Exámenes viejos de Eco-IV	Primer Parcial 2019-Otoño	https://mauricio-romero.com/pdfs/EcoIV/PastExams/FirstMidterm/28sept2019.pdf
EcoIV	2023-2	Exámenes viejos de Eco-IV	Primer Parcial 2020-Primavera	https://mauricio-romero.com/pdfs/EcoIV/PastExams/FirstMidterm/7mar2020.pdf
EcoIV	2023-2	Exámenes viejos de Eco-IV	Solución	https://mauricio-romero.com/pdfs/EcoIV/PastExams/FirstMidterm/SolucionMarzo2020.pdf
EcoIV	2023-2	Exámenes viejos de Eco-IV	Primer Parcial 2020-Otoño	https://mauricio-romero.com/pdfs/EcoIV/PastExams/FirstMidterm/Sep2020.pdf
EcoIV	2023-2	Exámenes viejos de Eco-IV	Primer Parcial 2021-Primavera (con solución)	https://mauricio-romero.com/pdfs/EcoIV/PastExams/FirstMidterm/SolucionFeb2020_1.pdf
EcoIV	2023-2	Exámenes viejos de Eco-IV	Primer Parcial 2021-Otoño	https://mauricio-romero.com/pdfs/EcoIV/PastExams/FirstMidterm/Sep2021.pdf
EcoIV	2023-2	Exámenes viejos de Eco-IV	Solución	https://mauricio-romero.com/pdfs/EcoIV/PastExams/FirstMidterm/Solucion_Sep2021.pdf
EcoIV	2023-2	Exámenes viejos de Eco-IV	Primer Parcial 2022 - Primavera (solución de algunos ejercicios)	https://mauricio-romero.com/pdfs/EcoIV/PastExams/FirstMidterm/Solucion_Parcial_1_2022_Primavera.pdf
EcoIV	2023-2	Exámenes viejos de Eco-IV	Solucion de otros ejercicios	https://mauricio-romero.com/pdfs/EcoIV/PastExams/FirstMidterm/Solucion_Parcial_1_2022_Primavera_Parte2.pdf
EcoIV	2023-2	Exámenes viejos de Eco-IV	Primer Parcial 2022 - Otoño (solución de algunos ejercicios)	https://mauricio-romero.com/pdfs/EcoIV/PastExams/FirstMidterm/Solucion_Parcial_1_2022_Otono.pdf
EcoIV	2023-2	Exámenes viejos de Eco-IV	Solucion de otros ejercicios	https://mauricio-romero.com/pdfs/EcoIV/PastExams/FirstMidterm/Solucion_Parcial_1_2022_Otono_Parte2.pdf
EcoIV	2023-2	Exámenes viejos de Eco-IV	Segundo Parcial 2016-Otoño	https://mauricio-romero.com/pdfs/EcoIV/PastExams/SecondMidterm/12nov2016A.pdf
EcoIV	2023-2	Exámenes viejos de Eco-IV	Segundo Parcial 2017-Primavera	https://mauricio-romero.com/pdfs/EcoIV/PastExams/SecondMidterm/22abr2017.pdf
EcoIV	2023-2	Exámenes viejos de Eco-IV	Segundo Parcial 2017-Otoño	https://mauricio-romero.com/pdfs/EcoIV/PastExams/SecondMidterm/11nov2017.pdf
EcoIV	2023-2	Exámenes viejos de Eco-IV	Segundo Parcial 2018-Primavera	https://mauricio-romero.com/pdfs/EcoIV/PastExams/SecondMidterm/21abr2018.pdf
EcoIV	2023-2	Exámenes viejos de Eco-IV	Segundo Parcial 2018-Otoño	https://mauricio-romero.com/pdfs/EcoIV/PastExams/SecondMidterm/10nov2018.pdf
EcoIV	2023-2	Exámenes viejos de Eco-IV	Segundo Parcial 2019-Primavera	https://mauricio-romero.com/pdfs/EcoIV/PastExams/SecondMidterm/27abr2019.pdf
EcoIV	2023-2	Exámenes viejos de Eco-IV	Segundo Parcial 2019-Otoño	https://mauricio-romero.com/pdfs/EcoIV/PastExams/SecondMidterm/9nov2019.pdf
EcoIV	2023-2	Exámenes viejos de Eco-IV	Solución	https://mauricio-romero.com/pdfs/EcoIV/PastExams/SecondMidterm/Solucion_Parcial_2_20192.pdf
EcoIV	2023-2	Exámenes viejos de Eco-IV	Segundo Parcial 2020-Primavera	https://mauricio-romero.com/pdfs/EcoIV/PastExams/SecondMidterm/18abr2020.pdf
EcoIV	2023-2	Exámenes viejos de Eco-IV	Solución	https://mauricio-romero.com/pdfs/EcoIV/PastExams/SecondMidterm/Solucion_Parcial_2_20201.pdf
EcoIV	2023-2	Exámenes viejos de Eco-IV	Segundo Parcial 2020-Otoño	https://mauricio-romero.com/pdfs/EcoIV/20211/SolucionParcial2.pdf
EcoIV	2023-2	Exámenes viejos de Eco-IV	Segundo Parcial 2021-Primavera (con solución)	https://mauricio-romero.com/pdfs/EcoIV/PastExams/SecondMidterm/SolucionAbril2021.pdf
EcoIV	2023-2	Exámenes viejos de Eco-IV	Segundo Parcial 2021-Otoño (con solución)	https://mauricio-romero.com/pdfs/EcoIV/PastExams/SecondMidterm/Solucion_Nov2021_2.pdf
EcoIV	2023-2	Exámenes viejos de Eco-IV	Final 2016-Otoño	https://mauricio-romero.com/pdfs/EcoIV/PastExams/FinalExams/5dic2016A.pdf
EcoIV	2023-2	Exámenes viejos de Eco-IV	Final 2017-Primavera	https://mauricio-romero.com/pdfs/EcoIV/PastExams/FinalExams/29mayo2017.pdf
EcoIV	2023-2	Exámenes viejos de Eco-IV	Final 2017-Otoño	https://mauricio-romero.com/pdfs/EcoIV/PastExams/FinalExams/18dic2017.pdf
EcoIV	2023-2	Exámenes viejos de Eco-IV	Final 2018-Primavera	https://mauricio-romero.com/pdfs/EcoIV/PastExams/FinalExams/21may2018.pdf
EcoIV	2023-2	Exámenes viejos de Eco-IV	Final 2018-Otoño	https://mauricio-romero.com/pdfs/EcoIV/PastExams/FinalExams/10dic2018.pdf
EcoIV	2023-2	Exámenes viejos de Eco-IV	Final 2019-Primavera	https://mauricio-romero.com/pdfs/EcoIV/PastExams/FinalExams/27mayo2019.pdf
EcoIV	2023-2	Exámenes viejos de Eco-IV	Final 2019-Otoño	https://mauricio-romero.com/pdfs/EcoIV/PastExams/FinalExams/16dic2019.pdf
EcoIV	2023-2	Exámenes viejos de Eco-IV	Solución	https://mauricio-romero.com/pdfs/EcoIV/PastExams/FinalExams/SolucionDic2019.pdf
EcoIV	2023-2	Exámenes viejos de Eco-IV	Final 2020-Primavera	https://mauricio-romero.com/pdfs/EcoIV/PastExams/FinalExams/Mayo2020.pdf
EcoIV	2023-2	Exámenes viejos de Eco-IV	Final 2020-Otoño	https://mauricio-romero.com/pdfs/EcoIV/PastExams/FinalExams/Dic2020.pdf
EcoIV	2023-2	Exámenes viejos de Eco-IV	Final 2021-Primavera	https://mauricio-romero.com/pdfs/EcoIV/PastExams/FinalExams/Mayo2021.pdf
EcoIV	2023-2	Exámenes viejos de Eco-IV	Final 2021-Otoño	https://mauricio-romero.com/pdfs/EcoIV/PastExams/FinalExams/Dic2021.pdf
EcoIV	2023-2	Exámenes viejos de Eco-IV	Solución	https://mauricio-romero.com/pdfs/EcoIV/PastExams/FinalExams/SolucionDic2021.pdf
EcoIV	2025-2	Syllabus	Syllabus	https://mauricio-romero.com/pdfs/EcoIV/20252/Temario.pdf
EcoIV	2025-2	Equilibrio General	Lecture 1	https://mauricio-romero.com/pdfs/EcoIV/20252/Lecture1.pdf
EcoIV	2025-2	Equilibrio General	Lecture 2	https://mauricio-romero.com/pdfs/EcoIV/20252/Lecture2.pdf
EcoIV	2025-2	Equilibrio General	Lecture 3	https://mauricio-romero.com/pdfs/EcoIV/20252/Lecture3.pdf
EcoIV	2025-2	Equilibrio General	Lecture 4	https://mauricio-romero.com/pdfs/EcoIV/20252/Lecture4.pdf
EcoIV	2025-2	Equilibrio General	Lecture 5	https://mauricio-romero.com/pdfs/EcoIV/20252/Lecture5.pdf
EcoIV	2025-2	Equilibrio General	Lecture 6	https://mauricio-romero.com/pdfs/EcoIV/20252/Lecture6.pdf
EcoIV	2025-2	Monopolio y discriminación de precios	Lecture 7	https://mauricio-romero.com/pdfs/EcoIV/20252/Lecture7.pdf
EcoIV	2025-2	Monopolio y discriminación de precios	Lecture 8/9	https://mauricio-romero.com/pdfs/EcoIV/20252/Lecture8-9.pdf
EcoIV	2025-2	Monopolio y discriminación de precios	Lecture 10	https://mauricio-romero.com/pdfs/EcoIV/20252/Lecture10.pdf
EcoIV	2025-2	Monopolio y discriminación de precios	Lecture 11	https://mauricio-romero.com/pdfs/EcoIV/20252/Lecture11.pdf
EcoIV	2025-2	Monopolio y discriminación de precios	Lecture 12	https://mauricio-romero.com/pdfs/EcoIV/20252/Lecture12.pdf
EcoIV	2025-2	Monopolio y discriminación de precios	Lecture 13	https://mauricio-romero.com/pdfs/EcoIV/20252/Lecture13.pdf
EcoIV	2025-2	Monopolio y discriminación de precios	Lecture 14	https://mauricio-romero.com/pdfs/EcoIV/20252/Lecture14.pdf
EcoIV	2025-2	Monopolio y discriminación de precios	Lecture 15	https://mauricio-romero.com/pdfs/EcoIV/20252/Lecture15.pdf
EcoIV	2025-2	Monopolio y discriminación de precios	Lecture 16	https://mauricio-romero.com/pdfs/EcoIV/20252/Lecture16.pdf
EcoIV	2025-2	Monopolio y discriminación de precios	Lecture 17	https://mauricio-romero.com/pdfs/EcoIV/20252/Lecture17.pdf
EcoIV	2025-2	Monopolio y discriminación de precios	Lecture 18	https://mauricio-romero.com/pdfs/EcoIV/20252/Lecture18.pdf
EcoIV	2025-2	Monopolio y discriminación de precios	Lecture 19	https://mauricio-romero.com/pdfs/EcoIV/20252/Lecture19_short.pdf
EcoIV	2025-2	Monopolio y discriminación de precios	Lecture 20	https://mauricio-romero.com/pdfs/EcoIV/20252/Lecture20.pdf
EcoIV	2025-2	Notas de Clase	Notas de clase de Álvaro Riascos y Andrés Carvajal (Equilibrio general)	https://mauricio-romero.com/pdfs/MicroIII201619/notas_micro.pdf
EcoIV	2025-2	Notas de Clase	Notas de clase de Marcela Eslava (Teoría de Juegos)	https://economia.uniandes.edu.co/files/profesores/marcela_eslava/tj2016II/Notas_Juegos_revisada.pdf
EcoIV	2025-2	Notas de Clase	Resumen del curso	https://mauricio-romero.com/pdfs/EcoIV/Resumen_ParcialFinal.pdf
EcoIV	2025-2	Notas de Clase	Notas de clase de Teoría de Juegos	https://mauricio-romero.com/pdfs/EcoIV/Notas.pdf
EcoIV	2025-2	Notas de Clase	Taller de equilibrio general	https://mauricio-romero.com/pdfs/EcoIV/Taller_EqGeneral.pdf
EcoIV	2025-2	Exámenes viejos de Eco-IV	Primer Parcial 2016-Otoño	https://mauricio-romero.com/pdfs/EcoIV/PastExams/FirstMidterm/1oct2016A.pdf
EcoIV	2025-2	Exámenes viejos de Eco-IV	Primer Parcial 2017-Primavera	https://mauricio-romero.com/pdfs/EcoIV/PastExams/FirstMidterm/4mar2017.pdf
EcoIV	2025-2	Exámenes viejos de Eco-IV	Primer Parcial 2017- Otoño	https://mauricio-romero.com/pdfs/EcoIV/PastExams/FirstMidterm/30sept2017.pdf
EcoIV	2025-2	Exámenes viejos de Eco-IV	Primer Parcial 2018-Primavera	https://mauricio-romero.com/pdfs/EcoIV/PastExams/FirstMidterm/3mar2018.pdf
EcoIV	2025-2	Exámenes viejos de Eco-IV	Primer Parcial 2018-Otoño	https://mauricio-romero.com/pdfs/EcoIV/PastExams/FirstMidterm/29sep2018.pdf
EcoIV	2025-2	Exámenes viejos de Eco-IV	Primer Parcial 2019-Primavera	https://mauricio-romero.com/pdfs/EcoIV/PastExams/FirstMidterm/2mar2019.pdf
EcoIV	2025-2	Exámenes viejos de Eco-IV	Primer Parcial 2019-Otoño	https://mauricio-romero.com/pdfs/EcoIV/PastExams/FirstMidterm/28sept2019.pdf
EcoIV	2025-2	Exámenes viejos de Eco-IV	Primer Parcial 2020-Primavera	https://mauricio-romero.com/pdfs/EcoIV/PastExams/FirstMidterm/7mar2020.pdf
EcoIV	2025-2	Exámenes viejos de Eco-IV	Solución	https://mauricio-romero.com/pdfs/EcoIV/PastExams/FirstMidterm/SolucionMarzo2020.pdf
EcoIV	2025-2	Exámenes viejos de Eco-IV	Primer Parcial 2020-Otoño	https://mauricio-romero.com/pdfs/EcoIV/PastExams/FirstMidterm/Sep2020.pdf
EcoIV	2025-2	Exámenes viejos de Eco-IV	Primer Parcial 2021-Primavera (con solución)	https://mauricio-romero.com/pdfs/EcoIV/PastExams/FirstMidterm/SolucionFeb2020_1.pdf
EcoIV	2025-2	Exámenes viejos de Eco-IV	Primer Parcial 2021-Otoño	https://mauricio-romero.com/pdfs/EcoIV/PastExams/FirstMidterm/Sep2021.pdf
EcoIV	2025-2	Exámenes viejos de Eco-IV	Solución	https://mauricio-romero.com/pdfs/EcoIV/PastExams/FirstMidterm/Solucion_Sep2021.pdf
EcoIV	2025-2	Exámenes viejos de Eco-IV	Primer Parcial 2022 - Primavera (solución de algunos ejercicios)	https://mauricio-romero.com/pdfs/EcoIV/PastExams/FirstMidterm/Solucion_Parcial_1_2022_Primavera.pdf
EcoIV	2025-2	Exámenes viejos de Eco-IV	Solucion de otros ejercicios	https://mauricio-romero.com/pdfs/EcoIV/PastExams/FirstMidterm/Solucion_Parcial_1_2022_Primavera_Parte2.pdf
EcoIV	2025-2	Exámenes viejos de Eco-IV	Primer Parcial 2022 - Otoño (solución de algunos ejercicios)	https://mauricio-romero.com/pdfs/EcoIV/PastExams/FirstMidterm/Solucion_Parcial_1_2022_Otono.pdf
EcoIV	2025-2	Exámenes viejos de Eco-IV	Solucion de otros ejercicios	https://mauricio-romero.com/pdfs/EcoIV/PastExams/FirstMidterm/Solucion_Parcial_1_2022_Otono_Parte2.pdf
EcoIV	2025-2	Exámenes viejos de Eco-IV	Segundo Parcial 2016-Otoño	https://mauricio-romero.com/pdfs/EcoIV/PastExams/SecondMidterm/12nov2016A.pdf
EcoIV	2025-2	Exámenes viejos de Eco-IV	Segundo Parcial 2017-Primavera	https://mauricio-romero.com/pdfs/EcoIV/PastExams/SecondMidterm/22abr2017.pdf
EcoIV	2025-2	Exámenes viejos de Eco-IV	Segundo Parcial 2017-Otoño	https://mauricio-romero.com/pdfs/EcoIV/PastExams/SecondMidterm/11nov2017.pdf
EcoIV	2025-2	Exámenes viejos de Eco-IV	Segundo Parcial 2018-Primavera	https://mauricio-romero.com/pdfs/EcoIV/PastExams/SecondMidterm/21abr2018.pdf
EcoIV	2025-2	Exámenes viejos de Eco-IV	Segundo Parcial 2018-Otoño	https://mauricio-romero.com/pdfs/EcoIV/PastExams/SecondMidterm/10nov2018.pdf
EcoIV	2025-2	Exámenes viejos de Eco-IV	Segundo Parcial 2019-Primavera	https://mauricio-romero.com/pdfs/EcoIV/PastExams/SecondMidterm/27abr2019.pdf
EcoIV	2025-2	Exámenes viejos de Eco-IV	Segundo Parcial 2019-Otoño	https://mauricio-romero.com/pdfs/EcoIV/PastExams/SecondMidterm/9nov2019.pdf
EcoIV	2025-2	Exámenes viejos de Eco-IV	Solución	https://mauricio-romero.com/pdfs/EcoIV/PastExams/SecondMidterm/Solucion_Parcial_2_20192.pdf
EcoIV	2025-2	Exámenes viejos de Eco-IV	Segundo Parcial 2020-Primavera	https://mauricio-romero.com/pdfs/EcoIV/PastExams/SecondMidterm/18abr2020.pdf
EcoIV	2025-2	Exámenes viejos de Eco-IV	Solución	https://mauricio-romero.com/pdfs/EcoIV/PastExams/SecondMidterm/Solucion_Parcial_2_20201.pdf
EcoIV	2025-2	Exámenes viejos de Eco-IV	Segundo Parcial 2020-Otoño	https://mauricio-romero.com/pdfs/EcoIV/20211/SolucionParcial2.pdf
EcoIV	2025-2	Exámenes viejos de Eco-IV	Segundo Parcial 2021-Primavera (con solución)	https://mauricio-romero.com/pdfs/EcoIV/PastExams/SecondMidterm/SolucionAbril2021.pdf
EcoIV	2025-2	Exámenes viejos de Eco-IV	Segundo Parcial 2021-Otoño (con solución)	https://mauricio-romero.com/pdfs/EcoIV/PastExams/SecondMidterm/Solucion_Nov2021_2.pdf
EcoIV	2025-2	Exámenes viejos de Eco-IV	Final 2016-Otoño	https://mauricio-romero.com/pdfs/EcoIV/PastExams/FinalExams/5dic2016A.pdf
EcoIV	2025-2	Exámenes viejos de Eco-IV	Final 2017-Primavera	https://mauricio-romero.com/pdfs/EcoIV/PastExams/FinalExams/29mayo2017.pdf
EcoIV	2025-2	Exámenes viejos de Eco-IV	Final 2017-Otoño	https://mauricio-romero.com/pdfs/EcoIV/PastExams/FinalExams/18dic2017.pdf
EcoIV	2025-2	Exámenes viejos de Eco-IV	Final 2018-Primavera	https://mauricio-romero.com/pdfs/EcoIV/PastExams/FinalExams/21may2018.pdf
EcoIV	2025-2	Exámenes viejos de Eco-IV	Final 2018-Otoño	https://mauricio-romero.com/pdfs/EcoIV/PastExams/FinalExams/10dic2018.pdf
EcoIV	2025-2	Exámenes viejos de Eco-IV	Final 2019-Primavera	https://mauricio-romero.com/pdfs/EcoIV/PastExams/FinalExams/27mayo2019.pdf
EcoIV	2025-2	Exámenes viejos de Eco-IV	Final 2019-Otoño	https://mauricio-romero.com/pdfs/EcoIV/PastExams/FinalExams/16dic2019.pdf
EcoIV	2025-2	Exámenes viejos de Eco-IV	Solución	https://mauricio-romero.com/pdfs/EcoIV/PastExams/FinalExams/SolucionDic2019.pdf
EcoIV	2025-2	Exámenes viejos de Eco-IV	Final 2020-Primavera	https://mauricio-romero.com/pdfs/EcoIV/PastExams/FinalExams/Mayo2020.pdf
EcoIV	2025-2	Exámenes viejos de Eco-IV	Final 2020-Otoño	https://mauricio-romero.com/pdfs/EcoIV/PastExams/FinalExams/Dic2020.pdf
EcoIV	2025-2	Exámenes viejos de Eco-IV	Final 2021-Primavera	https://mauricio-romero.com/pdfs/EcoIV/PastExams/FinalExams/Mayo2021.pdf
EcoIV	2025-2	Exámenes viejos de Eco-IV	Final 2021-Otoño	https://mauricio-romero.com/pdfs/EcoIV/PastExams/FinalExams/Dic2021.pdf
EcoIV	2025-2	Exámenes viejos de Eco-IV	Solución	https://mauricio-romero.com/pdfs/EcoIV/PastExams/FinalExams/SolucionDic2021.pdf
Microeconometria	Fall 2020	Syllabus	Syllabus	https://mauricio-romero.com/pdfs/Microeconometria/20202/Syllabus_20202.pdf
Microeconometria	Fall 2020	Slides	Lecture 0 - Admin	https://mauricio-romero.com/pdfs/Microeconometria/20202/Lecture 0 - Course Admin.pdf
Microeconometria	Fall 2020	Slides	native LaTeX file	https://mauricio-romero.com/pdfs/Microeconometria/20202/Lecture 0 - Course Admin.tex
Microeconometria	Fall 2020	Slides	Lecture 1 - Intro to R	https://mauricio-romero.com/pdfs/Microeconometria/20202/Lecture 1 - Introduction to R.pdf
Microeconometria	Fall 2020	Slides	native LaTeX file	https://mauricio-romero.com/pdfs/Microeconometria/20202/Lecture 1 - Introduction to R.tex
Microeconometria	Fall 2020	Slides	Lecture 2 - Working with data in R	https://mauricio-romero.com/pdfs/Microeconometria/20202/Lecture 2 - Working with data in R.pdf
Microeconometria	Fall 2020	Slides	native LaTeX file	https://mauricio-romero.com/pdfs/Microeconometria/20202/Lecture 2 - Working with data in R.tex
Microeconometria	Fall 2020	Slides	Lecture 3 - Basics of programming	https://mauricio-romero.com/pdfs/Microeconometria/20202/Lecture 3 - Basics of programming.pdf
Microeconometria	Fall 2020	Slides	native LaTeX file	https://mauricio-romero.com/pdfs/Microeconometria/20202/Lecture 3 - Basics of programming.tex
Microeconometria	Fall 2020	Slides	Lecture 4 - Stats review	https://mauricio-romero.com/pdfs/Microeconometria/20202/Lecture 4 - Statistics Review.pdf
Microeconometria	Fall 2020	Slides	native LaTeX file	https://mauricio-romero.com/pdfs/Microeconometria/20202/Lecture 4 - Statistics Review.tex
Microeconometria	Fall 2020	Slides	Lecture 5 - Summarizing data	https://mauricio-romero.com/pdfs/Microeconometria/20202/Lecture 5 - Summarizing data.pdf
Microeconometria	Fall 2020	Slides	native LaTeX file	https://mauricio-romero.com/pdfs/Microeconometria/20202/Lecture 5 - Summarizing data.tex
Microeconometria	Fall 2020	Slides	Lecture 6 - Potential outcomes and the experimental ideal	https://mauricio-romero.com/pdfs/Microeconometria/20202/Lecture 6 - Potential outcomes and the experimental ideal.pdf
Microeconometria	Fall 2020	Slides	native LaTeX file	https://mauricio-romero.com/pdfs/Microeconometria/20202/Lecture 6 - Potential outcomes and the experimental ideal.tex
Microeconometria	Fall 2020	Slides	Slides with notes	https://mauricio-romero.com/pdfs/Microeconometria/20202/Lecture%209%20-%20Notes.pdf
Microeconometria	Fall 2020	Slides	Lecture 7 - OLS review	https://mauricio-romero.com/pdfs/Microeconometria/20202/Lecture 7 - OLS review.pdf
Microeconometria	Fall 2020	Slides	native LaTeX file	https://mauricio-romero.com/pdfs/Microeconometria/20202/Lecture 7 - OLS review.tex
Microeconometria	Fall 2020	Slides	Slides with notes	https://mauricio-romero.com/pdfs/Microeconometria/20202/Lecture%209%20-%20Notes.pdf
Microeconometria	Fall 2020	Slides	Lecture 8 - Beyond the basics of OLS	https://mauricio-romero.com/pdfs/Microeconometria/20202/Lecture 8 - Beyond basics of OLS.pdf
Microeconometria	Fall 2020	Slides	native LaTeX file	https://mauricio-romero.com/pdfs/Microeconometria/20202/Lecture 8 - Beyond basics of OLS.tex
Microeconometria	Fall 2020	Slides	Slides with notes	https://mauricio-romero.com/pdfs/Microeconometria/20202/Lecture%208%20-%20Notes.pdf
Microeconometria	Fall 2020	Slides	Lecture 9 - Panel Data	https://mauricio-romero.com/pdfs/Microeconometria/20202/Lecture 9 - Panel Data.pdf
Microeconometria	Fall 2020	Slides	native LaTeX file	https://mauricio-romero.com/pdfs/Microeconometria/20202/Lecture 9 - Panel Data.tex
Microeconometria	Fall 2020	Slides	Slides with notes	https://mauricio-romero.com/pdfs/Microeconometria/20202/Lecture 9 - Notes.pdf
Microeconometria	Fall 2020	Slides	Lecture 10 - Difference-in-Differences	https://mauricio-romero.com/pdfs/Microeconometria/20202/Lecture 10 - Diff in Diff.pdf
Microeconometria	Fall 2020	Slides	native LaTeX file	https://mauricio-romero.com/pdfs/Microeconometria/20202/Lecture 10 - Diff in Diff.tex
Microeconometria	Fall 2020	Slides	Slides with notes	https://mauricio-romero.com/pdfs/Microeconometria/20202/Lecture 10 - Notes.pdf
Microeconometria	Fall 2020	Slides	Lecture 11 - Instrumental Variables	https://mauricio-romero.com/pdfs/Microeconometria/20202/Lecture 11 - IV.pdf
Microeconometria	Fall 2020	Slides	native LaTeX file	https://mauricio-romero.com/pdfs/Microeconometria/20202/Lecture 11 - IV.tex
Microeconometria	Fall 2020	Slides	Slides with notes	https://mauricio-romero.com/pdfs/Microeconometria/20202/Lecture 11 - Notes.pdf
Microeconometria	Fall 2020	Slides	Lecture 12 - Regression Discontinuity	https://mauricio-romero.com/pdfs/Microeconometria/20202/Lecture 12 - RDD.pdf
Microeconometria	Fall 2020	Slides	native LaTeX file	https://mauricio-romero.com/pdfs/Microeconometria/20202/Lecture 12 - RDD.tex
Microeconometria	Fall 2020	Slides	Slides with notes	https://mauricio-romero.com/pdfs/Microeconometria/20202/Lecture%2012%20-%20Notes.pdf
Microeconometria	Fall 2020	R Code	Lecture 1	https://mauricio-romero.com/pdfs/Microeconometria/20202/Class1.R
Microeconometria	Fall 2020	R Code	Lecture 2	https://mauricio-romero.com/pdfs/Microeconometria/20202/Class2.R
Microeconometria	Fall 2020	R Code	Lecture 3	https://mauricio-romero.com/pdfs/Microeconometria/20202/Class3.R
Microeconometria	Fall 2020	R Code	Lecture 4	https://mauricio-romero.com/pdfs/Microeconometria/20202/Class4.R
Microeconometria	Fall 2020	R Code	Lecture 5	https://mauricio-romero.com/pdfs/Microeconometria/20202/Class5.R
Microeconometria	Fall 2020	R Code	Lecture 6	https://mauricio-romero.com/pdfs/Microeconometria/20202/Class6.R
Microeconometria	Fall 2020	R Code	Lecture 7	https://mauricio-romero.com/pdfs/Microeconometria/20202/Class7.R
Microeconometria	Fall 2020	R Code	Lecture 8	https://mauricio-romero.com/pdfs/Microeconometria/20202/Class8.R
Microeconometria	Fall 2020	R Code	Lecture 9	https://mauricio-romero.com/pdfs/Microeconometria/20202/Class9.R
Microeconometria	Fall 2020	R Code	Lecture 12	https://mauricio-romero.com/pdfs/Microeconometria/20202/Class12.R
Microeconometria	Fall 2020	Project/Homework	Taller 1	https://mauricio-romero.com/pdfs/Microeconometria/20202/Taller1.pdf
Microeconometria	Fall 2020	Project/Homework	Examen 1	https://mauricio-romero.com/pdfs/Microeconometria/20202/Examen1.pdf
Microeconometria	Fall 2020	Project/Homework	Taller 2	https://mauricio-romero.com/pdfs/Microeconometria/20202/Taller2.pdf
Microeconometria	Fall 2020	Project/Homework	Taller preparación para el Examen 2 (no hay que entregarlo)	https://mauricio-romero.com/pdfs/Microeconometria/20202/TallerEstudiParcial.pdf
Microeconometria	Fall 2020	Project/Homework	Examen 2	https://mauricio-romero.com/pdfs/Microeconometria/20202/Examen2.pdf
Microeconometria	Fall 2020	Project/Homework	Taller 3	https://mauricio-romero.com/pdfs/Microeconometria/20202/Taller3.pdf
Microeconometria	Fall 2020	Project/Homework	Bosch y Campos-Vázquez (2014)	https://mauricio-romero.com/pdfs/Microeconometria/20202/pol.6.4.71.pdf
Microeconometria	Fall 2020	Project/Homework	Taller preparación para el Examen 3 (no hay que entregarlo)	https://mauricio-romero.com/pdfs/Microeconometria/20202/TallerExamen3.pdf
Microeconometria	Fall 2020	Project/Homework	Examen 3	https://mauricio-romero.com/pdfs/Microeconometria/20202/Examen3.pdf
Microeconometria	Fall 2021	Syllabus	Syllabus	https://mauricio-romero.com/pdfs/Microeconometria/20212/Syllabus_20212.pdf
Microeconometria	Fall 2021	Slides	Lecture 0 - Admin	https://mauricio-romero.com/pdfs/Microeconometria/20212/Lecture 0 - Course Admin.pdf
Microeconometria	Fall 2021	Slides	native LaTeX file	https://mauricio-romero.com/pdfs/Microeconometria/20212/Lecture 0 - Course Admin.tex
Microeconometria	Fall 2021	Slides	Lecture 1 - Intro to R	https://mauricio-romero.com/pdfs/Microeconometria/20212/Lecture 1 - Introduction to R.pdf
Microeconometria	Fall 2021	Slides	native LaTeX file	https://mauricio-romero.com/pdfs/Microeconometria/20212/Lecture 1 - Introduction to R.tex
Microeconometria	Fall 2021	Slides	Lecture 2 - Working with data in R	https://mauricio-romero.com/pdfs/Microeconometria/20212/Lecture 2 - Working with data in R.pdf
Microeconometria	Fall 2021	Slides	native LaTeX file	https://mauricio-romero.com/pdfs/Microeconometria/20212/Lecture 2 - Working with data in R.tex
Microeconometria	Fall 2021	Slides	Lecture 3 - Basics of programming	https://mauricio-romero.com/pdfs/Microeconometria/20212/Lecture 3 - Basics of programming.pdf
Microeconometria	Fall 2021	Slides	native LaTeX file	https://mauricio-romero.com/pdfs/Microeconometria/20212/Lecture 3 - Basics of programming.tex
Microeconometria	Fall 2021	Slides	Lecture 4 - Stats review	https://mauricio-romero.com/pdfs/Microeconometria/20212/Lecture 4 - Statistics Review.pdf
Microeconometria	Fall 2021	Slides	native LaTeX file	https://mauricio-romero.com/pdfs/Microeconometria/20212/Lecture 4 - Statistics Review.tex
Microeconometria	Fall 2021	Slides	Lecture 5 - Summarizing data	https://mauricio-romero.com/pdfs/Microeconometria/20212/Lecture 5 - Summarizing data.pdf
Microeconometria	Fall 2021	Slides	native LaTeX file	https://mauricio-romero.com/pdfs/Microeconometria/20212/Lecture 5 - Summarizing data.tex
Microeconometria	Fall 2021	Slides	Lecture 6 - Potential outcomes and the experimental ideal	https://mauricio-romero.com/pdfs/Microeconometria/20212/Lecture 6 - Potential outcomes and the experimental ideal.pdf
Microeconometria	Fall 2021	Slides	native LaTeX file	https://mauricio-romero.com/pdfs/Microeconometria/20212/Lecture 6 - Potential outcomes and the experimental ideal.tex
Microeconometria	Fall 2021	Slides	Slides with notes	https://mauricio-romero.com/pdfs/Microeconometria/20212/Lecture%209%20-%20Notes.pdf
Microeconometria	Fall 2021	Slides	Lecture 7 - OLS review	https://mauricio-romero.com/pdfs/Microeconometria/20212/Lecture 7 - OLS review.pdf
Microeconometria	Fall 2021	Slides	native LaTeX file	https://mauricio-romero.com/pdfs/Microeconometria/20212/Lecture 7 - OLS review.tex
Microeconometria	Fall 2021	Slides	Slides with notes	https://mauricio-romero.com/pdfs/Microeconometria/20212/Lecture 7 - Notes.pdf
Microeconometria	Fall 2021	Slides	Lecture 8 - Beyond the basics of OLS	https://mauricio-romero.com/pdfs/Microeconometria/20212/Lecture 8 - Beyond basics of OLS.pdf
Microeconometria	Fall 2021	Slides	native LaTeX file	https://mauricio-romero.com/pdfs/Microeconometria/20212/Lecture 8 - Beyond basics of OLS.tex
Microeconometria	Fall 2021	Slides	Slides with notes	https://mauricio-romero.com/pdfs/Microeconometria/20212/Lecture 8 - Notes.pdf
Microeconometria	Fall 2021	Slides	Lecture 9 - Panel Data	https://mauricio-romero.com/pdfs/Microeconometria/20212/Lecture 9 - Panel Data.pdf
Microeconometria	Fall 2021	Slides	native LaTeX file	https://mauricio-romero.com/pdfs/Microeconometria/20212/Lecture 9 - Panel Data.tex
Microeconometria	Fall 2021	Slides	Slides with notes	https://mauricio-romero.com/pdfs/Microeconometria/20212/Lecture 8 - Notes.pdf
Microeconometria	Fall 2021	Slides	Lecture 10 - Difference-in-Differences	https://mauricio-romero.com/pdfs/Microeconometria/20212/Lecture 10 - Diff in Diff.pdf
Microeconometria	Fall 2021	Slides	native LaTeX file	https://mauricio-romero.com/pdfs/Microeconometria/20212/Lecture 10 - Diff in Diff.tex
Microeconometria	Fall 2021	Slides	Slides with notes	https://mauricio-romero.com/pdfs/Microeconometria/20212/Lecture 10 - Notes.pdf
Microeconometria	Fall 2021	Slides	Lecture 11 - Instrumental Variables	https://mauricio-romero.com/pdfs/Microeconometria/20212/Lecture 11 - IV.pdf
Microeconometria	Fall 2021	Slides	native LaTeX file	https://mauricio-romero.com/pdfs/Microeconometria/20212/Lecture 11 - IV.tex
Microeconometria	Fall 2021	Slides	Slides with notes	https://mauricio-romero.com/pdfs/Microeconometria/20212/Lecture 11 - Notes.pdf
Microeconometria	Fall 2021	Slides	Lecture 12 - Regression Discontinuity	https://mauricio-romero.com/pdfs/Microeconometria/20212/Lecture 12 - RDD.pdf
Microeconometria	Fall 2021	Slides	native LaTeX file	https://mauricio-romero.com/pdfs/Microeconometria/20212/Lecture 12 - RDD.tex
Microeconometria	Fall 2021	Slides	Slides with notes	https://mauricio-romero.com/pdfs/Microeconometria/20212/Lecture 12 - Notes.pdf
Microeconometria	Fall 2021	R Code	Lecture 1	https://mauricio-romero.com/pdfs/Microeconometria/20212/Class1.R
Microeconometria	Fall 2021	R Code	Lecture 2	https://mauricio-romero.com/pdfs/Microeconometria/20212/Class2.R
Microeconometria	Fall 2021	R Code	Lecture 3	https://mauricio-romero.com/pdfs/Microeconometria/20212/Class3.R
Microeconometria	Fall 2021	R Code	Lecture 4	https://mauricio-romero.com/pdfs/Microeconometria/20212/Class4.R
Microeconometria	Fall 2021	R Code	Lecture 5	https://mauricio-romero.com/pdfs/Microeconometria/20212/Class5.R
Microeconometria	Fall 2021	R Code	Lecture 6	https://mauricio-romero.com/pdfs/Microeconometria/20212/Class6.R
Microeconometria	Fall 2021	R Code	Lecture 7	https://mauricio-romero.com/pdfs/Microeconometria/20212/Class7.R
Microeconometria	Fall 2021	R Code	Lecture 8	https://mauricio-romero.com/pdfs/Microeconometria/20212/Class8.R
Microeconometria	Fall 2021	R Code	Lecture 9	https://mauricio-romero.com/pdfs/Microeconometria/20212/Class9.R
Microeconometria	Fall 2021	R Code	Lecture 12	https://mauricio-romero.com/pdfs/Microeconometria/20212/Class12.R
Microeconometria	Fall 2021	Project/Homework	Taller 1	https://mauricio-romero.com/pdfs/Microeconometria/20212/Taller1.pdf
Microeconometria	Fall 2021	Project/Homework	Examen 1	https://mauricio-romero.com/pdfs/Microeconometria/20212/Examen1.pdf
Microeconometria	Fall 2021	Project/Homework	Taller 2	https://mauricio-romero.com/pdfs/Microeconometria/20212/Taller2.pdf
Microeconometria	Fall 2021	Project/Homework	Taller de preparación examen 2 (no hay que entregarlo)	https://mauricio-romero.com/pdfs/Microeconometria/20212/TallerExamen2.pdf
Microeconometria	Fall 2021	Project/Homework	Examen 2	https://mauricio-romero.com/pdfs/Microeconometria/20212/Examen2.pdf
Microeconometria	Fall 2021	Project/Homework	Taller 3	https://mauricio-romero.com/pdfs/Microeconometria/20212/Taller3.pdf
Microeconometria	Fall 2021	Project/Homework	Taller de preparación examen 3 (no hay que entregarlo)	https://mauricio-romero.com/pdfs/Microeconometria/20212/TallerExamen3.pdf
Microeconometria	Spring 2023	Syllabus	Syllabus	https://mauricio-romero.com/pdfs/Microeconometria/20231/Syllabus_20231.pdf
Microeconometria	Spring 2023	Slides	Lecture 0 - Admin	https://mauricio-romero.com/pdfs/Microeconometria/20231/Lecture 0 - Course Admin.pdf
Microeconometria	Spring 2023	Slides	native LaTeX file	https://mauricio-romero.com/pdfs/Microeconometria/20231/Lecture 0 - Course Admin.tex
Microeconometria	Spring 2023	Slides	Lecture 1 - Intro to R	https://mauricio-romero.com/pdfs/Microeconometria/20231/Lecture 1 - Introduction to R.pdf
Microeconometria	Spring 2023	Slides	native LaTeX file	https://mauricio-romero.com/pdfs/Microeconometria/20231/Lecture 1 - Introduction to R.tex
Microeconometria	Spring 2023	Slides	Lecture 2 - Working with data in R	https://mauricio-romero.com/pdfs/Microeconometria/20231/Lecture 2 - Working with data in R.pdf
Microeconometria	Spring 2023	Slides	native LaTeX file	https://mauricio-romero.com/pdfs/Microeconometria/20231/Lecture 2 - Working with data in R.tex
Microeconometria	Spring 2023	Slides	Lecture 3 - Basics of programming	https://mauricio-romero.com/pdfs/Microeconometria/20231/Lecture 3 - Basics of programming.pdf
Microeconometria	Spring 2023	Slides	native LaTeX file	https://mauricio-romero.com/pdfs/Microeconometria/20231/Lecture 3 - Basics of programming.tex
Microeconometria	Spring 2023	Slides	Lecture 4 - Stats review	https://mauricio-romero.com/pdfs/Microeconometria/20231/Lecture 4 - Statistics Review.pdf
Microeconometria	Spring 2023	Slides	native LaTeX file	https://mauricio-romero.com/pdfs/Microeconometria/20231/Lecture 4 - Statistics Review.tex
Microeconometria	Spring 2023	Slides	Lecture 5 - Summarizing data	https://mauricio-romero.com/pdfs/Microeconometria/20231/Lecture 5 - Summarizing data.pdf
Microeconometria	Spring 2023	Slides	native LaTeX file	https://mauricio-romero.com/pdfs/Microeconometria/20231/Lecture 5 - Summarizing data.tex
Microeconometria	Spring 2023	Slides	Lecture 6 - Potential outcomes and the experimental ideal	https://mauricio-romero.com/pdfs/Microeconometria/20231/Lecture 6 - Potential outcomes and the experimental ideal.pdf
Microeconometria	Spring 2023	Slides	native LaTeX file	https://mauricio-romero.com/pdfs/Microeconometria/20231/Lecture 6 - Potential outcomes and the experimental ideal.tex
Microeconometria	Spring 2023	Slides	Lecture 7 - OLS review	https://mauricio-romero.com/pdfs/Microeconometria/20231/Lecture 7 - OLS review.pdf
Microeconometria	Spring 2023	Slides	native LaTeX file	https://mauricio-romero.com/pdfs/Microeconometria/20231/Lecture 7 - OLS review.tex
Microeconometria	Spring 2023	Slides	Lecture 8 - Beyond the basics of OLS	https://mauricio-romero.com/pdfs/Microeconometria/20231/Lecture 8 - Beyond basics of OLS.pdf
Microeconometria	Spring 2023	Slides	native LaTeX file	https://mauricio-romero.com/pdfs/Microeconometria/20231/Lecture 8 - Beyond basics of OLS.tex
Microeconometria	Spring 2023	Slides	Lecture 9 - Panel Data	https://mauricio-romero.com/pdfs/Microeconometria/20231/Lecture 9 - Panel Data.pdf
Microeconometria	Spring 2023	Slides	native LaTeX file	https://mauricio-romero.com/pdfs/Microeconometria/20231/Lecture 9 - Panel Data.tex
Microeconometria	Spring 2023	Slides	Lecture 10 - Difference-in-Differences	https://mauricio-romero.com/pdfs/Microeconometria/20231/Lecture 10 - Diff in Diff.pdf
Microeconometria	Spring 2023	Slides	native LaTeX file	https://mauricio-romero.com/pdfs/Microeconometria/20231/Lecture 10 - Diff in Diff.tex
Microeconometria	Spring 2023	Slides	Lecture 11 - Instrumental Variables	https://mauricio-romero.com/pdfs/Microeconometria/20231/Lecture 11 - IV.pdf
Microeconometria	Spring 2023	Slides	native LaTeX file	https://mauricio-romero.com/pdfs/Microeconometria/20231/Lecture 11 - IV.tex
Microeconometria	Spring 2023	Slides	Lecture 12 - Regression Discontinuity	https://mauricio-romero.com/pdfs/Microeconometria/20231/Lecture 12 - RDD.pdf
Microeconometria	Spring 2023	Slides	native LaTeX file	https://mauricio-romero.com/pdfs/Microeconometria/20231/Lecture 12 - RDD.tex
Microeconometria	Spring 2023	R Code	Lecture 1	https://mauricio-romero.com/pdfs/Microeconometria/20231/Class1.R
Microeconometria	Spring 2023	R Code	Lecture 2	https://mauricio-romero.com/pdfs/Microeconometria/20231/Class2.R
Microeconometria	Spring 2023	R Code	Lecture 3	https://mauricio-romero.com/pdfs/Microeconometria/20231/Class3.R
Microeconometria	Spring 2023	R Code	Lecture 4	https://mauricio-romero.com/pdfs/Microeconometria/20231/Class4.R
Microeconometria	Spring 2023	R Code	Lecture 5	https://mauricio-romero.com/pdfs/Microeconometria/20231/Class5.R
Microeconometria	Spring 2023	R Code	Lecture 6	https://mauricio-romero.com/pdfs/Microeconometria/20231/Class6.R
Microeconometria	Spring 2023	R Code	Lecture 7	https://mauricio-romero.com/pdfs/Microeconometria/20231/Class7.R
Microeconometria	Spring 2023	R Code	Lecture 8	https://mauricio-romero.com/pdfs/Microeconometria/20231/Class8.R
Microeconometria	Spring 2023	R Code	Lecture 9	https://mauricio-romero.com/pdfs/Microeconometria/20231/Class9.R
Microeconometria	Spring 2023	R Code	Lecture 12	https://mauricio-romero.com/pdfs/Microeconometria/20231/Class12.R
Microeconometria	Spring 2023	Project/Homework	Taller 1	https://mauricio-romero.com/pdfs/Microeconometria/20231/Taller1.pdf
Microeconometria	Spring 2023	Project/Homework	Examen 1	https://mauricio-romero.com/pdfs/Microeconometria/20231/Examen1.pdf
Microeconometria	Spring 2023	Project/Homework	Taller 2	https://mauricio-romero.com/pdfs/Microeconometria/20231/Taller2.pdf
Microeconometria	Fall 2023	Syllabus	Syllabus	https://mauricio-romero.com/pdfs/Microeconometria/20232/Syllabus_20232.pdf
Microeconometria	Fall 2023	Slides	Lecture 0 - Admin	https://mauricio-romero.com/pdfs/Microeconometria/20232/Lecture 0 - Course Admin.pdf
Microeconometria	Fall 2023	Slides	native LaTeX file	https://mauricio-romero.com/pdfs/Microeconometria/20232/Lecture 0 - Course Admin.tex
Microeconometria	Fall 2023	Slides	Lecture 1 - Intro to R	https://mauricio-romero.com/pdfs/Microeconometria/20232/Lecture 1 - Introduction to R.pdf
Microeconometria	Fall 2023	Slides	native LaTeX file	https://mauricio-romero.com/pdfs/Microeconometria/20232/Lecture 1 - Introduction to R.tex
Microeconometria	Fall 2023	Slides	Lecture 2 - Working with data in R	https://mauricio-romero.com/pdfs/Microeconometria/20232/Lecture 2 - Working with data in R.pdf
Microeconometria	Fall 2023	Slides	native LaTeX file	https://mauricio-romero.com/pdfs/Microeconometria/20232/Lecture 2 - Working with data in R.tex
Microeconometria	Fall 2023	Slides	Lecture 3 - Basics of programming	https://mauricio-romero.com/pdfs/Microeconometria/20232/Lecture 3 - Basics of programming.pdf
Microeconometria	Fall 2023	Slides	native LaTeX file	https://mauricio-romero.com/pdfs/Microeconometria/20232/Lecture 3 - Basics of programming.tex
Microeconometria	Fall 2023	Slides	Lecture 4 - Stats review	https://mauricio-romero.com/pdfs/Microeconometria/20232/Lecture 4 - Statistics Review.pdf
Microeconometria	Fall 2023	Slides	native LaTeX file	https://mauricio-romero.com/pdfs/Microeconometria/20232/Lecture 4 - Statistics Review.tex
Microeconometria	Fall 2023	Slides	Lecture 5 - Summarizing data	https://mauricio-romero.com/pdfs/Microeconometria/20232/Lecture 5 - Summarizing data.pdf
Microeconometria	Fall 2023	Slides	native LaTeX file	https://mauricio-romero.com/pdfs/Microeconometria/20232/Lecture 5 - Summarizing data.tex
Microeconometria	Fall 2023	Slides	Lecture 6 - Potential outcomes and the experimental ideal	https://mauricio-romero.com/pdfs/Microeconometria/20232/Lecture 6 - Potential outcomes and the experimental ideal.pdf
Microeconometria	Fall 2023	Slides	native LaTeX file	https://mauricio-romero.com/pdfs/Microeconometria/20232/Lecture 6 - Potential outcomes and the experimental ideal.tex
Microeconometria	Fall 2023	Slides	Lecture 7 - OLS review	https://mauricio-romero.com/pdfs/Microeconometria/20232/Lecture 7 - OLS review.pdf
Microeconometria	Fall 2023	Slides	native LaTeX file	https://mauricio-romero.com/pdfs/Microeconometria/20232/Lecture 7 - OLS review.tex
Microeconometria	Fall 2023	Slides	Lecture 8 - Beyond the basics of OLS	https://mauricio-romero.com/pdfs/Microeconometria/20232/Lecture 8 - Beyond basics of OLS.pdf
Microeconometria	Fall 2023	Slides	native LaTeX file	https://mauricio-romero.com/pdfs/Microeconometria/20232/Lecture 8 - Beyond basics of OLS.tex
Microeconometria	Fall 2023	Slides	Lecture 9 - Panel Data	https://mauricio-romero.com/pdfs/Microeconometria/20232/Lecture 9 - Panel Data.pdf
Microeconometria	Fall 2023	Slides	native LaTeX file	https://mauricio-romero.com/pdfs/Microeconometria/20232/Lecture 9 - Panel Data.tex
Microeconometria	Fall 2023	Slides	Lecture 10 - Difference-in-Differences	https://mauricio-romero.com/pdfs/Microeconometria/20232/Lecture 10 - Diff in Diff.pdf
Microeconometria	Fall 2023	Slides	native LaTeX file	https://mauricio-romero.com/pdfs/Microeconometria/20232/Lecture 10 - Diff in Diff.tex
Microeconometria	Fall 2023	Slides	Lecture 10B - Difference-in-Differences Examples	https://mauricio-romero.com/pdfs/Microeconometria/20232/Difference_in_Difference__Examples.pdf
Microeconometria	Fall 2023	Slides	Lecture 11 - Instrumental Variables	https://mauricio-romero.com/pdfs/Microeconometria/20232/Lecture 11 - IV.pdf
Microeconometria	Fall 2023	Slides	native LaTeX file	https://mauricio-romero.com/pdfs/Microeconometria/20232/Lecture 11 - IV.tex
Microeconometria	Fall 2023	Slides	Lecture 12 - Regression Discontinuity	https://mauricio-romero.com/pdfs/Microeconometria/20232/Lecture 12 - RDD.pdf
Microeconometria	Fall 2023	Slides	native LaTeX file	https://mauricio-romero.com/pdfs/Microeconometria/20232/Lecture 12 - RDD.tex
Microeconometria	Fall 2023	Slides	Lecture 13 - Implementing the methods	https://mauricio-romero.com/pdfs/Microeconometria/20232/Lecture 13 - DID, IV, RDD implementation.pdf
Microeconometria	Fall 2023	R Code	Lecture 1	https://mauricio-romero.com/pdfs/Microeconometria/20232/Class1.R
Microeconometria	Fall 2023	R Code	Lecture 2	https://mauricio-romero.com/pdfs/Microeconometria/20232/Class2.R
Microeconometria	Fall 2023	R Code	Lecture 3	https://mauricio-romero.com/pdfs/Microeconometria/20232/Class3.R
Microeconometria	Fall 2023	R Code	Lecture 4	https://mauricio-romero.com/pdfs/Microeconometria/20232/Class4.R
Microeconometria	Fall 2023	R Code	Lecture 5	https://mauricio-romero.com/pdfs/Microeconometria/20232/Class5.R
Microeconometria	Fall 2023	R Code	Lecture 6	https://mauricio-romero.com/pdfs/Microeconometria/20232/Class6.R
Microeconometria	Fall 2023	R Code	Lecture 7	https://mauricio-romero.com/pdfs/Microeconometria/20232/Class7.R
Microeconometria	Fall 2023	R Code	Lecture 8	https://mauricio-romero.com/pdfs/Microeconometria/20232/Class8.R
Microeconometria	Fall 2023	R Code	Lecture 9	https://mauricio-romero.com/pdfs/Microeconometria/20232/Class9.R
Microeconometria	Fall 2023	R Code	Lecture 12	https://mauricio-romero.com/pdfs/Microeconometria/20232/Class12.R
Microeconometria	Fall 2023	R Code	Lecture 13 (implementation)	https://mauricio-romero.com/pdfs/Microeconometria/20232/Class_Implementation.R
Microeconometria	Fall 2023	Project/Homework	Examen 1	https://mauricio-romero.com/pdfs/Microeconometria/20232/Examen1.pdf
Microeconometria	Fall 2023	Project/Homework	Taller 1	https://mauricio-romero.com/pdfs/Microeconometria/20232/Taller1.pdf
Microeconometria	Fall 2023	Project/Homework	Solución	https://mauricio-romero.com/pdfs/Microeconometria/20232/solucionT1.html
Microeconometria	Fall 2023	Project/Homework	Taller 2	https://mauricio-romero.com/pdfs/Microeconometria/20232/Taller2.pdf
Microeconometria	Fall 2023	Project/Homework	Solución	https://mauricio-romero.com/pdfs/Microeconometria/20232/solucionT2.html
Microeconometria	Fall 2023	Project/Homework	Taller Examen 2 (no hay que entregarlo)	https://mauricio-romero.com/pdfs/Microeconometria/20232/TallerExamen2.pdf
Inferencia	Fall 2025	Syllabus	Syllabus	https://mauricio-romero.com/pdfs/Inferencia/20252/Syllabus_20252.pdf
Inferencia	Fall 2025	Slides	Lecture 1 - Intro to R	https://mauricio-romero.com/pdfs/Inferencia/20252/Lecture 1 - Introduction to R.pdf
Inferencia	Fall 2025	Slides	native LaTeX file	https://mauricio-romero.com/pdfs/Inferencia/20252/Lecture 1 - Introduction to R.tex
Inferencia	Fall 2025	Slides	Lecture 2 - Working with data in R	https://mauricio-romero.com/pdfs/Inferencia/20252/Lecture 2 - Working with data in R.pdf
Inferencia	Fall 2025	Slides	native LaTeX file	https://mauricio-romero.com/pdfs/Inferencia/20252/Lecture 2 - Working with data in R.tex
Inferencia	Fall 2025	Slides	Lecture 3 - Basics of programming	https://mauricio-romero.com/pdfs/Inferencia/20252/Lecture 3 - Basics of programming.pdf
Inferencia	Fall 2025	Slides	native LaTeX file	https://mauricio-romero.com/pdfs/Inferencia/20252/Lecture 3 - Basics of programming.tex
Inferencia	Fall 2025	Slides	Lecture 4 - Stats review	https://mauricio-romero.com/pdfs/Inferencia/20252/Lecture 4 - Statistics Review.pdf
Inferencia	Fall 2025	Slides	native LaTeX file	https://mauricio-romero.com/pdfs/Inferencia/20252/Lecture 4 - Statistics Review.tex
Inferencia	Fall 2025	Slides	Lecture 5 - Summarizing data	https://mauricio-romero.com/pdfs/Inferencia/20252/Lecture 5 - Summarizing data.pdf
Inferencia	Fall 2025	Slides	native LaTeX file	https://mauricio-romero.com/pdfs/Inferencia/20252/Lecture 5 - Summarizing data.tex
Inferencia	Fall 2025	Slides	Lecture 6 - Potential outcomes and the experimental ideal	https://mauricio-romero.com/pdfs/Inferencia/20252/Lecture 6 - Potential outcomes and the experimental ideal.pdf
Inferencia	Fall 2025	Slides	native LaTeX file	https://mauricio-romero.com/pdfs/Inferencia/20252/Lecture 6 - Potential outcomes and the experimental ideal.tex
Inferencia	Fall 2025	Slides	Lecture 7 - OLS review	https://mauricio-romero.com/pdfs/Inferencia/20252/Lecture 7 - OLS review.pdf
Inferencia	Fall 2025	Slides	native LaTeX file	https://mauricio-romero.com/pdfs/Inferencia/20252/Lecture 7 - OLS review.tex
Inferencia	Fall 2025	Slides	Lecture 8 - Beyond the basics of OLS	https://mauricio-romero.com/pdfs/Inferencia/20252/Lecture 8 - Beyond basics of OLS.pdf
Inferencia	Fall 2025	Slides	native LaTeX file	https://mauricio-romero.com/pdfs/Inferencia/20252/Lecture 8 - Beyond basics of OLS.tex
Inferencia	Fall 2025	Slides	Lecture 9 - Panel Data	https://mauricio-romero.com/pdfs/Inferencia/20252/Lecture 9 - Panel Data.pdf
Inferencia	Fall 2025	Slides	native LaTeX file	https://mauricio-romero.com/pdfs/Inferencia/20252/Lecture 9 - Panel Data.tex
Inferencia	Fall 2025	Slides	Lecture 10 - Difference-in-Differences	https://mauricio-romero.com/pdfs/Inferencia/20252/Lecture 10 - Diff in Diff.pdf
Inferencia	Fall 2025	Slides	native LaTeX file	https://mauricio-romero.com/pdfs/Inferencia/20252/Lecture 10 - Diff in Diff.tex
Inferencia	Fall 2025	Slides	Lecture 11 - Instrumental Variables	https://mauricio-romero.com/pdfs/Inferencia/20252/Lecture 11 - IV.pdf
Inferencia	Fall 2025	Slides	native LaTeX file	https://mauricio-romero.com/pdfs/Inferencia/20252/Lecture 11 - IV.tex
Inferencia	Fall 2025	Slides	Lecture 12 - Regression Discontinuity	https://mauricio-romero.com/pdfs/Inferencia/20252/Lecture 12 - RDD.pdf
Inferencia	Fall 2025	Slides	native LaTeX file	https://mauricio-romero.com/pdfs/Inferencia/20252/Lecture 12 - RDD.tex
Inferencia	Fall 2025	R Code	Lecture 1	https://mauricio-romero.com/pdfs/Inferencia/20252/Class1.R
Inferencia	Fall 2025	R Code	Lecture 2	https://mauricio-romero.com/pdfs/Inferencia/20252/Class2.R
Inferencia	Fall 2025	R Code	Lecture 3	https://mauricio-romero.com/pdfs/Inferencia/20252/Class3.R
Inferencia	Fall 2025	R Code	Lecture 4	https://mauricio-romero.com/pdfs/Inferencia/20252/Class4.R
Inferencia	Fall 2025	R Code	Lecture 5	https://mauricio-romero.com/pdfs/Inferencia/20252/Class5.R
Inferencia	Fall 2025	R Code	Lecture 6	https://mauricio-romero.com/pdfs/Inferencia/20252/Class6.R
Inferencia	Fall 2025	R Code	Lecture 7	https://mauricio-romero.com/pdfs/Inferencia/20252/Class7.R
Inferencia	Fall 2025	R Code	Lecture 8	https://mauricio-romero.com/pdfs/Inferencia/20252/Class8.R
Inferencia	Fall 2025	R Code	Lecture 9	https://mauricio-romero.com/pdfs/Inferencia/20252/Class9.R
Inferencia	Fall 2025	R Code	Lecture 12	https://mauricio-romero.com/pdfs/Inferencia/20252/Class12.R
Inferencia	Spring 2026	Syllabus	Syllabus	https://mauricio-romero.com/pdfs/Inferencia/20261/Syllabus_20261.pdf
Inferencia	Spring 2026	Slides	Lecture 1 - Intro to R	https://mauricio-romero.com/pdfs/Inferencia/20252/Lecture 1 - Introduction to R.pdf
Inferencia	Spring 2026	Slides	native LaTeX file	https://mauricio-romero.com/pdfs/Inferencia/20252/Lecture 1 - Introduction to R.tex
Inferencia	Spring 2026	Slides	Lecture 2 - Working with data in R	https://mauricio-romero.com/pdfs/Inferencia/20252/Lecture 2 - Working with data in R.pdf
Inferencia	Spring 2026	Slides	native LaTeX file	https://mauricio-romero.com/pdfs/Inferencia/20252/Lecture 2 - Working with data in R.tex
Inferencia	Spring 2026	Slides	Lecture 3 - Basics of programming	https://mauricio-romero.com/pdfs/Inferencia/20252/Lecture 3 - Basics of programming.pdf
Inferencia	Spring 2026	Slides	native LaTeX file	https://mauricio-romero.com/pdfs/Inferencia/20252/Lecture 3 - Basics of programming.tex
Inferencia	Spring 2026	Slides	Lecture 4 - Stats review	https://mauricio-romero.com/pdfs/Inferencia/20252/Lecture 4 - Statistics Review.pdf
Inferencia	Spring 2026	Slides	native LaTeX file	https://mauricio-romero.com/pdfs/Inferencia/20252/Lecture 4 - Statistics Review.tex
Inferencia	Spring 2026	Slides	Lecture 5 - Summarizing data	https://mauricio-romero.com/pdfs/Inferencia/20252/Lecture 5 - Summarizing data.pdf
Inferencia	Spring 2026	Slides	native LaTeX file	https://mauricio-romero.com/pdfs/Inferencia/20252/Lecture 5 - Summarizing data.tex
Inferencia	Spring 2026	Slides	Lecture 6 - Potential outcomes and the experimental ideal	https://mauricio-romero.com/pdfs/Inferencia/20252/Lecture 6 - Potential outcomes and the experimental ideal.pdf
Inferencia	Spring 2026	Slides	native LaTeX file	https://mauricio-romero.com/pdfs/Inferencia/20252/Lecture 6 - Potential outcomes and the experimental ideal.tex
Inferencia	Spring 2026	Slides	Lecture 7 - OLS review	https://mauricio-romero.com/pdfs/Inferencia/20252/Lecture 7 - OLS review.pdf
Inferencia	Spring 2026	Slides	native LaTeX file	https://mauricio-romero.com/pdfs/Inferencia/20252/Lecture 7 - OLS review.tex
Inferencia	Spring 2026	Slides	Lecture 8 - Beyond the basics of OLS	https://mauricio-romero.com/pdfs/Inferencia/20252/Lecture 8 - Beyond basics of OLS.pdf
Inferencia	Spring 2026	Slides	native LaTeX file	https://mauricio-romero.com/pdfs/Inferencia/20252/Lecture 8 - Beyond basics of OLS.tex
Inferencia	Spring 2026	Slides	Lecture 9 - Panel Data	https://mauricio-romero.com/pdfs/Inferencia/20252/Lecture 9 - Panel Data.pdf
Inferencia	Spring 2026	Slides	native LaTeX file	https://mauricio-romero.com/pdfs/Inferencia/20252/Lecture 9 - Panel Data.tex
Inferencia	Spring 2026	Slides	Lecture 10 - Difference-in-Differences	https://mauricio-romero.com/pdfs/Inferencia/20252/Lecture 10 - Diff in Diff.pdf
Inferencia	Spring 2026	Slides	native LaTeX file	https://mauricio-romero.com/pdfs/Inferencia/20252/Lecture 10 - Diff in Diff.tex
Inferencia	Spring 2026	Slides	Lecture 11 - Instrumental Variables	https://mauricio-romero.com/pdfs/Inferencia/20252/Lecture 11 - IV.pdf
Inferencia	Spring 2026	Slides	native LaTeX file	https://mauricio-romero.com/pdfs/Inferencia/20252/Lecture 11 - IV.tex
Inferencia	Spring 2026	Slides	Lecture 12 - Regression Discontinuity	https://mauricio-romero.com/pdfs/Inferencia/20252/Lecture 12 - RDD.pdf
Inferencia	Spring 2026	Slides	native LaTeX file	https://mauricio-romero.com/pdfs/Inferencia/20252/Lecture 12 - RDD.tex
Inferencia	Spring 2026	R Code	Lecture 1	https://mauricio-romero.com/pdfs/Inferencia/20252/Class1.R
Inferencia	Spring 2026	R Code	Lecture 2	https://mauricio-romero.com/pdfs/Inferencia/20252/Class2.R
Inferencia	Spring 2026	R Code	Lecture 3	https://mauricio-romero.com/pdfs/Inferencia/20252/Class3.R
Inferencia	Spring 2026	R Code	Lecture 4	https://mauricio-romero.com/pdfs/Inferencia/20252/Class4.R
Inferencia	Spring 2026	R Code	Lecture 5	https://mauricio-romero.com/pdfs/Inferencia/20252/Class5.R
Inferencia	Spring 2026	R Code	Lecture 6	https://mauricio-romero.com/pdfs/Inferencia/20252/Class6.R
Inferencia	Spring 2026	R Code	Lecture 7	https://mauricio-romero.com/pdfs/Inferencia/20252/Class7.R
Inferencia	Spring 2026	R Code	Lecture 8	https://mauricio-romero.com/pdfs/Inferencia/20252/Class8.R
Inferencia	Spring 2026	R Code	Lecture 9	https://mauricio-romero.com/pdfs/Inferencia/20252/Class9.R
Inferencia	Spring 2026	R Code	Lecture 12	https://mauricio-romero.com/pdfs/Inferencia/20252/Class12.R
AnalisisEmpirico	Spring 2026	Syllabus	Syllabus	https://mauricio-romero.com/pdfs/AnalisisEmpirico/202601/Syllabus_202601.pdf
AnalisisEmpirico	Spring 2026	Slides	Lecture 1 - Intro to R	https://mauricio-romero.com/pdfs/Inferencia/20252/Lecture 1 - Introduction to R.pdf
AnalisisEmpirico	Spring 2026	Slides	native LaTeX file	https://mauricio-romero.com/pdfs/Inferencia/20252/Lecture 1 - Introduction to R.tex
AnalisisEmpirico	Spring 2026	Slides	Lecture 2 - Working with data in R	https://mauricio-romero.com/pdfs/Inferencia/20252/Lecture 2 - Working with data in R.pdf
AnalisisEmpirico	Spring 2026	Slides	native LaTeX file	https://mauricio-romero.com/pdfs/Inferencia/20252/Lecture 2 - Working with data in R.tex
AnalisisEmpirico	Spring 2026	Slides	Lecture 3 - Basics of programming	https://mauricio-romero.com/pdfs/Inferencia/20252/Lecture 3 - Basics of programming.pdf
AnalisisEmpirico	Spring 2026	Slides	native LaTeX file	https://mauricio-romero.com/pdfs/Inferencia/20252/Lecture 3 - Basics of programming.tex
AnalisisEmpirico	Spring 2026	Slides	Lecture 4 - Stats review	https://mauricio-romero.com/pdfs/Inferencia/20252/Lecture 4 - Statistics Review.pdf
AnalisisEmpirico	Spring 2026	Slides	native LaTeX file	https://mauricio-romero.com/pdfs/Inferencia/20252/Lecture 4 - Statistics Review.tex
AnalisisEmpirico	Spring 2026	Slides	Lecture 5 - Summarizing data	https://mauricio-romero.com/pdfs/Inferencia/20252/Lecture 5 - Summarizing data.pdf
AnalisisEmpirico	Spring 2026	Slides	native LaTeX file	https://mauricio-romero.com/pdfs/Inferencia/20252/Lecture 5 - Summarizing data.tex
AnalisisEmpirico	Spring 2026	Slides	Lecture 6 - Potential outcomes and the experimental ideal	https://mauricio-romero.com/pdfs/Inferencia/20252/Lecture 6 - Potential outcomes and the experimental ideal.pdf
AnalisisEmpirico	Spring 2026	Slides	native LaTeX file	https://mauricio-romero.com/pdfs/Inferencia/20252/Lecture 6 - Potential outcomes and the experimental ideal.tex
AnalisisEmpirico	Spring 2026	R Code	Lecture 1	https://mauricio-romero.com/pdfs/Inferencia/20252/Class1.R
AnalisisEmpirico	Spring 2026	R Code	Lecture 2	https://mauricio-romero.com/pdfs/Inferencia/20252/Class2.R
AnalisisEmpirico	Spring 2026	R Code	Lecture 3	https://mauricio-romero.com/pdfs/Inferencia/20252/Class3.R
AnalisisEmpirico	Spring 2026	R Code	Lecture 4	https://mauricio-romero.com/pdfs/Inferencia/20252/Class4.R
AnalisisEmpirico	Spring 2026	R Code	Lecture 5	https://mauricio-romero.com/pdfs/Inferencia/20252/Class5.R
AnalisisEmpirico	Spring 2026	R Code	Lecture 6	https://mauricio-romero.com/pdfs/Inferencia/20252/Class6.R
FieldExperiments	Spring 2020	Syllabus	Syllabus	https://mauricio-romero.com/pdfs/FieldExperiments/Bern2020/Syllabus.pdf
FieldExperiments	Spring 2020	Slides	Lecture 1- Introduction	https://mauricio-romero.com/pdfs/FieldExperiments/Bern2020/Lecture 1 - Introduction.pdf
FieldExperiments	Spring 2020	Slides	Lecture 2 - Power, Blocking, and Stratification	https://mauricio-romero.com/pdfs/FieldExperiments/Bern2020/Lecture 2 - Power, Blocking, Stratification.pdf
FieldExperiments	Spring 2020	Slides	Lecture 3 - Beyond the Basics (randomization inference, extensive vs intensive margin, and factorial designs)	https://mauricio-romero.com/pdfs/FieldExperiments/Bern2020/Lecture 3 - Beyond the basics.pdf
FieldExperiments	Spring 2020	Slides	Lecture 4 - Treatment effect heterogeneity	https://mauricio-romero.com/pdfs/FieldExperiments/Bern2020/Lecture 4 - Treatment Effects Heterogeneity.pdf
FieldExperiments	Spring 2020	Slides	Lecture 5 - Spillovers	https://mauricio-romero.com/pdfs/FieldExperiments/Bern2020/Lecture 5 - Spillovers.pdf
FieldExperiments	Spring 2020	Slides	Lecture 6 - Practical, theoretical, and ethical considerations	https://mauricio-romero.com/pdfs/FieldExperiments/Bern2020/Lecture 6 - Practical, theoretical, and ethical considerations.pdf
FieldExperiments	Spring 2020	Slides	Lecture 7 - Education RCTs	https://mauricio-romero.com/pdfs/FieldExperiments/Bern2020/Lecture 7 - Education RCTs.pdf
FieldExperiments	Spring 2020	Code	Code 01 - Basics of Power Calculations	https://mauricio-romero.com/pdfs/FieldExperiments/Bern2020/Code 01 - Basics of Power Calculations.R
FieldExperiments	Spring 2020	Code	Code 02 - Simulated Power Curve	https://mauricio-romero.com/pdfs/FieldExperiments/Bern2020/Code 02 - Simulated Power Curve.R
FieldExperiments	Spring 2020	Code	Code 03 - Formula vs Simulated Power	https://mauricio-romero.com/pdfs/FieldExperiments/Bern2020/Code 03 - Formula vs Simulated Power.R
FieldExperiments	Spring 2020	Code	Code 04 - Simulated Power in a complicated scenario	https://mauricio-romero.com/pdfs/FieldExperiments/Bern2020/Code 04 - Simulated Power in a complicated scenario.R
FieldExperiments	Spring 2020	Code	Data	https://mauricio-romero.com/pdfs/FieldExperiments/Bern2020/Data/Afghanistan/Adolescent_Blind.csv
FieldExperiments	Spring 2020	Code	Code 05 - Randomization Inference	https://mauricio-romero.com/pdfs/FieldExperiments/Bern2020/Code 05 - Randomization Inference.R
FieldExperiments	Spring 2020	Code	Code 06 - Lee Bounds	https://mauricio-romero.com/pdfs/FieldExperiments/Bern2020/Code 06 - Lee Bounds.R
FieldExperiments	Spring 2020	Project/Homework	Here are the homework instructions	https://mauricio-romero.com/pdfs/FieldExperiments/Bern2020/ComputerProject.pdf
FieldExperiments	Spring 2020	Project/Homework	school_info	https://mauricio-romero.com/pdfs/FieldExperiments/Bern2020/Data/school_info.csv
FieldExperiments	Spring 2020	Project/Homework	student	https://mauricio-romero.com/pdfs/FieldExperiments/Bern2020/Data/Student.csv
FieldExperiments	Spring 2020	Project/Homework	school_data	https://mauricio-romero.com/pdfs/FieldExperiments/Bern2020/Data/School_Data.csv
MicroIII	2016-19	Syllabus	Syllabus	https://mauricio-romero.com/pdfs/MicroIII201619/Syllabus.pdf
MicroIII	2016-19	Notas de Clase	Notas de clase de Alvaro Riascos y Andres Carvajal	https://mauricio-romero.com/pdfs/MicroIII201619/notas_micro.pdf
MicroIII	2016-19	Talleres	Taller 1	https://mauricio-romero.com/pdfs/MicroIII201619/Taller1.pdf
MicroIII	2016-19	Talleres	Solución	https://mauricio-romero.com/pdfs/MicroIII201619/Taller1Sol.pdf
MicroIII	2016-19	Talleres	Taller 2	https://mauricio-romero.com/pdfs/MicroIII201619/Taller2.pdf
MicroIII	2016-19	Talleres	Taller Parcial 1	https://mauricio-romero.com/pdfs/MicroIII201619/TallerParcial1.pdf
MicroIII	2016-19	Talleres	Taller 3	https://mauricio-romero.com/pdfs/MicroIII201619/Taller3.pdf
MicroIII	2016-19	Talleres	Solución	https://mauricio-romero.com/pdfs/MicroIII201619/Taller3Sol.pdf
MicroIII	2016-19	Talleres	Taller 4	https://mauricio-romero.com/pdfs/MicroIII201619/Taller4.pdf
MicroIII	2016-19	Talleres	Solución	https://mauricio-romero.com/pdfs/MicroIII201619/Taller4Sol.pdf
MicroIII	2016-19	Talleres	Taller 5	https://mauricio-romero.com/pdfs/MicroIII201619/Taller5.pdf
MicroIII	2016-19	Talleres	Solución	https://mauricio-romero.com/pdfs/MicroIII201619/Taller5Sol.pdf
MicroIII	2016-19	Talleres	Taller Parcial 2	https://mauricio-romero.com/pdfs/MicroIII201619/TallerParcial2.pdf
MicroIII	2016-19	Quices	Quiz 1	https://mauricio-romero.com/pdfs/MicroIII201619/Quiz1.pdf
MicroIII	2016-19	Quices	Solución	https://mauricio-romero.com/pdfs/MicroIII201619/Quiz1Sol.pdf
MicroIII	2016-19	Quices	Quiz 2	https://mauricio-romero.com/pdfs/MicroIII201619/Quiz2.pdf
MicroIII	2016-19	Quices	Solución	https://mauricio-romero.com/pdfs/MicroIII201619/Quiz2Sol.pdf
MicroIII	2016-19	Quices	Quiz 3	https://mauricio-romero.com/pdfs/MicroIII201619/Quiz3.pdf
MicroIII	2016-19	Quices	Solución	https://mauricio-romero.com/pdfs/MicroIII201619/Quiz3Sol.pdf
MicroIII	2016-19	Quices	Quiz 4	https://mauricio-romero.com/pdfs/MicroIII201619/Quiz4.pdf
MicroIII	2016-19	Quices	Solución	https://mauricio-romero.com/pdfs/MicroIII201619/Quiz4Sol.pdf
MicroIII	2016-19	Quices	Quiz 5	https://mauricio-romero.com/pdfs/MicroIII201619/Quiz5.pdf
MicroIII	2016-19	Quices	Solución	https://mauricio-romero.com/pdfs/MicroIII201619/Quiz5Sol.pdf
MicroIII	2016-19	Parciales	Parcial 1	https://mauricio-romero.com/pdfs/MicroIII201619/Parcial1.pdf
MicroIII	2016-19	Parciales	Solución	https://mauricio-romero.com/pdfs/MicroIII201619/Parcial1Sol.pdf
MicroIII	2016-19	Parciales Viejos y otros materiales de estudio	Problemas Compilados Varios	https://mauricio-romero.com/pdfs/MicroIII201619/problemascompilados.pdf
MicroIII	2016-19	Parciales Viejos y otros materiales de estudio	Parcial 1 (2012-19)	https://mauricio-romero.com/pdfs/MicroIII201619/2012/parcial1.pdf
MicroIII	2016-19	Parciales Viejos y otros materiales de estudio	Parcial 1 - Solución (2012-19)	https://mauricio-romero.com/pdfs/MicroIII201619/2012/parcial1-sol.pdf
MicroIII	2016-19	Parciales Viejos y otros materiales de estudio	Parcial 2 (2012-19)	https://mauricio-romero.com/pdfs/MicroIII201619/2012/parcial2.pdf
MicroIII	2016-19	Parciales Viejos y otros materiales de estudio	Parcial 2 - Solución (2012-19)	https://mauricio-romero.com/pdfs/MicroIII201619/2012/parcial2-sol.pdf
MicroIII	2016-19	Parciales Viejos y otros materiales de estudio	Taller 1 (2012-19)	https://mauricio-romero.com/pdfs/MicroIII201619/2012/taller1.pdf
MicroIII	2016-19	Parciales Viejos y otros materiales de estudio	Taller 1 - Solución (2012-19)	https://mauricio-romero.com/pdfs/MicroIII201619/2012/taller1-sol.pdf
MicroIII	2016-19	Parciales Viejos y otros materiales de estudio	Taller 2 (2012-19)	https://mauricio-romero.com/pdfs/MicroIII201619/2012/taller2.pdf
MicroIII	2016-19	Parciales Viejos y otros materiales de estudio	Taller 2 - Solución (2012-19)	https://mauricio-romero.com/pdfs/MicroIII201619/2012/taller2-sol.pdf
MicroIII	2016-19	Parciales Viejos y otros materiales de estudio	Taller 3 (2012-19)	https://mauricio-romero.com/pdfs/MicroIII201619/2012/taller3.pdf
MicroIII	2016-19	Parciales Viejos y otros materiales de estudio	Taller 3 - Solución (2012-19)	https://mauricio-romero.com/pdfs/MicroIII201619/2012/taller3-sol.pdf
MicroIII	2016-19	Parciales Viejos y otros materiales de estudio	Taller 4 (2012-19)	https://mauricio-romero.com/pdfs/MicroIII201619/2012/taller4.pdf
MicroIII	2016-19	Parciales Viejos y otros materiales de estudio	Taller 4 - Solución (2012-19)	https://mauricio-romero.com/pdfs/MicroIII201619/2012/taller4-sol.pdf
MicroIII	2016-19	Parciales Viejos y otros materiales de estudio	Taller 5 (2012-19)	https://mauricio-romero.com/pdfs/MicroIII201619/2012/taller5.pdf
MicroIII	2016-19	Parciales Viejos y otros materiales de estudio	Taller 5 - Solución (2012-19)	https://mauricio-romero.com/pdfs/MicroIII201619/2012/taller5-sol.pdf
MicroIII	2016-19	Parciales Viejos y otros materiales de estudio	Quiz 1 (2012-19)	https://mauricio-romero.com/pdfs/MicroIII201619/2012/quiz1.pdf
MicroIII	2016-19	Parciales Viejos y otros materiales de estudio	Quiz 2 (2012-19)	https://mauricio-romero.com/pdfs/MicroIII201619/2012/quiz2.pdf
MicroIII	2016-19	Parciales Viejos y otros materiales de estudio	Quiz 3 (2012-19)	https://mauricio-romero.com/pdfs/MicroIII201619/2012/quiz3.pdf
MicroIII	2016-19	Parciales Viejos y otros materiales de estudio	Quiz 4 (2012-19)	https://mauricio-romero.com/pdfs/MicroIII201619/2012/quiz4.pdf
MicroIII	2016-19	Parciales Viejos y otros materiales de estudio	Quiz 5 (2012-19)	https://mauricio-romero.com/pdfs/MicroIII201619/2012/quiz5.pdf
MicroIII	2016-19	Parciales Viejos y otros materiales de estudio	Parcial 1 (2011-19)	https://mauricio-romero.com/pdfs/MicroIII201619/2011/parcial1.pdf
MicroIII	2016-19	Parciales Viejos y otros materiales de estudio	Parcial 1 - Solución (2011-19)	https://mauricio-romero.com/pdfs/MicroIII201619/2011/parcial1-sol.pdf
MicroIII	2016-19	Parciales Viejos y otros materiales de estudio	Parcial 2 (2011-19)	https://mauricio-romero.com/pdfs/MicroIII201619/2011/parcial2.pdf
MicroIII	2016-19	Parciales Viejos y otros materiales de estudio	Parcial 2 - Solución (2011-19)	https://mauricio-romero.com/pdfs/MicroIII201619/2011/parcial2-sol.pdf
MicroIII	2016-19	Parciales Viejos y otros materiales de estudio	Taller 1 (2011-19)	https://mauricio-romero.com/pdfs/MicroIII201619/2011/taller1.pdf
MicroIII	2016-19	Parciales Viejos y otros materiales de estudio	Taller 1 - Solución (2011-19)	https://mauricio-romero.com/pdfs/MicroIII201619/2011/taller1-sol.pdf
MicroIII	2016-19	Parciales Viejos y otros materiales de estudio	Taller 2 (2011-19)	https://mauricio-romero.com/pdfs/MicroIII201619/2011/taller2.pdf
MicroIII	2016-19	Parciales Viejos y otros materiales de estudio	Taller 2 - Solución (2011-19)	https://mauricio-romero.com/pdfs/MicroIII201619/2011/taller2-sol.pdf
MicroIII	2016-19	Parciales Viejos y otros materiales de estudio	Taller 3 (2011-19)	https://mauricio-romero.com/pdfs/MicroIII201619/2011/taller3.pdf
MicroIII	2016-19	Parciales Viejos y otros materiales de estudio	Taller 3 - Solución (2011-19)	https://mauricio-romero.com/pdfs/MicroIII201619/2011/taller3-sol.pdf
MicroIII	2016-19	Parciales Viejos y otros materiales de estudio	Taller 4 (2011-19)	https://mauricio-romero.com/pdfs/MicroIII201619/2011/taller4.pdf
MicroIII	2016-19	Parciales Viejos y otros materiales de estudio	Taller 4 - Solución (2011-19)	https://mauricio-romero.com/pdfs/MicroIII201619/2011/taller4-sol.pdf
MicroIII	2016-19	Parciales Viejos y otros materiales de estudio	Taller 5 (2011-19)	https://mauricio-romero.com/pdfs/MicroIII201619/2011/taller5.pdf
MicroIII	2016-19	Parciales Viejos y otros materiales de estudio	Taller 5 - Solución (2011-19)	https://mauricio-romero.com/pdfs/MicroIII201619/2011/taller5-sol.pdf
MicroIII	2016-19	Parciales Viejos y otros materiales de estudio	Quiz 1 (2011-19)	https://mauricio-romero.com/pdfs/MicroIII201619/2011/quiz1.pdf
MicroIII	2016-19	Parciales Viejos y otros materiales de estudio	Quiz 2 (2011-19)	https://mauricio-romero.com/pdfs/MicroIII201619/2011/quiz2.pdf
MicroIII	2016-19	Parciales Viejos y otros materiales de estudio	Quiz 3 (2011-19)	https://mauricio-romero.com/pdfs/MicroIII201619/2011/quiz3.pdf
MicroIII	2016-19	Parciales Viejos y otros materiales de estudio	Quiz 4 (2011-19)	https://mauricio-romero.com/pdfs/MicroIII201619/2011/quiz4.pdf
MicroIII	2016-19	Parciales Viejos y otros materiales de estudio	Parcial 1 - Solución al pto 2 (2010-10)	https://mauricio-romero.com/pdfs/MicroIII201619/2010/solpto2parcial.pdf
MicroIII	2016-19	Parciales Viejos y otros materiales de estudio	Parcial 2 (2010-10)	https://mauricio-romero.com/pdfs/MicroIII201619/2010/Parcial2.pdf
MicroIII	2016-19	Parciales Viejos y otros materiales de estudio	Parcial 2 (2010-10)	https://mauricio-romero.com/pdfs/MicroIII201619/2010/parcial2.pdf
MicroIII	2016-19	Parciales Viejos y otros materiales de estudio	Parcial 2 - Solución (2010-10)	https://mauricio-romero.com/pdfs/MicroIII201619/2010/parcial2-sol.pdf
MicroIII	2016-19	Parciales Viejos y otros materiales de estudio	Taller 1 (2010-10)	https://mauricio-romero.com/pdfs/MicroIII201619/2010/taller1.pdf
MicroIII	2016-19	Parciales Viejos y otros materiales de estudio	Taller 2 (2010-10)	https://mauricio-romero.com/pdfs/MicroIII201619/2010/taller2.pdf
MicroIII	2016-19	Parciales Viejos y otros materiales de estudio	Taller 2 - Solución (2010-10)	https://mauricio-romero.com/pdfs/MicroIII201619/2010/taller2-sol.pdf
MicroIII	2016-19	Parciales Viejos y otros materiales de estudio	Taller 4 (2010-10)	https://mauricio-romero.com/pdfs/MicroIII201619/2010/taller4.pdf
MicroIII	2016-19	Parciales Viejos y otros materiales de estudio	Taller 4 - Solución (2010-10)	https://mauricio-romero.com/pdfs/MicroIII201619/2010/taller4-sol.pdf
MicroIII	2016-19	Parciales Viejos y otros materiales de estudio	Taller 5 (2010-10)	https://mauricio-romero.com/pdfs/MicroIII201619/2010/taller5.pdf
MicroIII	2016-19	Parciales Viejos y otros materiales de estudio	Taller 5 - Solución (2010-10)	https://mauricio-romero.com/pdfs/MicroIII201619/2010/taller5-sol.pdf
MicroIII	2016-19	Parciales Viejos y otros materiales de estudio	Taller 6 (2010-10)	https://mauricio-romero.com/pdfs/MicroIII201619/2010/taller6.pdf
MicroIII	2016-19	Parciales Viejos y otros materiales de estudio	Taller 6 - Solución (2010-10)	https://mauricio-romero.com/pdfs/MicroIII201619/2010/taller6-sol.pdf
MicroIII	2016-19	Parciales Viejos y otros materiales de estudio	Taller 8 (2010-10)	https://mauricio-romero.com/pdfs/MicroIII201619/2010/taller8.pdf
MicroIII	2016-19	Parciales Viejos y otros materiales de estudio	Taller 8 - Solución (2010-10)	https://mauricio-romero.com/pdfs/MicroIII201619/2010/taller8-sol.pdf
MicroIII	2016-19	Parciales Viejos y otros materiales de estudio	Taller 10 (2010-10)	https://mauricio-romero.com/pdfs/MicroIII201619/2010/taller10.pdf
MicroIII	2016-19	Parciales Viejos y otros materiales de estudio	Taller 10 - Solución (2010-10)	https://mauricio-romero.com/pdfs/MicroIII201619/2010/taller10-sol.pdf
MicroIII	2016-19	Parciales Viejos y otros materiales de estudio	Quiz 2 (2010-10)	https://mauricio-romero.com/pdfs/MicroIII201619/2010/quiz2.pdf
MicroIII	2016-19	Parciales Viejos y otros materiales de estudio	Quiz 4 (2010-10)	https://mauricio-romero.com/pdfs/MicroIII201619/2010/quiz4.pdf
MicroIII	2016-19	Parciales Viejos y otros materiales de estudio	Quiz 8 (2010-10)	https://mauricio-romero.com/pdfs/MicroIII201619/2010/quiz8.pdf
MicroII	2018-19	Syllabus	Syllabus	https://mauricio-romero.com/pdfs/MicroII201819/Syllabus.pdf
MicroII	2018-19	Notas de Clase	Notas de clase. Versión 30/05/2018	https://mauricio-romero.com/pdfs/MicroII201819/Notas.pdf
MicroII	2018-19	Talleres	Taller 1	https://mauricio-romero.com/pdfs/MicroII201819/Taller1.pdf
MicroII	2018-19	Talleres	Solución	https://mauricio-romero.com/pdfs/MicroII201819/SolucionTaller1.docx
MicroII	2018-19	Talleres	Solucin	https://mauricio-romero.com/pdfs/MicroII201819/Taller1Sol.pdf
MicroII	2018-19	Talleres	Taller 2	https://mauricio-romero.com/pdfs/MicroII201819/Taller2.pdf
MicroII	2018-19	Talleres	Solucin	https://mauricio-romero.com/pdfs/MicroII201819/Taller2Sol.pdf
MicroII	2018-19	Talleres	Taller Parcial 1	https://mauricio-romero.com/pdfs/MicroII201819/TallerParcial1.pdf
MicroII	2018-19	Talleres	Taller 3	https://mauricio-romero.com/pdfs/MicroII201819/Taller3.pdf
MicroII	2018-19	Talleres	Solucin	https://mauricio-romero.com/pdfs/MicroII201819/Taller3Sol.pdf
MicroII	2018-19	Talleres	Taller 4	https://mauricio-romero.com/pdfs/MicroII201819/Taller4.pdf
MicroII	2018-19	Talleres	Solucin	https://mauricio-romero.com/pdfs/MicroII201819/Taller4Sol.pdf
MicroII	2018-19	Talleres	Taller 5	https://mauricio-romero.com/pdfs/MicroII201819/Taller5.pdf
MicroII	2018-19	Talleres	Solucin	https://mauricio-romero.com/pdfs/MicroII201819/Taller5Sol.pdf
MicroII	2018-19	Talleres	Taller Parcial 2	https://mauricio-romero.com/pdfs/MicroIII201619/TallerParcial2.pdf
MicroII	2018-19	Talleres	Taller 2	https://mauricio-romero.com/pdfs/MicroII201819/Taller2.pdf
MicroII	2018-19	Talleres	Taller 3	https://mauricio-romero.com/pdfs/MicroII201819/Taller3.pdf
MicroII	2018-19	Talleres	Solucin	https://mauricio-romero.com/pdfs/MicroII201819/Taller1Sol.pdf
MicroII	2018-19	Talleres	Taller 2	https://mauricio-romero.com/pdfs/MicroII201819/Taller2.pdf
MicroII	2018-19	Talleres	Solucin	https://mauricio-romero.com/pdfs/MicroII201819/Taller2Sol.pdf
MicroII	2018-19	Talleres	Taller Parcial 1	https://mauricio-romero.com/pdfs/MicroII201819/TallerParcial1.pdf
MicroII	2018-19	Talleres	Taller 3	https://mauricio-romero.com/pdfs/MicroII201819/Taller3.pdf
MicroII	2018-19	Talleres	Solucin	https://mauricio-romero.com/pdfs/MicroII201819/Taller3Sol.pdf
MicroII	2018-19	Talleres	Taller 4	https://mauricio-romero.com/pdfs/MicroII201819/Taller4.pdf
MicroII	2018-19	Talleres	Solucin	https://mauricio-romero.com/pdfs/MicroII201819/Taller4Sol.pdf
MicroII	2018-19	Talleres	Taller 5	https://mauricio-romero.com/pdfs/MicroII201819/Taller5.pdf
MicroII	2018-19	Talleres	Solucin	https://mauricio-romero.com/pdfs/MicroII201819/Taller5Sol.pdf
MicroII	2018-19	Talleres	Taller Parcial 2	https://mauricio-romero.com/pdfs/MicroIII201619/TallerParcial2.pdf
MicroII	2018-19	Talleres	Taller 4	https://mauricio-romero.com/pdfs/MicroII201819/Taller4.pdf
MicroII	2018-19	Talleres	Taller 5	https://mauricio-romero.com/pdfs/MicroII201819/Taller5.pdf
MicroII	2018-19	Talleres	Taller 6	https://mauricio-romero.com/pdfs/MicroII201819/Taller6.pdf
MicroII	2018-19	Talleres	Solución	https://mauricio-romero.com/pdfs/MicroII201819/SolucionTaller6.pdf
MicroII	2018-19	Talleres	Taller 7	https://mauricio-romero.com/pdfs/MicroII201819/Taller7.pdf
MicroII	2018-19	Talleres	Solución	https://mauricio-romero.com/pdfs/MicroII201819/SolucionTaller7.pdf
MicroII	2018-19	Talleres	Taller 8	https://mauricio-romero.com/pdfs/MicroII201819/Taller8.pdf
MicroII	2018-19	Quices	Quiz 1	https://mauricio-romero.com/pdfs/MicroII201819/Quiz1.pdf
MicroII	2018-19	Quices	Solución	https://mauricio-romero.com/pdfs/MicroII201819/SolQuiz1.pdf
MicroII	2018-19	Quices	Quiz 2	https://mauricio-romero.com/pdfs/MicroII201819/Quiz2.pdf
MicroII	2018-19	Quices	Quiz 3	https://mauricio-romero.com/pdfs/MicroII201819/Quiz3.pdf
MicroII	2018-19	Quices	Solución	https://mauricio-romero.com/pdfs/MicroII201819/SolQuiz3.pdf
MicroII	2018-19	Quices	Quiz 4	https://mauricio-romero.com/pdfs/MicroII201819/Quiz4.pdf
MicroII	2018-19	Quices	Solución	https://mauricio-romero.com/pdfs/MicroII201819/SolQuiz3.pdf
MicroII	2018-19	Quices	Quiz 1	https://mauricio-romero.com/pdfs/MicroII201819/Quiz1.pdf
MicroII	2018-19	Quices	Solucin	https://mauricio-romero.com/pdfs/MicroII201819/Quiz1Sol.pdf
MicroII	2018-19	Quices	Quiz 2	https://mauricio-romero.com/pdfs/MicroII201819/Quiz2.pdf
MicroII	2018-19	Quices	Solucin	https://mauricio-romero.com/pdfs/MicroII201819/Quiz2Sol.pdf
MicroII	2018-19	Quices	Quiz 3	https://mauricio-romero.com/pdfs/MicroII201819/Quiz3.pdf
MicroII	2018-19	Quices	Solucin	https://mauricio-romero.com/pdfs/MicroII201819/Quiz3Sol.pdf
MicroII	2018-19	Quices	Quiz 4	https://mauricio-romero.com/pdfs/MicroII201819/Quiz4.pdf
MicroII	2018-19	Quices	Solucin	https://mauricio-romero.com/pdfs/MicroII201819/Quiz4Sol.pdf
MicroII	2018-19	Parciales	Parcial 1	https://mauricio-romero.com/pdfs/MicroII201819/Parcial1.pdf
MicroII	2018-19	Parciales	Parcial 2	https://mauricio-romero.com/pdfs/MicroII201819/Parcial2.pdf
MicroII	2018-19	Parciales	Solución	https://mauricio-romero.com/pdfs/MicroII201819/Parcial2Sol.pdf
TeoJuegos	2013-19	Syllabus	Syllabus	https://mauricio-romero.com/pdfs/TeoJuegos201319/SyllabusTeoJuegos201319.pdf
TeoJuegos	2013-19	Notas de Clase	Notas de clase. Versión 15/07/2013	https://mauricio-romero.com/pdfs/TeoJuegos201319/Notas.pdf
TeoJuegos	2013-19	Talleres	Taller 1	https://mauricio-romero.com/pdfs/TeoJuegos201319/Taller1.pdf
TeoJuegos	2013-19	Talleres	Solución	https://mauricio-romero.com/pdfs/TeoJuegos201319/Taller1Sol.pdf
TeoJuegos	2013-19	Talleres	Taller 2	https://mauricio-romero.com/pdfs/TeoJuegos201319/Taller2.pdf
TeoJuegos	2013-19	Talleres	Solución	https://mauricio-romero.com/pdfs/TeoJuegos201319/Taller2Sol.pdf
TeoJuegos	2013-19	Talleres	Taller 3	https://mauricio-romero.com/pdfs/TeoJuegos201319/Taller3.pdf
TeoJuegos	2013-19	Talleres	Solución	https://mauricio-romero.com/pdfs/TeoJuegos201319/Taller3Sol.pdf
TeoJuegos	2013-19	Talleres	Taller 4	https://mauricio-romero.com/pdfs/TeoJuegos201319/Taller4.pdf
TeoJuegos	2013-19	Talleres	Solución	https://mauricio-romero.com/pdfs/TeoJuegos201319/Taller4Sol.pdf
TeoJuegos	2013-19	Talleres	Taller 5	https://mauricio-romero.com/pdfs/TeoJuegos201319/Taller5.pdf
TeoJuegos	2013-19	Talleres	Solución	https://mauricio-romero.com/pdfs/TeoJuegos201319/Taller5Sol.pdf
TeoJuegos	2013-19	Talleres	Taller 6	https://mauricio-romero.com/pdfs/TeoJuegos201319/Taller6.pdf
TeoJuegos	2013-19	Talleres	Solución	https://mauricio-romero.com/pdfs/TeoJuegos201319/Taller6Sol.pdf
TeoJuegos	2013-19	Talleres	Taller 7	https://mauricio-romero.com/pdfs/TeoJuegos201319/Taller7.pdf
TeoJuegos	2013-19	Talleres	Solución	https://mauricio-romero.com/pdfs/TeoJuegos201319/Taller7Sol.pdf
TeoJuegos	2013-19	Talleres	Taller Preparación para el Parcial 1	https://mauricio-romero.com/pdfs/TeoJuegos201319/TallerP.pdf
TeoJuegos	2013-19	Talleres	Taller 8	https://mauricio-romero.com/pdfs/TeoJuegos201319/Taller8.pdf
TeoJuegos	2013-19	Talleres	Solución	https://mauricio-romero.com/pdfs/TeoJuegos201319/Taller8Sol.pdf
TeoJuegos	2013-19	Talleres	Taller 9	https://mauricio-romero.com/pdfs/TeoJuegos201319/Taller9.pdf
TeoJuegos	2013-19	Talleres	Solución correcta.	https://mauricio-romero.com/pdfs/TeoJuegos201319/Taller9Sol.pdf
TeoJuegos	2013-19	Talleres	Taller 10	https://mauricio-romero.com/pdfs/TeoJuegos201319/Taller10.pdf
TeoJuegos	2013-19	Talleres	Solución	https://mauricio-romero.com/pdfs/TeoJuegos201319/Taller10Sol.pdf
TeoJuegos	2013-19	Talleres	Taller 11	https://mauricio-romero.com/pdfs/TeoJuegos201319/Taller11.pdf
TeoJuegos	2013-19	Talleres	Solución	https://mauricio-romero.com/pdfs/TeoJuegos201319/Taller11Sol.pdf
TeoJuegos	2013-19	Talleres	Taller Preparación para el Parcial 2	https://mauricio-romero.com/pdfs/TeoJuegos201319/TallerParcial.pdf
TeoJuegos	2013-19	Parciales	Parcial 1	https://mauricio-romero.com/pdfs/TeoJuegos201319/Parcial1.pdf
TeoJuegos	2013-19	Parciales	Distribución de notas del parcial 1	https://mauricio-romero.com/pdfs/TeoJuegos201319/Parcial1Distr.pdf
TeoJuegos	2013-19	Parciales	Parcial 2	https://mauricio-romero.com/pdfs/TeoJuegos201319/Parcial2b.pdf
TeoJuegos	2013-19	Parciales	Solución al Parcial 2	https://mauricio-romero.com/pdfs/TeoJuegos201319/Parcial2bSol.pdf
TeoJuegos	2013-19	Parciales	Distribución de notas del parcial 2.	https://mauricio-romero.com/pdfs/TeoJuegos201319/Parcial2Distr.pdf
TeoJuegos	2013-19	Parciales	Distribución de notas finales.	https://mauricio-romero.com/pdfs/TeoJuegos201319/NotaFinal.pdf
TeoJuegos	2013-19	Parciales	Distribución de notas de Banner.	https://mauricio-romero.com/pdfs/TeoJuegos201319/DistrBanner.pdf
TeoJuegos	2014-19	Syllabus	Syllabus	https://mauricio-romero.com/pdfs/TeoJuegos201419/SyllabusTeoJuegos201419.pdf
TeoJuegos	2014-19	Notas de Clase	Notas de clase. Versión 04/06/2014	https://mauricio-romero.com/pdfs/TeoJuegos201419/Notas.pdf
TeoJuegos	2014-19	Talleres	Taller 1	https://mauricio-romero.com/pdfs/TeoJuegos201419/Taller1.pdf
TeoJuegos	2014-19	Talleres	Solución	https://mauricio-romero.com/pdfs/TeoJuegos201419/Taller1Sol.pdf
TeoJuegos	2014-19	Talleres	Taller 2	https://mauricio-romero.com/pdfs/TeoJuegos201419/Taller2.pdf
TeoJuegos	2014-19	Talleres	Solución	https://mauricio-romero.com/pdfs/TeoJuegos201419/Taller2Sol.pdf
TeoJuegos	2014-19	Talleres	Taller 3	https://mauricio-romero.com/pdfs/TeoJuegos201419/Taller3.pdf
TeoJuegos	2014-19	Talleres	Solución	https://mauricio-romero.com/pdfs/TeoJuegos201419/Taller3Sol.pdf
TeoJuegos	2014-19	Talleres	Taller 4	https://mauricio-romero.com/pdfs/TeoJuegos201419/Taller4.pdf
TeoJuegos	2014-19	Talleres	Solución	https://mauricio-romero.com/pdfs/TeoJuegos201419/Taller4Sol.pdf
TeoJuegos	2014-19	Talleres	Taller 5	https://mauricio-romero.com/pdfs/TeoJuegos201419/Taller5.pdf
TeoJuegos	2014-19	Talleres	Solución	https://mauricio-romero.com/pdfs/TeoJuegos201419/Taller5Sol.pdf
TeoJuegos	2014-19	Talleres	Taller 6	https://mauricio-romero.com/pdfs/TeoJuegos201419/Taller6.pdf
TeoJuegos	2014-19	Talleres	Solución	https://mauricio-romero.com/pdfs/TeoJuegos201419/Taller6Sol.pdf
TeoJuegos	2014-19	Talleres	Taller 7	https://mauricio-romero.com/pdfs/TeoJuegos201419/Taller7.pdf
TeoJuegos	2014-19	Talleres	Solución	https://mauricio-romero.com/pdfs/TeoJuegos201419/Taller7Sol.pdf
TeoJuegos	2014-19	Talleres	Taller 8	https://mauricio-romero.com/pdfs/TeoJuegos201419/Taller8.pdf
TeoJuegos	2014-19	Talleres	Solución	https://mauricio-romero.com/pdfs/TeoJuegos201419/Taller8Sol.pdf
TeoJuegos	2014-19	Talleres	Taller 9	https://mauricio-romero.com/pdfs/TeoJuegos201419/Taller9.pdf
TeoJuegos	2014-19	Talleres	Solución	https://mauricio-romero.com/pdfs/TeoJuegos201419/Taller9Sol.pdf
TeoJuegos	2014-19	Talleres	Taller 10	https://mauricio-romero.com/pdfs/TeoJuegos201419/Taller10.pdf
TeoJuegos	2014-19	Talleres	Solución	https://mauricio-romero.com/pdfs/TeoJuegos201419/Taller10Sol.pdf
TeoJuegos	2014-19	Quices	Quiz 1	https://mauricio-romero.com/pdfs/TeoJuegos201419/Quiz1.pdf
TeoJuegos	2014-19	Quices	Solución	https://mauricio-romero.com/pdfs/TeoJuegos201419/Quiz1Sol.pdf
TeoJuegos	2014-19	Quices	Quiz 2	https://mauricio-romero.com/pdfs/TeoJuegos201419/Quiz2.pdf
TeoJuegos	2014-19	Quices	Solución	https://mauricio-romero.com/pdfs/TeoJuegos201419/Quiz2Sol.pdf
TeoJuegos	2014-19	Parciales Viejos y otros materiales de estudio	Parcial 1 (2013-19)	https://mauricio-romero.com/pdfs/TeoJuegos201319/Parcial1.pdf
TeoJuegos	2014-19	Parciales Viejos y otros materiales de estudio	Parcial 2 (2013-19)	https://mauricio-romero.com/pdfs/TeoJuegos201319/Parcial2b.pdf
TeoJuegos	2014-19	Parciales Viejos y otros materiales de estudio	Solución al Parcial 2 (2013-19)	https://mauricio-romero.com/pdfs/TeoJuegos201319/Parcial2bSol.pdf
TeoJuegos	2014-19	Parciales	Parcial 1	https://mauricio-romero.com/pdfs/TeoJuegos201419/Parcial1.pdf
TeoJuegos	2014-19	Parciales	Distribución de notas del parcial 1	https://mauricio-romero.com/pdfs/TeoJuegos201419/Parcial1Distr.pdf
TeoJuegos	2014-19	Parciales	Parcial 2	https://mauricio-romero.com/pdfs/TeoJuegos201419/Parcial2.pdf
TeoJuegos	2014-19	Parciales	Solución al Parcial 2	https://mauricio-romero.com/pdfs/TeoJuegos201419/Parcial2Sol.pdf
TeoJuegos	2014-19	Parciales	Distribución de notas del parcial 2	https://mauricio-romero.com/pdfs/TeoJuegos201419/Parcial2Distr.pdf
TeoJuegos	2014-19	Parciales	Distribución de notas de Banner.	https://mauricio-romero.com/pdfs/TeoJuegos201419/DistrBanner.pdf
